tfidf,semantic,skill_coverage,preferred_coverage,jd_has_skills,n_jd_skills,n_matched_skills,n_resume_skills,keyword_coverage,resume_words,jd_words,words_ratio,label
0.042549530630723954,0.35698869824409485,0.5,0.0,1,2,1,1,0.4666666666666667,794,559,1.4203935599284436,0
0.05123087781589314,0.3399442732334137,0.0,0.0,1,2,0,0,0.4666666666666667,863,568,1.5193661971830985,0
0.030812017459878233,0.26960185170173645,0.0,0.0,1,3,0,0,0.06666666666666667,872,438,1.9908675799086757,0
0.027650431936648796,0.2331753522157669,0.0,0.0,0,0,0,1,0.3,684,164,4.170731707317073,0
0.05212461183090297,0.28291791677474976,0.0,0.0,1,6,0,5,0.2,1789,877,2.039908779931585,0
0.04696761133984424,0.34666207432746887,0.0,0.0,1,9,0,1,0.3333333333333333,585,306,1.911764705882353,0
0.014463151174534634,0.343058705329895,0.0,0.0,0,0,0,1,0.0,463,101,4.584158415841584,0
0.026045604161861288,0.2912745475769043,0.0,0.0,1,3,0,1,0.125,295,169,1.7455621301775148,0
0.03463340140971564,0.2814103662967682,0.0,0.0,1,3,0,1,0.4,450,774,0.5813953488372093,0
0.05239227280182234,0.3368600904941559,0.0,0.0,1,1,0,6,0.3333333333333333,705,572,1.2325174825174825,0
0.020545775092549637,0.3032110333442688,0.0,0.0,0,0,0,0,0.0,308,289,1.065743944636678,0
0.053280161246377494,0.4471203684806824,0.5,0.0,1,2,1,4,0.2,638,452,1.4115044247787611,0
0.03536078728288446,0.4149321913719177,0.0,0.0,1,1,0,1,0.2857142857142857,641,121,5.297520661157025,0
0.01864886426901616,0.22208407521247864,0.0,0.0,1,7,0,2,0.0,331,682,0.48533724340175954,0
0.041946755164463397,0.3203533887863159,0.0,0.0,1,1,0,8,0.2,597,572,1.0437062937062938,0
0.04280575023537229,0.32173240184783936,0.0,0.0,0,0,0,7,0.2,440,476,0.9243697478991597,0
0.04418282579631459,0.42263156175613403,0.13333333333333333,0.0,1,15,2,4,0.4,559,380,1.4710526315789474,0
0.018037328904518667,0.31777095794677734,0.0,0.0,1,1,0,0,0.0,478,296,1.614864864864865,0
0.024145319780786715,0.3020727336406708,0.0,0.0,1,1,0,7,0.16666666666666666,1006,136,7.397058823529412,0
0.02354466716529359,0.2713428735733032,1.0,0.0,1,1,1,9,0.0,530,136,3.8970588235294117,0
0.05100243793194206,0.39039742946624756,0.2222222222222222,0.0,1,9,2,16,0.3333333333333333,655,306,2.1405228758169934,0
0.04143969717661791,0.307533323764801,0.0,0.0,1,1,0,7,0.2,440,349,1.2607449856733524,0
0.0507216527785688,0.29635128378868103,1.0,0.0,1,1,1,12,0.13333333333333333,1153,810,1.4234567901234567,0
0.037995141183967664,0.3010031282901764,0.0,0.0,1,13,0,0,0.2,609,780,0.7807692307692308,0
0.06906566069649689,0.3398909866809845,0.6666666666666666,0.0,1,3,2,11,0.35714285714285715,1321,269,4.910780669144981,0
0.023115174804465434,0.30653560161590576,0.0,0.0,0,0,0,2,0.0,843,385,2.18961038961039,0
0.03501921658021305,0.34649455547332764,1.0,0.0,1,1,1,2,0.13333333333333333,245,317,0.7728706624605678,0
0.03264238721250601,0.2780085504055023,0.0,0.0,1,6,0,0,0.2,626,877,0.7137970353477765,0
0.03841221526354887,0.3827926516532898,0.0,0.0,1,4,0,1,0.14285714285714285,458,203,2.2561576354679804,0
0.04294473556006068,0.30885469913482666,0.0,0.0,1,7,0,1,0.3333333333333333,436,1038,0.42003853564547206,0
0.03589025864440143,0.4559122622013092,0.0,0.0,0,0,0,2,0.2,688,121,5.68595041322314,0
0.038242429944278816,0.30654746294021606,1.0,0.0,1,1,1,2,0.26666666666666666,809,370,2.1864864864864866,0
0.04538788040933779,0.46709728240966797,1.0,0.0,1,1,1,1,0.4,766,270,2.837037037037037,0
0.06877682028877012,0.3627796173095703,0.25,0.0,1,4,1,1,0.6,695,599,1.1602671118530885,0
0.028794961260097753,0.47090595960617065,0.0,0.0,1,1,0,1,0.6666666666666666,800,41,19.51219512195122,0
0.043915192880936996,0.3574617803096771,0.0,0.0,1,1,0,2,0.375,758,134,5.656716417910448,0
0.02100497172598014,0.3078710734844208,0.0,0.0,0,0,0,9,0.0,777,170,4.570588235294117,0
0.04597345581912644,0.4236191213130951,0.0,0.0,0,0,0,1,0.3333333333333333,287,277,1.036101083032491,0
0.008984072284694916,0.23533299565315247,0.0,0.0,1,1,0,14,0.0,680,79,8.60759493670886,0
0.036231781154958,0.3276520371437073,0.0,0.0,0,0,0,1,0.2,353,666,0.53003003003003,0
0.038257734358221766,0.3354291617870331,0.0,0.0,1,3,0,1,0.2222222222222222,815,194,4.201030927835052,0
0.023470457293033008,0.3860321044921875,0.25,0.0,1,4,1,2,0.13333333333333333,256,330,0.7757575757575758,0
0.03141047463226773,0.3375324010848999,0.0,0.0,1,3,0,9,0.26666666666666666,609,582,1.0463917525773196,0
0.0176336985751396,0.37542301416397095,0.0,0.0,0,0,0,1,0.2,517,108,4.787037037037037,0
0.06166687583010034,0.3261694014072418,1.0,0.0,1,1,1,9,0.3333333333333333,1000,810,1.2345679012345678,0
0.005646805011387259,0.22267955541610718,0.0,0.0,1,2,0,0,0.0,84,73,1.1506849315068493,0
0.06805135920938558,0.40952134132385254,1.0,0.0,1,2,2,39,0.5333333333333333,2130,452,4.712389380530974,0
0.03878427030437319,0.3327833414077759,0.0,0.0,0,0,0,10,0.2,957,415,2.306024096385542,0
0.04782884863963845,0.28920239210128784,0.0,0.0,0,0,0,5,0.26666666666666666,1789,1038,1.7235067437379576,0
0.054320572630251286,0.3718862533569336,0.0,0.0,1,8,0,0,0.06666666666666667,883,497,1.7766599597585513,0
0.03355738690943379,0.3845868408679962,0.0,0.0,1,1,0,2,0.5,1695,96,17.65625,0
0.037886319922705365,0.30306315422058105,0.0,0.0,1,6,0,3,0.26666666666666666,270,279,0.967741935483871,0
0.049676072115161375,0.37135007977485657,0.0,0.0,1,1,0,3,0.26666666666666666,585,349,1.67621776504298,0
0.04864600116833989,0.3888205885887146,0.3333333333333333,0.0,1,3,1,2,0.3333333333333333,536,582,0.9209621993127147,0
0.03345576326168096,0.3084312677383423,0.0,0.0,1,7,0,1,0.26666666666666666,553,474,1.1666666666666667,0
0.04981232081930231,0.3306574523448944,0.0,0.0,1,9,0,5,0.4666666666666667,760,683,1.1127379209370425,0
0.021233842807984266,0.2162134200334549,0.0,0.0,1,1,0,8,0.06666666666666667,579,330,1.7545454545454546,0
0.033067455540855814,0.2721773386001587,0.0,0.0,1,2,0,17,0.13333333333333333,488,666,0.7327327327327328,0
0.023013470257046746,0.33190539479255676,0.0,0.0,0,0,0,9,0.0,777,132,5.886363636363637,0
0.043916979477069865,0.3434833884239197,0.0,0.0,1,1,0,2,0.2857142857142857,939,121,7.760330578512397,0
0.017628422162078373,0.23193086683750153,0.0,0.0,0,0,0,0,0.0,582,214,2.7196261682242993,0
0.024338646635216236,0.3242958188056946,0.0,0.0,0,0,0,1,0.3333333333333333,578,328,1.7621951219512195,0
0.04732372806876136,0.3657590448856354,0.0,0.0,1,2,0,1,0.3333333333333333,659,476,1.384453781512605,0
0.045779478264737675,0.5109968781471252,0.2,0.0,1,5,1,7,0.5714285714285714,887,165,5.375757575757576,0
0.020355807534088652,0.36363157629966736,0.0,0.0,1,2,0,0,0.25,620,73,8.493150684931507,0
0.024992864301096655,0.31347420811653137,0.0,0.0,1,4,0,1,0.26666666666666666,295,330,0.8939393939393939,0
0.02880282696879299,0.3403779864311218,0.0,0.0,1,15,0,1,0.13333333333333333,553,382,1.4476439790575917,0
0.02062916347433816,0.294868528842926,0.25,0.0,1,4,1,6,0.26666666666666666,392,216,1.8148148148148149,0
0.05948149854577352,0.2858901619911194,0.18181818181818182,0.0,1,11,2,7,0.6,1269,756,1.6785714285714286,0
0.027880203742324135,0.28098246455192566,0.0,0.0,0,0,0,19,0.13333333333333333,542,574,0.9442508710801394,0
0.031580258340260764,0.3697906732559204,0.0,0.0,0,0,0,2,0.125,550,101,5.445544554455446,0
0.0751769011426332,0.4147792160511017,0.0,0.0,1,1,0,7,0.5333333333333333,790,428,1.8457943925233644,0
0.039630493706377765,0.32861971855163574,0.0,0.0,1,1,0,11,0.13333333333333333,663,234,2.8333333333333335,0
0.023962687084907397,0.31931015849113464,1.0,0.0,1,1,1,9,0.125,530,219,2.4200913242009134,0
0.01843886749346906,0.2839013636112213,0.0,0.0,0,0,0,20,0.2,640,164,3.902439024390244,0
0.06802444509995799,0.32721489667892456,1.0,0.0,1,1,1,9,0.4,1000,300,3.3333333333333335,0
0.02452001282733921,0.35472798347473145,1.0,0.0,1,1,1,9,0.06666666666666667,619,273,2.2673992673992673,0
0.02111431443695899,0.35654884576797485,0.0,0.0,0,0,0,1,0.26666666666666666,684,233,2.9356223175965663,0
0.017495922269924226,0.336804062128067,0.2,0.0,1,5,1,5,0.2222222222222222,182,97,1.8762886597938144,0
0.041378819845478594,0.3703656792640686,0.0,0.0,1,1,0,3,0.26666666666666666,776,342,2.2690058479532165,0
0.04490404020497019,0.24513046443462372,0.0,0.0,1,6,0,0,0.13333333333333333,181,555,0.3261261261261261,0
0.048933355310285066,0.2802668809890747,0.0,0.0,1,2,0,0,0.4,1209,650,1.86,0
0.037589983295584405,0.3992677927017212,0.0,0.0,1,1,0,7,0.2,502,308,1.62987012987013,0
0.01991832277473098,0.36533689498901367,0.4,0.0,1,5,2,4,0.2222222222222222,642,97,6.618556701030927,0
0.023234791117994345,0.2603111267089844,0.0,0.0,1,1,0,3,0.06666666666666667,759,291,2.6082474226804124,0
0.019746778451367585,0.280500203371048,0.0,0.0,1,1,0,0,0.0,349,66,5.287878787878788,0
0.02155944009760204,0.4133546054363251,0.0,0.0,1,3,0,1,0.125,695,122,5.69672131147541,0
0.05690961910228675,0.37041378021240234,0.0,0.0,1,5,0,3,0.6,1797,578,3.1089965397923875,0
0.05727239974748415,0.42235857248306274,0.0,0.0,0,0,0,17,0.3333333333333333,464,393,1.1806615776081424,0
0.034485966924841925,0.28902432322502136,0.0,0.0,1,11,0,1,0.13333333333333333,578,351,1.6467236467236468,0
0.040340200953115427,0.3780163824558258,0.0,0.0,1,3,0,1,0.5,1657,169,9.804733727810651,0
0.04710048412541919,0.33457276225090027,0.0,0.0,1,4,0,0,0.4,478,606,0.7887788778877888,0
0.025598071616275298,0.3257533013820648,0.0,0.0,0,0,0,14,0.3333333333333333,816,145,5.627586206896551,0
0.035754476177840895,0.3159309923648834,0.0,0.0,0,0,0,0,0.26666666666666666,794,220,3.609090909090909,0
0.04677808657850822,0.4431520402431488,0.0,0.0,1,2,0,14,0.375,667,147,4.537414965986395,0
0.040452652104515735,0.39784669876098633,0.0,0.0,1,2,0,1,0.4,553,287,1.9268292682926829,0
0.04430047895919179,0.3925255835056305,0.0,0.0,0,0,0,1,0.6666666666666666,1657,220,7.531818181818182,0
0.026012941341213097,0.2341565638780594,0.0,0.0,0,0,0,4,0.2,668,246,2.7154471544715446,0
0.026313870472423617,0.22304695844650269,0.0,0.0,0,0,0,2,0.2,651,409,1.5916870415647921,0
0.02650043468463535,0.2805330157279968,0.0,0.0,0,0,0,1,0.06666666666666667,602,549,1.0965391621129326,0
0.01572067026315702,0.38294821977615356,0.0,0.0,1,8,0,0,0.1,869,143,6.076923076923077,0
0.02101596348370172,0.26411840319633484,0.0,0.0,1,1,0,3,0.2,671,410,1.6365853658536584,0
0.04788597429666889,0.4200536608695984,0.0,0.0,1,2,0,1,0.3333333333333333,743,452,1.6438053097345133,0
0.03123593166660401,0.29564815759658813,0.0,0.0,1,5,0,3,0.2,512,1041,0.4918347742555235,0
0.04307322351976208,0.3687633275985718,0.0,0.0,1,4,0,1,0.13333333333333333,485,602,0.8056478405315615,0
0.009045724458090624,0.40036481618881226,0.0,0.0,1,8,0,0,0.1,575,143,4.020979020979021,0
0.014342139426631678,0.4642850160598755,0.0,0.0,0,0,0,1,0.0,1239,24,51.625,0
0.030077766895244894,0.2206505537033081,0.0,0.0,1,2,0,7,0.2,194,290,0.6689655172413793,0
0.03324843547130833,0.3522482216358185,0.0,0.0,0,0,0,2,0.5,939,94,9.98936170212766,0
0.0,0.3036719262599945,0.0,0.0,1,1,0,0,0.0,591,36,16.416666666666668,0
0.024595234226894448,0.3554876744747162,1.0,0.0,1,1,1,1,0.26666666666666666,1903,336,5.663690476190476,0
0.03215871069213763,0.29140710830688477,0.0,0.0,1,6,0,0,0.2,575,319,1.8025078369905956,0
0.014145816594098892,0.24721820652484894,0.0,0.0,1,6,0,1,0.06666666666666667,171,555,0.3081081081081081,0
0.047190544063205234,0.316927969455719,0.0,0.0,1,5,0,2,0.4,657,395,1.6632911392405063,0
0.022448187985265267,0.3329084813594818,1.0,0.0,1,1,1,2,0.0,619,98,6.316326530612245,0
0.03119098711184811,0.30174520611763,0.0,0.0,1,3,0,0,0.26666666666666666,2208,700,3.1542857142857144,0
0.013850251411391627,0.30287185311317444,0.0,0.0,1,2,0,1,0.0,356,73,4.876712328767123,0
0.024761633128914728,0.36689791083335876,0.0,0.0,1,1,0,4,0.38461538461538464,618,157,3.9363057324840764,0
0.03544556829817307,0.34377381205558777,0.0,0.0,0,0,0,5,1.0,953,102,9.343137254901961,0
0.030142430698321416,0.2758551239967346,0.0,0.0,1,6,0,3,0.3333333333333333,486,319,1.5235109717868338,0
0.020683919227718676,0.37508800625801086,0.0,0.0,1,8,0,0,0.1,2738,143,19.146853146853147,0
0.05317915431182422,0.28392326831817627,0.0,0.0,1,5,0,0,0.3333333333333333,439,395,1.111392405063291,0
0.02460041758887422,0.2866615355014801,0.0,0.0,1,1,0,8,0.0,790,353,2.237960339943343,0
0.036397643956771336,0.3379206359386444,0.0,0.0,1,11,0,1,0.4,701,351,1.997150997150997,0
0.03273093003150873,0.33579131960868835,0.0,0.0,1,1,0,10,0.16666666666666666,957,121,7.909090909090909,0
0.026360248824129084,0.22066554427146912,0.0,0.0,1,1,0,1,0.0,656,521,1.2591170825335893,0
0.028738506224098098,0.33730348944664,0.0,0.0,1,1,0,1,0.46153846153846156,519,157,3.305732484076433,0
0.01688483128821282,0.3073745369911194,0.0,0.0,1,1,0,1,0.0,646,66,9.787878787878787,0
0.03719334414994457,0.3252016007900238,0.5,0.0,1,2,1,10,0.3333333333333333,1096,586,1.870307167235495,0
0.036446288506790145,0.3802163302898407,0.0,0.0,1,1,0,3,0.3333333333333333,759,260,2.919230769230769,0
0.040000442392614716,0.375949889421463,0.3333333333333333,0.0,1,3,1,9,0.3333333333333333,1000,194,5.154639175257732,0
0.06498800971919881,0.41946107149124146,0.3,0.0,1,10,3,17,0.7333333333333333,1626,297,5.474747474747475,0
0.025534852834989366,0.2777365744113922,0.2,0.0,1,10,2,3,0.26666666666666666,367,489,0.7505112474437627,0
0.026714019723043454,0.42329034209251404,0.3333333333333333,0.0,1,3,1,2,0.5,954,81,11.777777777777779,0
0.04978135602454523,0.37358197569847107,0.0,0.0,0,0,0,11,0.26666666666666666,663,277,2.3935018050541514,0
0.02593736532843388,0.2376561164855957,0.0,0.0,0,0,0,17,0.13333333333333333,433,258,1.678294573643411,0
0.03507811123613657,0.4549017548561096,0.0,0.0,1,1,0,17,1.0,464,34,13.647058823529411,0
0.02631027293402962,0.27001717686653137,0.0,0.0,0,0,0,20,0.3333333333333333,640,1038,0.6165703275529865,0
0.03502912558337622,0.35208630561828613,0.0,0.0,1,6,0,1,0.45454545454545453,820,226,3.6283185840707963,0
0.016925538663560585,0.42695915699005127,0.0,0.0,1,7,0,2,0.0,554,139,3.985611510791367,0
0.06422928826412476,0.3394465446472168,0.0,0.0,1,3,0,7,0.3333333333333333,213,1079,0.1974050046339203,0
0.05387812400190931,0.3165643811225891,0.0,0.0,1,3,0,0,0.4666666666666667,3134,774,4.0490956072351425,0
0.0066355015844390295,0.31268370151519775,0.0,0.0,0,0,0,2,0.0,550,64,8.59375,0
0.021914128668866474,0.29753631353378296,0.0,0.0,0,0,0,17,0.5714285714285714,1626,85,19.129411764705882,0
0.012476948887089412,0.3838558793067932,0.0,0.0,1,1,0,2,0.0,649,41,15.829268292682928,0
0.03546383074751081,0.287219375371933,0.0,0.0,1,3,0,3,0.26666666666666666,585,438,1.3356164383561644,0
0.04930469455387944,0.325984925031662,0.0,0.0,1,3,0,1,0.42857142857142855,646,269,2.4014869888475836,0
0.049776307952726036,0.327487587928772,0.25,0.0,1,13,2,9,0.3333333333333333,295,673,0.43833580980683506,0
0.022460416493944278,0.33241644501686096,0.0,0.0,1,1,0,1,0.2857142857142857,680,124,5.483870967741935,0
0.03643140910709926,0.34651392698287964,0.0,0.0,0,0,0,30,0.3333333333333333,2104,376,5.595744680851064,0
0.052313736513878585,0.37628892064094543,0.0,0.0,1,1,0,7,0.3333333333333333,1269,456,2.7828947368421053,0
0.05195929657582815,0.4503927230834961,0.0,0.0,1,1,0,0,0.3333333333333333,787,342,2.301169590643275,0
0.02499445656953751,0.3293020725250244,0.0,0.0,1,1,0,3,0.09090909090909091,882,143,6.1678321678321675,0
0.021854904455157642,0.2663648724555969,0.0,0.0,1,3,0,1,0.3076923076923077,517,226,2.2876106194690267,0
0.025108457280029212,0.22601047158241272,0.0,0.0,1,1,0,15,0.0,743,234,3.175213675213675,0
0.020551088953447275,0.3719756007194519,0.0,0.0,0,0,0,1,0.2,526,108,4.87037037037037,0
0.012571283978449442,0.24140013754367828,0.0,0.0,0,0,0,1,0.0,573,246,2.3292682926829267,0
0.03078639546877658,0.28218209743499756,0.0,0.0,1,6,0,1,0.13333333333333333,558,664,0.8403614457831325,0
0.019852651728548262,0.18682986497879028,0.0,0.0,1,1,0,7,0.13333333333333333,194,301,0.6445182724252492,0
0.016767174962626988,0.33969229459762573,1.0,0.0,1,2,2,13,0.1111111111111111,340,107,3.177570093457944,0
0.020398376007431957,0.2932412326335907,0.0,0.0,1,10,0,1,0.3333333333333333,636,489,1.3006134969325154,0
0.05532174561239067,0.4135822057723999,1.0,0.0,1,1,1,2,0.2,703,370,1.9,0
0.05641881949053545,0.38732481002807617,0.0,0.0,1,8,0,0,0.26666666666666666,1685,468,3.6004273504273505,0
0.03372193793785075,0.37133118510246277,0.0,0.0,0,0,0,4,0.26666666666666666,546,415,1.3156626506024096,0
0.010123720172417009,0.2514277398586273,1.0,0.0,1,1,1,2,0.0,238,269,0.8847583643122676,0
0.07453995324294706,0.3773430585861206,0.6666666666666666,0.0,1,6,4,32,0.7333333333333333,1931,319,6.053291536050157,0
0.02544434950064471,0.16380035877227783,0.0,0.0,0,0,0,17,0.18181818181818182,707,78,9.064102564102564,0
0.05238079978871439,0.33707404136657715,0.0,0.0,0,0,0,13,0.26666666666666666,1032,549,1.8797814207650274,0
0.024846635792253793,0.3520500361919403,0.0,0.0,0,0,0,30,0.3333333333333333,2104,476,4.420168067226891,0
0.04231234488567387,0.30175715684890747,1.0,0.0,1,1,1,2,0.3333333333333333,954,300,3.18,0
0.044072309478500125,0.3353063762187958,0.25,0.0,1,4,1,3,0.4,270,216,1.25,0
0.01595199514690194,0.26138314604759216,0.0,0.0,1,1,0,8,0.13333333333333333,790,204,3.872549019607843,0
0.07104221802015206,0.3455064594745636,0.0,0.0,1,6,0,1,0.5333333333333333,1332,387,3.441860465116279,0
0.054520525394879324,0.37006744742393494,0.0,0.0,0,0,0,5,0.26666666666666666,953,360,2.647222222222222,0
0.06576685322670828,0.3319060802459717,0.0,0.0,1,16,0,0,0.5333333333333333,794,1015,0.7822660098522167,0
0.014287074337677941,0.3081304430961609,0.0,0.0,0,0,0,7,0.14285714285714285,644,85,7.576470588235294,0
0.031054451913647172,0.42762312293052673,0.0,0.0,1,4,0,1,0.3,763,266,2.8684210526315788,0
0.02667354347878275,0.31464773416519165,0.0,0.0,1,7,0,1,0.375,794,139,5.712230215827338,0
0.06201766092807291,0.41905707120895386,1.0,0.0,1,1,1,2,0.3333333333333333,625,575,1.0869565217391304,0
0.02532475525125919,0.2705098092556,0.0,0.0,1,6,0,2,0.13333333333333333,238,636,0.3742138364779874,0
0.02720299942008538,0.2989630699157715,0.0,0.0,0,0,0,2,0.2,238,277,0.8592057761732852,0
0.02562600704603852,0.34243160486221313,1.0,0.0,1,1,1,2,0.26666666666666666,619,269,2.3011152416356877,0
0.022235129242764527,0.3421245515346527,0.0,0.0,1,1,0,0,0.0,489,219,2.232876712328767,0
0.029527641119817163,0.3349618911743164,0.0,0.0,0,0,0,1,0.13333333333333333,287,272,1.0551470588235294,0
0.039555095226013456,0.27598556876182556,0.0,0.0,0,0,0,13,0.06666666666666667,340,289,1.1764705882352942,0
0.02616179373458659,0.2940458655357361,1.0,0.0,1,1,1,8,0.16666666666666666,597,121,4.933884297520661,0
0.03286144008344012,0.32172223925590515,0.0,0.0,1,4,0,0,0.2,361,508,0.7106299212598425,0
0.06645666592239849,0.36654725670814514,0.25,0.0,1,4,1,3,0.4666666666666667,585,599,0.9766277128547579,0
0.04032926922776099,0.3127959072589874,0.0,0.0,0,0,0,10,0.2,1177,300,3.9233333333333333,0
0.04141286962622896,0.32590222358703613,0.0,0.0,1,18,0,0,0.26666666666666666,529,852,0.6208920187793427,0
0.027083598700812755,0.2929164171218872,0.0,0.0,1,6,0,0,0.2727272727272727,565,226,2.5,0
0.040571784179101095,0.25916922092437744,0.2,0.0,1,7,1,1,0.13333333333333333,646,715,0.9034965034965035,0
0.028343162904515107,0.3537524938583374,0.2222222222222222,0.0,1,9,2,13,0.3333333333333333,899,553,1.6256781193490055,0
0.040403591729289805,0.4104762077331543,0.0,0.0,1,3,0,0,0.5,308,81,3.802469135802469,0
0.04014890806909481,0.25814002752304077,0.0,0.0,1,6,0,1,0.26666666666666666,578,877,0.6590649942987458,0
0.03158153022122566,0.32155081629753113,0.0,0.0,1,1,0,1,0.13333333333333333,295,475,0.6210526315789474,0
0.05856703374621997,0.42500168085098267,0.0,0.0,1,2,0,0,0.26666666666666666,426,452,0.9424778761061947,0
0.02148196650231551,0.3301617205142975,0.0,0.0,0,0,0,2,0.2,608,82,7.414634146341464,0
0.029898225392442353,0.3249906599521637,0.0,0.0,1,1,0,7,0.2,440,310,1.4193548387096775,0
0.03780129331874462,0.40059328079223633,0.5,0.0,1,6,3,16,0.09090909090909091,655,226,2.898230088495575,0
0.04800773501437974,0.2910894751548767,0.5,0.0,1,3,1,17,0.4666666666666667,707,1079,0.6552363299351252,0
0.03198672917567172,0.25884005427360535,0.0,0.0,0,0,0,12,0.06666666666666667,1153,274,4.208029197080292,0
0.05140179246422379,0.3017827570438385,0.0,0.0,1,4,0,0,0.06666666666666667,255,599,0.4257095158597663,0
0.02939283611190933,0.33535951375961304,1.0,0.0,1,1,1,1,0.13333333333333333,463,300,1.5433333333333332,0
0.009415353639722547,0.32277920842170715,0.0,0.0,1,6,0,1,0.13333333333333333,530,278,1.9064748201438848,0
0.02386221872698109,0.34208640456199646,0.0,0.0,1,3,0,0,0.21428571428571427,759,269,2.8215613382899627,0
0.02167782877368887,0.29713574051856995,0.0,0.0,0,0,0,4,0.0,810,65,12.461538461538462,0
0.01730543997025885,0.28451642394065857,0.0,0.0,1,18,0,0,0.13333333333333333,568,326,1.7423312883435582,0
0.033756389819247654,0.34151697158813477,1.0,0.0,1,1,1,1,0.26666666666666666,517,308,1.6785714285714286,0
0.025396692035277543,0.328583300113678,0.0,0.0,1,14,0,1,0.13333333333333333,463,611,0.7577741407528642,0
0.02916166055717124,0.33094385266304016,0.0,0.0,1,8,0,1,0.26666666666666666,679,497,1.3661971830985915,0
0.02555862885870659,0.37752869725227356,0.0,0.0,0,0,0,1,0.4,583,108,5.398148148148148,0
0.030323272550193858,0.26809555292129517,0.0,0.0,1,6,0,0,0.3333333333333333,2208,877,2.517673888255416,0
0.042186596034311005,0.4160085618495941,0.0,0.0,0,0,0,3,0.3,630,121,5.206611570247934,0
0.0377001143555819,0.359049528837204,0.0,0.0,0,0,0,9,0.5,530,172,3.0813953488372094,0
0.04031590742343995,0.29704296588897705,0.1,0.0,1,10,1,7,0.13333333333333333,1206,986,1.2231237322515214,0
0.0517283796719313,0.38487306237220764,1.0,0.0,1,1,1,2,0.3333333333333333,448,575,0.7791304347826087,0
0.021430682633372874,0.4137442111968994,0.0,0.0,1,2,0,0,0.14285714285714285,626,158,3.962025316455696,0
0.03819475146234761,0.32152459025382996,0.0,0.0,1,2,0,4,0.5333333333333333,546,290,1.8827586206896552,0
0.03680229178292734,0.3625594973564148,0.0,0.0,0,0,0,0,0.13333333333333333,883,289,3.055363321799308,0
0.03263514055543054,0.3647763729095459,0.0,0.0,1,4,0,1,0.4,700,266,2.6315789473684212,0
0.023304345619022986,0.41883546113967896,0.0,0.0,1,1,0,0,0.25,554,113,4.902654867256637,0
0.040005833173208404,0.2919932007789612,0.0,0.0,0,0,0,4,0.3333333333333333,747,378,1.9761904761904763,0
0.019264126514895827,0.3700579106807709,0.0,0.0,0,0,0,2,0.1,638,121,5.2727272727272725,0
0.033336019405727925,0.3699820339679718,0.0,0.0,0,0,0,1,0.2857142857142857,652,132,4.9393939393939394,0
0.01702058565114583,0.4338347911834717,0.0,0.0,1,1,0,8,1.0,597,34,17.558823529411764,0
0.03364956901115992,0.31225720047950745,0.0,0.0,0,0,0,4,0.26666666666666666,644,246,2.6178861788617884,0
0.021564486840292035,0.41562026739120483,0.0,0.0,1,5,0,0,0.2222222222222222,1591,97,16.4020618556701,0
0.03022480068623038,0.28013816475868225,0.0,0.0,1,1,0,2,0.4,843,127,6.637795275590551,0
0.03874059164143102,0.2996223270893097,0.0,0.0,0,0,0,1,0.2,1211,289,4.190311418685121,0
0.015568006574123081,0.45218414068222046,0.0,0.0,0,0,0,4,0.0,668,24,27.833333333333332,0
0.028169657038127273,0.32260167598724365,1.0,0.0,1,1,1,1,0.13333333333333333,171,526,0.32509505703422054,0
0.03336663405664832,0.339402973651886,1.0,0.0,1,1,1,10,0.2,1096,473,2.317124735729387,0
0.04898517278222119,0.3508068919181824,0.0,0.0,1,5,0,1,0.4666666666666667,571,395,1.4455696202531645,0
0.03710881577248551,0.40226301550865173,1.0,0.0,1,1,1,2,0.26666666666666666,943,270,3.4925925925925925,0
0.036379788115366504,0.4429161548614502,0.0,0.0,0,0,0,0,0.2222222222222222,614,162,3.7901234567901234,0
0.023098080617986592,0.44538429379463196,0.0,0.0,0,0,0,11,1.0,636,29,21.93103448275862,0
0.060888980874303875,0.40055519342422485,0.0,0.0,1,2,0,1,0.6,951,311,3.057877813504823,0
0.037189130911293874,0.3739800453186035,0.0,0.0,1,4,0,10,0.5714285714285714,1449,203,7.137931034482759,0
0.013007411565300012,0.29525962471961975,0.0,0.0,0,0,0,1,0.06666666666666667,381,145,2.627586206896552,0
0.022349499654811065,0.3532921373844147,0.0,0.0,1,1,0,5,0.5,737,34,21.676470588235293,0
0.0248414723425275,0.2686280906200409,0.0,0.0,0,0,0,1,0.06666666666666667,517,214,2.4158878504672896,0
0.04056647555837446,0.32591527700424194,0.0,0.0,0,0,0,7,0.2,1269,289,4.391003460207613,0
0.038726317848798215,0.43073657155036926,1.0,0.0,1,1,1,1,0.26666666666666666,1011,156,6.480769230769231,0
0.03104556506646471,0.3405836522579193,0.0,0.0,1,1,0,1,0.2,356,428,0.8317757009345794,0
0.04651607002728156,0.30986931920051575,0.0,0.0,0,0,0,1,0.4,1431,518,2.7625482625482625,0
0.04926184217001679,0.28802984952926636,0.3333333333333333,0.0,1,3,1,8,0.4,950,438,2.1689497716894977,0
0.03206292516078479,0.3113596737384796,0.0,0.0,0,0,0,2,0.2,527,246,2.1422764227642275,0
0.04034467711848478,0.42933619022369385,0.0,0.0,1,1,0,1,0.26666666666666666,750,185,4.054054054054054,0
0.045602761043991635,0.3384283781051636,0.0,0.0,1,1,0,3,0.2,585,456,1.2828947368421053,0
0.013601197787413748,0.4163675010204315,0.0,0.0,0,0,0,4,0.0,546,46,11.869565217391305,0
0.04090462803244168,0.2741736173629761,1.0,0.0,1,1,1,17,0.5,707,127,5.566929133858268,0
0.04592726724704124,0.44299423694610596,0.0,0.0,1,1,0,8,0.5,875,113,7.743362831858407,0
0.023395694106239203,0.323315292596817,0.0,0.0,0,0,0,1,0.2,729,476,1.531512605042017,0
0.030594545040613094,0.2942335903644562,0.5,0.0,1,2,1,2,0.13333333333333333,282,559,0.5044722719141324,0
0.054849920792485934,0.3197952210903168,0.0,0.0,1,3,0,2,0.13333333333333333,638,774,0.8242894056847545,0
0.03965884652299168,0.3740515112876892,0.0,0.0,1,1,0,0,0.26666666666666666,1006,249,4.040160642570281,0
0.03673819346429939,0.33989495038986206,0.25,0.0,1,4,1,12,0.4,580,478,1.213389121338912,0
0.04434554293730795,0.31530800461769104,0.0,0.0,1,15,0,1,0.4,714,380,1.8789473684210527,0
0.050482719079006845,0.41892966628074646,0.0,0.0,1,1,0,1,0.4666666666666667,739,249,2.967871485943775,0
0.03348268303923733,0.336395263671875,0.0,0.0,1,1,0,12,0.06666666666666667,565,317,1.7823343848580442,0
0.0220974192240666,0.2934323251247406,0.0,0.0,1,3,0,1,0.06666666666666667,643,700,0.9185714285714286,0
0.0388941088434054,0.3485550582408905,1.0,0.0,1,1,1,1,0.13333333333333333,643,330,1.9484848484848485,0
0.04297456559844103,0.3679129183292389,0.0,0.0,1,1,0,13,0.26666666666666666,934,308,3.0324675324675323,0
0.031200645764447008,0.3938950002193451,0.0,0.0,1,15,0,0,0.26666666666666666,536,382,1.4031413612565444,0
0.03771599596389257,0.46730610728263855,0.4,0.0,1,5,2,19,0.4444444444444444,813,97,8.381443298969073,0
0.04930300086429605,0.32588571310043335,0.0,0.0,1,1,0,3,0.26666666666666666,478,728,0.6565934065934066,0
0.03495831246673042,0.4104319214820862,0.0,0.0,0,0,0,4,0.3333333333333333,644,162,3.9753086419753085,0
0.053517874562126,0.34732216596603394,0.0,0.0,1,1,0,7,0.3333333333333333,1006,979,1.0275791624106232,0
0.04726320111383726,0.3432093858718872,0.0,0.0,0,0,0,0,0.5333333333333333,3134,456,6.87280701754386,0
0.04861131216831046,0.2777881920337677,0.0,0.0,1,2,0,2,0.13333333333333333,485,650,0.7461538461538462,0
0.04101708983096822,0.33573031425476074,0.0,0.0,1,15,0,1,0.4,585,382,1.531413612565445,0
0.08521969775311541,0.4154464602470398,0.0,0.0,1,1,0,1,0.5333333333333333,542,810,0.6691358024691358,0
0.04597134598739823,0.31555384397506714,0.0,0.0,1,6,0,1,0.4,730,434,1.6820276497695852,0
0.05650471533393655,0.42541128396987915,0.16666666666666666,0.0,1,12,2,5,0.2,826,532,1.5526315789473684,0
0.020048636447867536,0.24515855312347412,0.0,0.0,1,10,0,1,0.0,356,986,0.36105476673427994,0
0.043681547559754355,0.3671170473098755,0.0,0.0,0,0,0,1,0.3333333333333333,592,379,1.562005277044855,0
0.07114008293307475,0.3435276448726654,0.0,0.0,0,0,0,13,0.7333333333333333,899,1008,0.8918650793650794,0
0.005151012827078793,0.32700181007385254,0.0,0.0,1,8,0,5,0.0,741,193,3.839378238341969,0
0.02989423819207638,0.30359116196632385,1.0,0.0,1,1,1,1,0.5,381,121,3.1487603305785123,0
0.046644871796373485,0.29522714018821716,0.0,0.0,1,2,0,1,0.2,743,666,1.1156156156156156,0
0.03674401321502472,0.3313176929950714,0.5,0.0,1,2,1,5,0.2,608,604,1.0066225165562914,0
0.05305334432755396,0.27328842878341675,0.0,0.0,0,0,0,1,0.26666666666666666,652,1038,0.628131021194605,0
0.043830751578600356,0.4416836202144623,0.0,0.0,0,0,0,10,0.4,957,277,3.454873646209386,0
0.03249321895267008,0.2801213264465332,0.0,0.0,0,0,0,0,0.13333333333333333,794,391,2.030690537084399,0
0.035484459982900486,0.3703173100948334,0.0,0.0,1,1,0,2,0.25,1012,67,15.104477611940299,0
0.007410331976781008,0.45559075474739075,0.0,0.0,0,0,0,1,0.0,463,24,19.291666666666668,0
0.032604825073869505,0.32590773701667786,0.0,0.0,0,0,0,25,0.4666666666666667,615,456,1.3486842105263157,0
0.03781075109555265,0.32101675868034363,0.0,0.0,0,0,0,10,0.13333333333333333,957,552,1.733695652173913,0
0.05730943141433915,0.2852865159511566,0.4,0.5,1,7,3,12,0.26666666666666666,1153,715,1.6125874125874127,0
0.02626885696431544,0.3489866554737091,0.0,0.0,1,2,0,10,0.14285714285714285,1449,158,9.170886075949367,0
0.02505170289246176,0.336178183555603,0.0,0.0,0,0,0,5,0.2,760,64,11.875,0
0.019910027437890807,0.26581430435180664,0.0,0.0,0,0,0,15,0.1,1359,164,8.286585365853659,0
0.044476200562327255,0.40737149119377136,0.0,0.0,1,1,0,5,0.5,542,96,5.645833333333333,0
0.04991176153425776,0.38697147369384766,1.0,0.0,1,1,1,1,0.25,826,219,3.771689497716895,0
0.04641882219297542,0.37541279196739197,0.0,0.0,1,1,0,0,0.06666666666666667,255,342,0.7456140350877193,0
0.02158119377568691,0.34394243359565735,0.0,0.0,1,8,0,1,0.1,1332,143,9.314685314685315,0
0.0371200026511989,0.2857462465763092,1.0,0.0,1,1,1,1,0.26666666666666666,797,301,2.647840531561462,0
0.056105415292160864,0.3485260009765625,0.3333333333333333,0.0,1,3,1,12,0.5333333333333333,1079,810,1.3320987654320988,0
0.039235184375603485,0.3356391191482544,0.0,0.0,0,0,0,1,0.2,703,1008,0.6974206349206349,0
0.046453809436492605,0.2794992923736572,0.0,0.0,0,0,0,0,0.4666666666666667,1006,351,2.866096866096866,0
0.023486452281184796,0.2745435833930969,0.0,0.0,0,0,0,5,0.15384615384615385,388,158,2.4556962025316458,0
0.05268941141222507,0.37642258405685425,0.0,0.0,0,0,0,7,0.3333333333333333,1206,666,1.8108108108108107,0
0.03938633978812106,0.36727455258369446,0.0,0.0,0,0,0,1,0.0,565,102,5.53921568627451,0
0.014532724912723725,0.3184104859828949,0.0,0.0,1,3,0,2,0.375,633,122,5.188524590163935,0
0.021644178025820714,0.3562200963497162,0.0,0.0,0,0,0,12,0.38461538461538464,1079,158,6.829113924050633,0
0.04380575250206986,0.33742088079452515,0.0,0.0,0,0,0,0,0.3333333333333333,683,1008,0.6775793650793651,0
0.030576479446581775,0.3810226321220398,1.0,0.0,1,1,1,7,0.13333333333333333,1006,395,2.5468354430379745,0
0.03727191638780134,0.5174823999404907,0.4,0.0,1,5,2,8,0.2857142857142857,827,165,5.012121212121212,0
0.03546558715108763,0.284938246011734,0.0,0.0,1,2,0,0,0.2,476,666,0.7147147147147147,0
0.013739992806565994,0.323290079832077,0.0,0.0,0,0,0,1,0.0,338,84,4.023809523809524,0
0.043999123578038334,0.3576717972755432,0.0,0.0,0,0,0,4,0.13333333333333333,644,289,2.2283737024221453,0
0.01611060239703422,0.2919958829879761,0.0,0.0,1,3,0,9,0.07142857142857142,295,269,1.096654275092937,0
0.042141670972665475,0.2852662205696106,0.0,0.0,1,1,0,10,0.3333333333333333,583,330,1.7666666666666666,0
0.01539872830672883,0.3501864969730377,0.0,0.0,0,0,0,1,0.1,634,121,5.239669421487603,0
0.03021527191452086,0.30027851462364197,0.5,0.0,1,2,1,1,0.25,429,147,2.9183673469387754,0
0.04443271408066822,0.3120037615299225,0.5,0.0,1,2,1,2,0.26666666666666666,735,586,1.2542662116040955,0
0.02796278831122296,0.2520531117916107,0.0,0.0,0,0,0,0,0.2,332,518,0.640926640926641,0
0.024359255919848624,0.35379868745803833,0.0,0.0,1,2,0,0,0.1111111111111111,426,107,3.9813084112149535,0
0.039451213144479594,0.33763283491134644,0.0,0.0,1,5,0,4,0.26666666666666666,638,492,1.2967479674796747,0
0.019995340924934896,0.2295820713043213,0.0,0.0,1,1,0,3,0.0,276,151,1.8278145695364238,0
0.04271256842940718,0.31792426109313965,0.0,0.0,1,6,0,2,0.3333333333333333,1188,279,4.258064516129032,0
0.04721520961483334,0.4317610263824463,0.5,0.0,1,2,1,1,0.625,526,147,3.578231292517007,0
0.04758830492949912,0.2794521450996399,0.0,0.0,0,0,0,13,0.2,1032,1038,0.9942196531791907,0
0.05763795446196689,0.37651944160461426,0.0,0.0,1,1,0,2,0.3333333333333333,605,330,1.8333333333333333,0
0.015220532817856581,0.19808542728424072,0.0,0.0,0,0,0,14,0.06666666666666667,680,274,2.4817518248175183,0
0.03122001988609842,0.3507046699523926,0.0,0.0,1,1,0,0,0.4,542,475,1.1410526315789473,0
0.042736091301702264,0.3564872145652771,0.0,0.0,0,0,0,1,0.2,565,552,1.0235507246376812,0
0.0164683775511443,0.3762667775154114,0.0,0.0,0,0,0,3,0.3333333333333333,671,145,4.627586206896551,0
0.021489945230558805,0.359109103679657,0.0,0.0,1,1,0,1,0.0,641,36,17.805555555555557,0
0.04311420102805901,0.35788893699645996,0.0,0.0,0,0,0,4,0.3333333333333333,810,289,2.8027681660899653,0
0.0316277009358515,0.2634318768978119,0.0,0.0,1,6,0,0,0.0,515,440,1.1704545454545454,0
0.03268433668877017,0.3594094216823578,0.5,0.0,1,4,2,2,0.26666666666666666,638,330,1.9333333333333333,0
0.024985158043848488,0.5451188087463379,0.0,0.0,0,0,0,10,0.0,828,24,34.5,0
0.030865564908218904,0.3255482316017151,0.0,0.0,1,1,0,10,0.26666666666666666,1108,745,1.487248322147651,0
0.045208516629857934,0.37018531560897827,0.0,0.0,1,14,0,0,0.2,578,520,1.1115384615384616,0
0.010675783019057975,0.30882635712623596,0.0,0.0,1,1,0,25,0.15384615384615385,615,157,3.917197452229299,0
0.033866543491805685,0.3673313856124878,0.0,0.0,1,1,0,1,0.4,741,395,1.8759493670886076,0
0.027563628127350567,0.3363441228866577,0.0,0.0,1,1,0,0,0.1111111111111111,870,125,6.96,0
0.055000057438474366,0.3766910433769226,1.0,0.0,1,3,3,13,0.2857142857142857,902,269,3.353159851301115,0
0.043761980647724325,0.2435876578092575,0.0,0.0,0,0,0,12,0.2,580,391,1.4833759590792839,0
0.024457125172680096,0.30582526326179504,0.0,0.0,1,2,0,3,0.3333333333333333,815,183,4.453551912568306,0
0.044051250340048156,0.3517949879169464,1.0,0.0,1,1,1,1,0.13333333333333333,680,301,2.259136212624585,0
0.017392003689193396,0.21786193549633026,0.0,0.0,0,0,0,2,0.26666666666666666,954,274,3.4817518248175183,0
0.025240195336458205,0.36197829246520996,0.0,0.0,0,0,0,2,0.06666666666666667,939,313,3.0,0
0.041485703013169,0.42827510833740234,0.0,0.0,0,0,0,0,0.46153846153846156,590,158,3.7341772151898733,0
0.03972484569792875,0.3870391845703125,0.0,0.0,1,4,0,3,0.42857142857142855,584,203,2.876847290640394,0
0.052721150446044446,0.41269561648368835,0.5,0.0,1,4,2,13,0.4,2230,330,6.757575757575758,0
0.02341827094802636,0.2654106914997101,0.0,0.0,0,0,0,0,0.13333333333333333,469,263,1.7832699619771863,0
0.043839309240962424,0.33426177501678467,0.0,0.0,1,7,0,1,0.13333333333333333,558,474,1.1772151898734178,0
0.026189713844517157,0.3300032615661621,0.0,0.0,1,8,0,1,0.13333333333333333,820,488,1.680327868852459,0
0.011944968402856505,0.25294214487075806,0.0,0.0,0,0,0,4,0.0,786,65,12.092307692307692,0
0.03148374008241431,0.3302430510520935,0.0,0.0,0,0,0,1,0.07692307692307693,521,248,2.100806451612903,0
0.042648447630629714,0.3791438937187195,0.0,0.0,1,1,0,0,0.2,614,438,1.4018264840182648,0
0.03242594840799028,0.4013978838920593,0.0,0.0,0,0,0,2,0.3333333333333333,1350,162,8.333333333333334,0
0.016236496079888953,0.3044874370098114,1.0,0.0,1,1,1,6,0.25,392,67,5.850746268656716,0
0.02493248619979813,0.3377092778682709,0.0,0.0,0,0,0,0,0.0,870,46,18.91304347826087,0
0.027590841460930767,0.2942540645599365,0.0,0.0,0,0,0,5,0.13333333333333333,614,360,1.7055555555555555,0
0.03497496000510931,0.2963719666004181,0.0,0.0,0,0,0,1,0.3333333333333333,680,518,1.3127413127413128,0
0.054812083647854636,0.28697532415390015,0.0,0.0,1,1,0,10,0.3333333333333333,1305,979,1.3329928498467825,0
0.04369642237729802,0.31371673941612244,0.0,0.0,1,1,0,1,0.6666666666666666,585,41,14.268292682926829,0
0.025236894440948614,0.24767129123210907,0.0,0.0,1,2,0,2,0.2,574,512,1.12109375,0
0.03382623549203379,0.3639173209667206,0.0,0.0,1,1,0,0,0.38461538461538464,1685,157,10.73248407643312,0
0.053225031402275885,0.33984676003456116,0.0,0.0,1,8,0,0,0.4666666666666667,639,661,0.9667170953101362,0
0.012279902568201077,0.29609256982803345,0.0,0.0,0,0,0,0,0.0,678,65,10.430769230769231,0
0.02537132360565643,0.33186087012290955,0.5,0.0,1,2,1,11,0.2,837,311,2.6913183279742765,0
0.050889026673421406,0.4307694733142853,0.0,0.0,1,6,0,3,0.5333333333333333,1474,319,4.620689655172414,0
0.008802466192314673,0.3007514774799347,0.0,0.0,0,0,0,1,0.0,684,46,14.869565217391305,0
0.03450517316885938,0.24643081426620483,0.0,0.0,0,0,0,2,0.4,657,102,6.4411764705882355,0
0.03601468192426883,0.32186052203178406,1.0,0.0,1,2,2,8,0.13333333333333333,597,666,0.8963963963963963,0
0.021159072477323796,0.29455021023750305,0.0,0.0,1,1,0,2,0.13333333333333333,277,291,0.9518900343642611,0
0.019276615051508884,0.2948993742465973,1.0,0.0,1,1,1,5,0.0,488,66,7.393939393939394,0
0.018799940084902426,0.4187426269054413,0.0,0.0,0,0,0,0,0.125,614,84,7.309523809523809,0
0.04552057846400931,0.37303227186203003,0.0,0.0,1,4,0,0,0.26666666666666666,460,599,0.7679465776293823,0
0.053597525787006606,0.37243160605430603,0.0,0.0,1,2,0,0,0.45454545454545453,1209,171,7.0701754385964914,0
0.047113509109709656,0.2909071445465088,0.0,0.0,1,16,0,0,0.4,548,1015,0.5399014778325123,0
0.031357843197960415,0.43429702520370483,1.0,0.0,1,1,1,1,0.4,636,431,1.4756380510440836,0
0.06439106385247906,0.46912726759910583,1.0,0.0,1,1,1,11,0.6,1144,270,4.237037037037037,0
0.016762449558572357,0.3498690128326416,0.0,0.0,1,1,0,3,0.5,630,66,9.545454545454545,0
0.025380099221717724,0.23418326675891876,0.0,0.0,1,1,0,3,0.2,882,572,1.5419580419580419,0
0.05240167169626187,0.4220515489578247,0.0,0.0,0,0,0,4,0.4666666666666667,918,376,2.4414893617021276,0
0.05429264981032776,0.4375213086605072,0.5,0.0,1,2,1,2,0.5,245,147,1.6666666666666667,0
0.04817328522761223,0.29539382457733154,0.0,0.0,0,0,0,4,0.3333333333333333,666,1008,0.6607142857142857,0
0.025922960848795654,0.27984556555747986,0.0,0.0,0,0,0,1,0.0,641,102,6.284313725490196,0
0.05897559107472684,0.4532049298286438,0.4,0.0,1,5,2,13,0.6666666666666666,2230,104,21.442307692307693,0
0.04500844574348109,0.2989175319671631,0.0,0.0,1,2,0,1,0.26666666666666666,583,650,0.8969230769230769,0
0.03907776180410161,0.37608644366264343,0.0,0.0,1,1,0,2,0.26666666666666666,576,185,3.1135135135135137,0
0.03670175781605822,0.28362879157066345,0.0,0.0,1,1,0,18,0.26666666666666666,604,308,1.9610389610389611,0
0.04761512986356092,0.3497125506401062,0.0,0.0,1,6,0,0,0.26666666666666666,278,319,0.8714733542319749,0
0.04394581845408378,0.35626307129859924,0.0,0.0,0,0,0,11,0.75,663,91,7.285714285714286,0
0.028435738423951154,0.3224521279335022,0.0,0.0,0,0,0,2,0.13333333333333333,698,456,1.530701754385965,0
0.02816069378787422,0.28442955017089844,0.0,0.0,0,0,0,12,0.26666666666666666,713,376,1.8962765957446808,0
0.024944237561550682,0.36015912890434265,0.0,0.0,1,2,0,0,0.06666666666666667,360,559,0.6440071556350626,0
0.05881588967233009,0.35722050070762634,0.07692307692307693,0.0,1,13,1,4,0.5333333333333333,702,415,1.691566265060241,0
0.0374437014924179,0.39371535181999207,0.0,0.0,1,1,0,0,0.3333333333333333,1591,156,10.198717948717949,0
0.06570464021354697,0.4335476756095886,0.0,0.0,0,0,0,0,0.4,781,486,1.6069958847736625,0
0.038059633297971344,0.3917049169540405,0.0,0.0,1,12,0,0,0.14285714285714285,1502,312,4.814102564102564,0
0.01959628789429887,0.2687133252620697,0.0,0.0,1,4,0,1,0.2,574,317,1.8107255520504733,0
0.0199425008879588,0.34801870584487915,0.0,0.0,0,0,0,2,0.23076923076923078,939,248,3.786290322580645,0
0.02548654428901139,0.3224879503250122,1.0,0.0,1,1,1,1,0.1,701,151,4.642384105960265,0
0.030007969908681285,0.26722490787506104,0.0,0.0,1,3,0,2,0.13333333333333333,633,774,0.8178294573643411,0
0.0593243698154463,0.34082961082458496,0.0,0.0,0,0,0,1,0.2,652,351,1.8575498575498575,0
0.03377827104387912,0.3862425982952118,0.0,0.0,0,0,0,3,0.0,367,102,3.5980392156862746,0
0.02656236436582689,0.32496076822280884,0.0,0.0,1,1,0,4,0.3333333333333333,546,297,1.8383838383838385,0
0.028650845907428203,0.212019145488739,0.0,0.0,0,0,0,8,0.13333333333333333,579,353,1.6402266288951841,0
0.009415794268925687,0.39001694321632385,0.0,0.0,1,2,0,3,0.0,686,34,20.176470588235293,0
0.04488251866932615,0.36800387501716614,0.0,0.0,1,13,0,6,0.3333333333333333,434,415,1.0457831325301206,0
0.03756276117917963,0.3094087243080139,0.0,0.0,1,3,0,1,0.2,177,333,0.5315315315315315,0
0.038363780135182476,0.35181358456611633,1.0,0.0,1,1,1,3,0.13333333333333333,613,229,2.6768558951965065,0
0.02658500406735535,0.282062292098999,1.0,0.0,1,1,1,2,0.25,939,98,9.581632653061224,0
0.03666359273268674,0.2946944534778595,0.0,0.0,1,8,0,3,0.13333333333333333,565,488,1.1577868852459017,0
0.014958457398753826,0.29200121760368347,0.0,0.0,1,1,0,20,0.25,619,98,6.316326530612245,0
0.05793705897717026,0.36260688304901123,0.5,0.0,1,2,1,2,0.4,1064,568,1.8732394366197183,0
0.045349624718276235,0.39214909076690674,0.1,0.0,1,10,1,4,0.3333333333333333,702,717,0.9790794979079498,0
0.035745203617445584,0.3252076208591461,0.0,0.0,1,8,0,0,0.4666666666666667,521,316,1.6487341772151898,0
0.02355053717319505,0.32111823558807373,0.0,0.0,0,0,0,7,0.13333333333333333,683,328,2.082317073170732,0
0.01531488804262377,0.35700854659080505,0.0,0.0,1,6,0,1,0.13333333333333333,726,278,2.6115107913669067,0
0.03538268048056588,0.335066556930542,0.0,0.0,1,19,0,2,0.26666666666666666,238,382,0.6230366492146597,0
0.03170850774107513,0.309280663728714,0.0,0.0,1,8,0,0,0.2,553,317,1.7444794952681388,0
0.030404290307115514,0.30458760261535645,0.0,0.0,0,0,0,13,0.26666666666666666,545,231,2.3593073593073592,0
0.0524714302659216,0.3289302885532379,0.0,0.0,0,0,0,18,0.4,535,393,1.361323155216285,0
0.038545780704721484,0.3601345121860504,0.0,0.0,0,0,0,0,0.13333333333333333,543,385,1.4103896103896103,0
0.019404679367352445,0.3335745930671692,0.0,0.0,1,8,0,5,0.1,608,193,3.150259067357513,0
0.03686389147405836,0.33511316776275635,0.0,0.0,0,0,0,0,0.13333333333333333,308,349,0.8825214899713467,0
0.021636801340883555,0.3340117633342743,1.0,0.0,1,1,1,4,0.2,282,151,1.8675496688741722,0
0.025150122254562396,0.263770192861557,0.5,0.0,1,2,1,2,0.14285714285714285,939,247,3.8016194331983804,0
0.045528960186351754,0.3761599659919739,0.0,0.0,0,0,0,4,0.2,1401,353,3.9688385269121813,0
0.03869688545755609,0.38743096590042114,0.0,0.0,1,2,0,1,0.4166666666666667,695,183,3.797814207650273,0
0.04515945765355959,0.3154047131538391,0.0,0.0,0,0,0,2,0.3333333333333333,939,940,0.9989361702127659,0
0.02986381118952265,0.3126998245716095,0.0,0.0,1,4,0,1,0.26666666666666666,517,478,1.0815899581589958,0
0.027936090899749355,0.34385421872138977,0.5,0.0,1,2,1,14,0.3333333333333333,667,107,6.233644859813084,0
0.020344351835368802,0.34624195098876953,0.0,0.0,1,1,0,0,0.14285714285714285,589,124,4.75,0
0.06230469834222589,0.40021437406539917,0.125,0.0,1,8,1,3,0.6666666666666666,1474,661,2.2299546142208775,0
0.02281822491147706,0.2836948037147522,0.0,0.0,1,13,0,1,0.13333333333333333,243,780,0.31153846153846154,0
0.03225560308082296,0.3880080580711365,0.0,0.0,1,2,0,7,0.375,808,147,5.496598639455782,0
0.04716926343338994,0.4487640857696533,1.0,0.0,1,1,1,21,0.45454545454545453,1684,143,11.776223776223777,0
0.019974756245699284,0.2682456076145172,0.0,0.0,1,6,0,0,0.13333333333333333,84,238,0.35294117647058826,0
0.02880894873583379,0.2971959710121155,0.0,0.0,1,1,0,15,0.3333333333333333,1104,79,13.974683544303797,0
0.032048842697890156,0.24912071228027344,0.0,0.0,1,6,0,2,0.2,954,664,1.4367469879518073,0
0.014627810475496095,0.348604291677475,0.0,0.0,0,0,0,1,0.0,775,51,15.196078431372548,0
0.04698961441628321,0.42497435212135315,0.0,0.0,1,1,0,17,0.3333333333333333,488,270,1.8074074074074074,0
0.07324030088687018,0.3133378326892853,0.0,0.0,0,0,0,1,0.4666666666666667,1332,1008,1.3214285714285714,0
0.030510145960608585,0.2728835344314575,0.0,0.0,1,2,0,3,0.06666666666666667,465,576,0.8072916666666666,0
0.024394282968018773,0.3405941426753998,0.0,0.0,0,0,0,1,0.0,295,46,6.413043478260869,0
0.055389936904757055,0.40959829092025757,0.0,0.0,0,0,0,1,0.4666666666666667,1068,503,2.1232604373757455,0
0.0352066314285053,0.24393980205059052,0.0,0.0,1,6,0,1,0.26666666666666666,517,546,0.9468864468864469,0
0.0651812364340835,0.4511560797691345,0.5,0.0,1,2,1,5,0.5333333333333333,2112,452,4.672566371681416,0
0.009005227878590228,0.3331877291202545,0.0,0.0,1,8,0,1,0.0,521,143,3.6433566433566433,0
0.05908076393466751,0.3243173360824585,1.0,0.0,1,1,1,9,0.4,1018,728,1.3983516483516483,0
0.0,0.3567343056201935,0.0,0.0,1,1,0,3,0.0,424,36,11.777777777777779,0
0.02679698165396764,0.2980280816555023,0.0,0.0,0,0,0,0,0.2,678,391,1.7340153452685423,0
0.04150277666699518,0.3679729104042053,0.0,0.0,0,0,0,0,0.4,476,393,1.2111959287531806,0
0.013454825156697095,0.2767825126647949,0.0,0.0,0,0,0,20,0.14285714285714285,619,85,7.2823529411764705,0
0.03708173017869417,0.4033459424972534,0.0,0.0,0,0,0,0,0.4666666666666667,650,465,1.3978494623655915,0
0.03657401844214605,0.3526288568973541,0.0,0.0,1,8,0,5,0.3333333333333333,488,316,1.5443037974683544,0
0.03229628833880038,0.3033621609210968,1.0,0.0,1,1,1,9,0.3333333333333333,487,330,1.4757575757575758,0
0.019500916080042407,0.283475786447525,0.0,0.0,1,1,0,3,0.23076923076923078,759,157,4.834394904458598,0
0.0545710835027929,0.37816277146339417,0.0,0.0,0,0,0,6,0.3333333333333333,434,452,0.9601769911504425,0
0.015243391326042072,0.24688200652599335,0.0,0.0,1,1,0,5,0.0,182,577,0.31542461005199307,0
0.020488720351479514,0.3011423349380493,0.0,0.0,0,0,0,4,0.3333333333333333,546,349,1.5644699140401146,0
0.03676051546101002,0.35438278317451477,0.0,0.0,1,5,0,0,0.5,476,104,4.576923076923077,0
0.018156794864522263,0.4442564845085144,0.0,0.0,0,0,0,1,0.2,929,32,29.03125,0
0.040173893540053,0.39052900671958923,0.0,0.0,1,15,0,1,0.2,287,380,0.7552631578947369,0
0.045735839947208146,0.3358254134654999,0.0,0.0,1,1,0,4,0.3333333333333333,810,575,1.4086956521739131,0
0.038516328504522135,0.4171830713748932,0.0,0.0,1,14,0,1,0.26666666666666666,553,520,1.0634615384615385,0
0.015997115256630175,0.34203773736953735,0.0,0.0,1,8,0,1,0.1,330,193,1.7098445595854923,0
0.03140286319952889,0.2735057771205902,0.0,0.0,0,0,0,14,0.26666666666666666,838,456,1.837719298245614,0
0.02441244874495669,0.31258541345596313,0.0,0.0,1,1,0,0,0.13333333333333333,596,291,2.0481099656357387,0
0.04467953380178404,0.3353961706161499,0.0,0.0,1,6,0,2,0.4666666666666667,1058,434,2.4377880184331797,0
0.04687746053240275,0.36626559495925903,0.0,0.0,0,0,0,1,0.3333333333333333,1431,360,3.975,0
0.017107728723972458,0.27466076612472534,0.0,0.0,0,0,0,9,0.2,295,313,0.9424920127795527,0
0.04879667122121445,0.30177628993988037,0.2,0.0,1,5,1,15,0.26666666666666666,722,346,2.086705202312139,0
0.013089887646987614,0.38702869415283203,0.0,0.0,0,0,0,1,0.0,489,110,4.445454545454545,0
0.03035343761350302,0.334482342004776,0.0,0.0,1,3,0,1,0.26666666666666666,356,700,0.5085714285714286,0
0.05624265670661387,0.29105669260025024,0.2777777777777778,0.0,1,18,5,13,0.3333333333333333,899,852,1.0551643192488263,0
0.0378290527064231,0.3410033583641052,1.0,0.0,1,1,1,4,0.3333333333333333,668,349,1.9140401146131805,0
0.03959438435342268,0.3630727231502533,0.0,0.0,1,1,0,0,0.13333333333333333,332,428,0.7757009345794392,0
0.014430357911648699,0.34487301111221313,0.0,0.0,0,0,0,0,0.2,665,108,6.157407407407407,0
0.030599006449401014,0.28010380268096924,0.0,0.0,0,0,0,8,0.13333333333333333,597,214,2.789719626168224,0
0.047086744173710234,0.4748682677745819,0.16666666666666666,0.0,1,6,1,11,0.3333333333333333,1144,278,4.115107913669065,0
0.027765453141108724,0.34824836254119873,0.0,0.0,1,1,0,0,0.2,639,156,4.096153846153846,0
0.027836438855041404,0.32484957575798035,0.0,0.0,0,0,0,20,0.45454545454545453,619,174,3.557471264367816,0
0.05295334278748144,0.4116501808166504,0.0,0.0,0,0,0,1,0.6,1640,376,4.361702127659575,0
0.04950188507400963,0.36634114384651184,0.0,0.0,1,1,0,10,0.4666666666666667,1449,475,3.0505263157894738,0
0.0474022312571398,0.3622700870037079,0.0,0.0,1,12,0,6,0.26666666666666666,392,532,0.7368421052631579,0
0.03976453911865611,0.31838518381118774,0.3333333333333333,0.0,1,3,1,2,0.26666666666666666,843,810,1.0407407407407407,0
0.019943582492084146,0.2814015746116638,0.0,0.0,1,5,0,8,0.4444444444444444,579,97,5.969072164948454,0
0.05311352187682363,0.32122424244880676,0.0,0.0,0,0,0,13,0.4666666666666667,504,456,1.105263157894737,0
0.008500428462640135,0.3316979706287384,0.0,0.0,1,5,0,1,0.2222222222222222,680,97,7.010309278350515,0
0.04997621705120764,0.3026462197303772,0.0,0.0,1,4,0,9,0.4,816,602,1.3554817275747508,0
0.010675094688158453,0.29433149099349976,0.0,0.0,1,2,0,17,0.07142857142857142,324,247,1.311740890688259,0
0.03524102696284988,0.3806501030921936,0.0,0.0,0,0,0,3,0.2727272727272727,808,174,4.64367816091954,0
0.019234939012680728,0.42981985211372375,0.0,0.0,0,0,0,5,0.2857142857142857,826,85,9.717647058823529,0
0.04328021193674668,0.40096327662467957,0.0,0.0,0,0,0,2,0.2,1188,415,2.8626506024096385,0
0.04897750497091198,0.31430646777153015,0.0,0.0,1,2,0,1,0.06666666666666667,729,512,1.423828125,0
0.023965239728263966,0.2823488712310791,0.0,0.0,1,1,0,3,0.06666666666666667,882,456,1.9342105263157894,0
0.04055864872861832,0.32152414321899414,0.0,0.0,0,0,0,0,0.6,571,102,5.598039215686274,0
0.04030471651065134,0.3109654188156128,0.0,0.0,1,1,0,0,0.26666666666666666,639,342,1.868421052631579,0
0.04075675402282935,0.35013413429260254,0.0,0.0,1,4,0,0,0.14285714285714285,644,203,3.1724137931034484,0
0.02855014791544138,0.3446415662765503,0.0,0.0,1,1,0,2,0.2,649,438,1.4817351598173516,0
0.05194149362092004,0.382275253534317,0.0,0.0,1,15,0,1,0.4,684,382,1.7905759162303665,0
0.04441343113829174,0.39655858278274536,0.0,0.0,1,19,0,0,0.3333333333333333,578,382,1.513089005235602,0
0.04242374592635037,0.3204103112220764,0.5,0.0,1,2,1,10,0.4,1449,586,2.4726962457337884,0
0.018492234972597832,0.307169646024704,0.0,0.0,0,0,0,0,0.06666666666666667,543,246,2.207317073170732,0
0.043034381628006324,0.33266913890838623,1.0,0.0,1,1,1,2,0.26666666666666666,1188,438,2.712328767123288,0
0.03097556823880824,0.26660969853401184,0.0,0.0,1,9,0,1,0.2,642,683,0.9399707174231332,0
0.030014759724978475,0.3560810089111328,0.0,0.0,1,1,0,2,0.14285714285714285,943,152,6.203947368421052,0
0.05266189700592944,0.30396804213523865,1.0,0.0,1,1,1,4,0.2,644,521,1.2360844529750479,0
0.032405055970352904,0.21972699463367462,0.0,0.0,1,1,0,11,0.5,837,127,6.590551181102362,0
0.04563019748607186,0.4125869870185852,0.5,0.0,1,2,1,7,0.26666666666666666,887,235,3.774468085106383,0
0.03137172946159422,0.2316572517156601,0.0,0.0,1,4,0,3,0.2,464,606,0.7656765676567657,0
0.041825174963135495,0.37742751836776733,0.0,0.0,0,0,0,21,0.4166666666666667,990,196,5.051020408163265,0
0.04295124421862004,0.26003825664520264,0.0,0.0,1,8,0,0,0.3333333333333333,512,754,0.6790450928381963,0
0.02940497729742911,0.2648217976093292,0.0,0.0,1,1,0,4,0.2,608,229,2.6550218340611353,0
0.017578998212469103,0.25947514176368713,0.0,0.0,0,0,0,2,0.3,1012,164,6.170731707317073,0
0.03315148363430358,0.28834620118141174,0.0,0.0,1,6,0,1,0.26666666666666666,545,279,1.9534050179211468,0
0.026162636342019104,0.3638235032558441,0.0,0.0,1,2,0,0,0.18181818181818182,360,171,2.1052631578947367,0
0.026885823620753473,0.3808046281337738,0.0,0.0,1,2,0,1,0.3333333333333333,641,311,2.0610932475884245,0
0.04379874055698516,0.33112800121307373,0.0,0.0,1,2,0,11,0.26666666666666666,636,576,1.1041666666666667,0
0.027128578964006323,0.2678898572921753,0.0,0.0,1,1,0,1,0.0,501,216,2.3194444444444446,0
0.0684627847057244,0.3664209842681885,0.16666666666666666,0.0,1,6,1,10,0.5333333333333333,957,440,2.175,0
0.027711642546524178,0.2589936852455139,0.0,0.0,1,6,0,1,0.26666666666666666,465,664,0.7003012048192772,0
0.04976551391792882,0.3069729506969452,0.0,0.0,1,1,0,1,0.4,815,300,2.716666666666667,0
0.01969751036484517,0.31062108278274536,0.0,0.0,0,0,0,1,0.13333333333333333,171,385,0.44415584415584414,0
0.039350118526008324,0.3449881374835968,0.0,0.0,1,8,0,1,0.2,553,468,1.1816239316239316,0
0.011137928702397555,0.2627166509628296,0.0,0.0,1,1,0,9,0.0,295,216,1.3657407407407407,0
0.040374720323526826,0.2626720368862152,0.0,0.2,1,7,1,5,0.13333333333333333,570,682,0.8357771260997068,0
0.025520449946780543,0.34176135063171387,0.0,0.0,0,0,0,1,0.125,436,101,4.316831683168317,0
0.04402983318646789,0.39739540219306946,0.0,0.0,1,8,0,3,0.2,315,488,0.6454918032786885,0
0.01746954394981878,0.2778223752975464,0.0,0.0,0,0,0,2,0.13333333333333333,654,349,1.8739255014326648,0
0.02851589639229707,0.2432168871164322,0.0,0.0,1,1,0,17,0.2,707,371,1.9056603773584906,0
0.06241978844447658,0.37288421392440796,0.0,0.0,1,2,0,17,0.4,464,575,0.8069565217391305,0
0.015852250300545788,0.3904514014720917,0.0,0.0,0,0,0,1,0.08333333333333333,315,196,1.6071428571428572,0
0.030965492142694787,0.32103899121284485,0.25,0.0,1,4,1,9,0.3333333333333333,709,330,2.1484848484848484,0
0.05420220825006479,0.3319987952709198,0.0,0.0,0,0,0,17,0.3333333333333333,464,456,1.0175438596491229,0
0.06890512560624466,0.3746931850910187,0.0,0.0,0,0,0,7,0.4666666666666667,1269,393,3.2290076335877864,0
0.03764215494853613,0.3234211206436157,0.0,0.0,0,0,0,19,0.06666666666666667,542,353,1.5354107648725213,0
0.026579784072347026,0.4047665596008301,0.2,0.0,1,5,1,5,0.3333333333333333,737,285,2.585964912280702,0
0.026168280100225972,0.2917992174625397,0.0,0.0,0,0,0,1,0.2,1011,237,4.265822784810126,0
0.0408992814665306,0.39559414982795715,1.0,0.0,1,1,1,13,0.4,899,308,2.918831168831169,0
0.031009658556610788,0.30608734488487244,0.0,0.0,1,13,0,0,0.13333333333333333,869,673,1.2912332838038634,0
0.027598148116498956,0.25417789816856384,0.0,0.0,1,6,0,0,0.06666666666666667,255,877,0.29076396807297605,0
0.020003471012004788,0.337891161441803,0.0,0.0,1,3,0,2,0.15384615384615385,245,226,1.084070796460177,0
0.07519057157778451,0.33375102281570435,0.0,0.0,1,6,0,3,0.5333333333333333,565,387,1.4599483204134367,0
0.04940974813340021,0.3692355155944824,0.5,0.0,1,2,1,18,0.5454545454545454,748,171,4.374269005847953,0
0.04449721945673344,0.3881019353866577,0.0,0.0,1,3,0,11,0.4,1144,289,3.958477508650519,0
0.04179846828737265,0.39464449882507324,0.0,0.0,0,0,0,0,0.4,542,393,1.3791348600508906,0
0.04108306859794574,0.2842346131801605,0.0,0.0,1,1,0,8,0.2,875,521,1.6794625719769674,0
0.016847846772330838,0.24765180051326752,0.0,0.0,1,10,0,0,0.26666666666666666,349,489,0.7137014314928425,0
0.034791044270102586,0.2730993926525116,0.0,0.0,1,11,0,0,0.2,761,756,1.0066137566137565,0
0.03605547144371259,0.25714975595474243,0.0,0.0,1,2,0,7,0.3333333333333333,674,650,1.0369230769230768,0
0.0304268089649747,0.2981721758842468,0.0,0.0,0,0,0,4,0.0,747,11,67.9090909090909,0
0.023068887117283273,0.3161523938179016,0.0,0.0,1,1,0,9,0.16666666666666666,321,136,2.360294117647059,0
0.02383909883774772,0.3510058522224426,0.0,0.0,1,8,0,0,0.1,1020,143,7.1328671328671325,0
0.01972708455810522,0.30340614914894104,0.0,0.0,1,1,0,0,0.0,639,273,2.340659340659341,0
0.04039725330784686,0.3396930694580078,1.0,0.0,1,1,1,9,0.4,1000,287,3.484320557491289,0
0.04505324325485829,0.37467795610427856,0.0,0.0,1,18,0,5,0.3333333333333333,826,326,2.5337423312883436,0
0.03332037815945214,0.26212698221206665,0.0,0.0,1,1,0,2,0.13333333333333333,657,301,2.1827242524916945,0
0.033406317132010775,0.30852219462394714,0.0,0.0,1,3,0,0,0.3333333333333333,609,700,0.87,0
0.03257389942508007,0.3370930552482605,0.0,0.0,1,11,0,1,0.2,700,351,1.9943019943019944,0
0.051017489699877724,0.30818426609039307,0.0,0.0,1,1,0,0,0.3333333333333333,578,301,1.920265780730897,0
0.028011884093423894,0.33303526043891907,1.0,0.0,1,1,1,15,0.2,1855,317,5.851735015772871,0
0.008986444147280143,0.39301368594169617,0.0,0.0,1,1,0,1,0.0,591,36,16.416666666666668,0
0.03928727028595733,0.41792750358581543,0.0,0.0,1,2,0,0,0.5714285714285714,1685,158,10.664556962025317,0
0.021554403442820155,0.28057363629341125,1.0,0.0,1,1,1,9,0.5,530,66,8.030303030303031,0
0.049332559623085,0.32772865891456604,0.0,0.0,1,1,0,0,0.26666666666666666,790,575,1.373913043478261,0
0.0426500264353394,0.3676125705242157,0.0,0.0,0,0,0,4,0.3333333333333333,546,486,1.123456790123457,0
0.02402012942455455,0.3008323907852173,0.0,0.0,1,1,0,10,0.13333333333333333,583,229,2.5458515283842793,0
0.029912659874853382,0.3650813102722168,0.0,0.0,1,1,0,3,0.25,599,219,2.7351598173515983,0
0.04726352212601699,0.2787419557571411,0.375,0.0,1,8,3,8,0.2,331,754,0.4389920424403183,0
0.030621085979966402,0.3534320294857025,0.5,0.0,1,2,1,21,0.2,588,604,0.9735099337748344,0
0.020349614062883242,0.31734636425971985,0.0,0.0,0,0,0,0,0.13333333333333333,290,666,0.43543543543543545,0
0.012846027302591366,0.37767571210861206,0.0,0.0,0,0,0,1,0.0,794,42,18.904761904761905,0
0.039514008968756856,0.28120365738868713,0.2,0.0,1,5,1,9,0.3333333333333333,630,346,1.8208092485549132,0
0.042068147582119055,0.29602891206741333,0.0,0.0,1,1,0,9,0.4,1256,297,4.228956228956229,0
0.016073060725781622,0.2611319422721863,0.0,0.0,1,1,0,8,0.13333333333333333,786,204,3.8529411764705883,0
0.047740717308493746,0.30668896436691284,0.4,0.0,1,5,2,17,0.2,352,395,0.8911392405063291,0
0.04387276624214421,0.367437481880188,0.0,0.0,1,1,0,15,0.26666666666666666,1104,431,2.5614849187935036,0
0.041132080241854024,0.2883667051792145,0.0,0.0,1,6,0,4,0.13333333333333333,666,555,1.2,0
0.02301696452838794,0.3873472511768341,0.0,0.0,0,0,0,5,0.14285714285714285,737,132,5.583333333333333,0
0.024946345308342825,0.27034705877304077,0.1,0.0,1,10,1,2,0.13333333333333333,527,489,1.0777096114519427,0
0.02995581310804881,0.3210521340370178,0.5,0.0,1,2,1,1,0.3333333333333333,517,287,1.8013937282229966,0
0.023802708281902105,0.3630291819572449,0.4,0.0,1,5,2,9,0.2222222222222222,431,97,4.443298969072165,0
0.017020327045338842,0.43684107065200806,0.0,0.0,1,1,0,0,0.5,603,34,17.735294117647058,0
0.0354896764726641,0.2930600643157959,0.4,0.0,1,5,2,3,0.13333333333333333,558,346,1.6127167630057804,0
0.07055535815184431,0.488845556974411,0.0,0.0,0,0,0,13,0.8666666666666667,2230,465,4.795698924731183,0
0.02729992974687603,0.2617117762565613,0.0,0.0,1,2,0,2,0.2,657,575,1.142608695652174,0
0.016094577618788283,0.26686763763427734,0.0,0.0,1,1,0,5,0.13333333333333333,388,308,1.2597402597402598,0
0.04133077492044399,0.3015071749687195,0.0,0.0,1,2,0,1,0.2,578,575,1.0052173913043478,0
0.033000285476846324,0.24188610911369324,0.0,0.0,1,1,0,2,0.06666666666666667,657,597,1.100502512562814,0
0.03437225997912522,0.3493472635746002,0.0,0.0,1,10,0,2,0.06666666666666667,640,717,0.8926080892608089,0
0.020318580311609165,0.2605398893356323,0.5,0.0,1,2,1,9,0.0,200,650,0.3076923076923077,0
0.030152893280931292,0.26189810037612915,0.0,0.0,0,0,0,5,0.06666666666666667,570,379,1.5039577836411608,0
0.005699485739380355,0.35637110471725464,0.0,0.0,1,1,0,0,0.0,329,36,9.13888888888889,0
0.020411443421727925,0.31030693650245667,1.0,0.0,1,1,1,4,0.2,428,297,1.4410774410774412,0
0.03646475394344365,0.23689667880535126,0.0,0.0,1,6,0,1,0.26666666666666666,330,877,0.37628278221208666,0
0.07967681922446451,0.31057286262512207,0.14285714285714285,0.0,1,7,1,4,0.4,1401,1038,1.3497109826589595,0
0.01749282547792207,0.32961505651474,0.0,0.0,1,4,0,1,0.16666666666666666,741,96,7.71875,0
0.031584662140831755,0.3207477033138275,0.0,0.0,1,13,0,0,0.0,360,673,0.5349182763744428,0
0.035076899370559946,0.39465054869651794,0.0,0.0,0,0,0,2,0.25,619,91,6.802197802197802,0
0.05172534767019224,0.32441243529319763,0.0,0.0,0,0,0,1,0.4666666666666667,794,1008,0.7876984126984127,0
0.06366550914097789,0.2752922773361206,0.36363636363636365,0.0,1,11,4,13,0.6666666666666666,899,756,1.189153439153439,0
0.02740674170496949,0.33861151337623596,0.0,0.0,0,0,0,2,0.4,1064,145,7.337931034482758,0
0.0393572065180182,0.3442455232143402,1.0,0.0,1,1,1,35,0.4666666666666667,1940,456,4.254385964912281,0
0.029184355350473434,0.37224081158638,0.0,0.0,1,2,0,1,0.18181818181818182,381,171,2.2280701754385963,0
0.022337960296022794,0.29508620500564575,0.0,0.0,0,0,0,0,0.06666666666666667,869,552,1.5742753623188406,0
0.032406806736121056,0.3396472632884979,0.0,0.0,0,0,0,1,0.3333333333333333,700,311,2.2508038585209005,0
0.040100375743737274,0.3331051170825958,0.0,0.0,1,5,0,2,0.26666666666666666,554,1041,0.5321805955811719,0
0.042301986916942626,0.3053124248981476,0.0,0.0,1,1,0,0,0.26666666666666666,1502,519,2.8940269749518306,0
0.017180563844728013,0.339029997587204,0.0,0.0,0,0,0,4,0.125,559,101,5.534653465346534,0
0.058067487316795986,0.3710497319698334,0.0,0.0,1,1,0,0,0.4666666666666667,3134,300,10.446666666666667,0
0.021318200998494564,0.34786340594291687,1.0,0.0,1,1,1,1,0.3076923076923077,407,157,2.5923566878980893,0
0.011976395654240909,0.33988502621650696,0.0,0.0,0,0,0,1,0.2222222222222222,1903,165,11.533333333333333,0
0.0218601474026817,0.2805393934249878,0.0,0.0,0,0,0,8,0.2857142857142857,443,85,5.211764705882353,0
0.05616895314418566,0.43894854187965393,0.375,0.0,1,8,3,4,0.4666666666666667,666,390,1.7076923076923076,0
0.04091408033130877,0.28452640771865845,1.0,0.0,1,1,1,1,0.13333333333333333,429,342,1.2543859649122806,0
0.04756806943987637,0.31628337502479553,1.0,0.0,1,1,1,3,0.26666666666666666,585,473,1.236786469344609,0
0.03428808479168151,0.3743826150894165,0.2,0.0,1,5,1,7,0.4,1006,492,2.0447154471544717,0
0.0208133399999999,0.2553964853286743,0.0,0.0,0,0,0,0,0.06666666666666667,678,1038,0.653179190751445,0
0.019417387544567257,0.34677889943122864,0.0,0.0,1,1,0,2,0.06666666666666667,783,273,2.868131868131868,0
0.03256985822587633,0.37020862102508545,0.0,0.0,0,0,0,9,0.15384615384615385,431,158,2.7278481012658227,0
0.06855309052834482,0.3999292552471161,1.0,0.0,1,1,1,13,0.6666666666666666,2230,330,6.757575757575758,0
0.02493429698702298,0.25250381231307983,0.0,0.0,1,10,0,1,0.0,680,748,0.9090909090909091,0
0.02434747726867623,0.2585133910179138,0.0,0.0,0,0,0,0,0.06666666666666667,578,409,1.41320293398533,0
0.01931921901095552,0.3058697581291199,0.0,0.0,1,1,0,0,0.06666666666666667,469,410,1.1439024390243901,0
0.024514183011101955,0.38442185521125793,0.0,0.0,1,2,0,12,0.0,1153,34,33.911764705882355,0
0.04556288852170912,0.3709962069988251,0.0,0.0,1,2,0,0,0.26666666666666666,536,604,0.8874172185430463,0
0.03968315485163525,0.266827255487442,0.0,0.0,0,0,0,13,0.26666666666666666,340,574,0.5923344947735192,0
0.01628498708332642,0.3249248266220093,1.0,0.0,1,1,1,4,0.14285714285714285,638,152,4.197368421052632,0
0.02819411040036772,0.35384461283683777,0.0,0.0,1,1,0,2,0.42857142857142855,309,121,2.553719008264463,0
0.03881919837127477,0.4057825803756714,0.0,0.0,0,0,0,0,0.5,458,196,2.336734693877551,0
0.0265442970052646,0.37825751304626465,0.0,0.0,1,1,0,10,0.14285714285714285,1305,124,10.524193548387096,0
0.02336092851207055,0.25072750449180603,0.0,0.0,0,0,0,11,0.06666666666666667,837,549,1.5245901639344261,0
0.03591324240219161,0.2690463662147522,0.0,0.0,0,0,0,5,0.2,570,311,1.832797427652733,0
0.020793726230131333,0.45852014422416687,0.0,0.0,0,0,0,0,0.14285714285714285,498,108,4.611111111111111,0
0.032772285998511244,0.3960708975791931,0.0,0.0,0,0,0,8,0.45454545454545453,857,174,4.925287356321839,0
0.030440001625758117,0.274149090051651,0.0,0.0,1,18,0,2,0.13333333333333333,309,326,0.9478527607361963,0
0.04382475925313255,0.357871949672699,1.0,0.0,1,3,3,35,0.2222222222222222,1734,194,8.938144329896907,0
0.023220413670091207,0.32143184542655945,1.0,0.0,1,1,1,1,0.13333333333333333,381,229,1.6637554585152838,0
0.021816595744052678,0.33878663182258606,0.16666666666666666,0.0,1,6,1,5,0.2,895,278,3.2194244604316546,0
0.03646304099922082,0.36112257838249207,0.0,0.0,1,1,0,1,0.5,542,121,4.479338842975206,0
0.03585835205903448,0.3751477301120758,1.0,0.0,1,1,1,8,0.23076923076923078,857,157,5.45859872611465,0
0.031385560960123335,0.34929323196411133,0.0,0.0,1,15,0,0,0.3333333333333333,638,380,1.6789473684210525,0
0.03142464342626523,0.31331533193588257,0.0,0.0,1,1,0,2,0.0,612,745,0.8214765100671141,0
0.03965018515351371,0.3705773949623108,0.0,0.0,1,1,0,1,0.4,815,287,2.8397212543554007,0
0.03717441869788225,0.34113338589668274,0.0,0.0,1,4,0,1,0.26666666666666666,353,478,0.7384937238493724,0
0.033326756574344335,0.27936020493507385,0.0,0.0,1,3,0,11,0.3333333333333333,1144,774,1.4780361757105944,0
0.018363261492278505,0.32492440938949585,0.0,0.0,1,1,0,0,0.1111111111111111,872,125,6.976,0
0.04653282497815572,0.2600581645965576,0.0,0.0,1,9,0,1,0.3333333333333333,526,683,0.7701317715959004,0
0.03694748223288402,0.3643902838230133,0.0,0.0,1,3,0,0,0.2,255,289,0.8823529411764706,0
0.02853589989977156,0.3057117760181427,0.0,0.0,1,8,0,0,0.13333333333333333,578,390,1.4820512820512821,0
0.031165689359022874,0.3033134341239929,0.0,0.0,1,6,0,7,0.13333333333333333,683,571,1.1961471103327495,0
0.00849247530031458,0.2692549526691437,0.0,0.0,1,2,0,1,0.0,154,158,0.9746835443037974,0
0.04819016507687987,0.3055516183376312,0.0,0.0,1,1,0,0,0.3333333333333333,665,300,2.216666666666667,0
0.0050231431072391385,0.2512573003768921,0.0,0.0,0,0,0,2,0.0,508,64,7.9375,0
0.023185103646502277,0.30132225155830383,0.0,0.0,1,1,0,1,0.6,724,118,6.135593220338983,0
0.08091223367913875,0.46679261326789856,0.1111111111111111,0.0,1,9,1,7,0.6,644,306,2.104575163398693,0
0.03178520841199345,0.4007932245731354,0.0,0.0,0,0,0,0,0.3333333333333333,784,196,4.0,0
0.04415399030876913,0.3642958402633667,0.0,0.0,0,0,0,0,0.4666666666666667,1020,376,2.7127659574468086,0
0.033783769580721774,0.3084508180618286,0.0,0.0,0,0,0,0,0.26666666666666666,787,349,2.2550143266475646,0
0.04202002532563584,0.3118768334388733,0.0,0.0,0,0,0,2,0.13333333333333333,735,452,1.6261061946902655,0
0.03670101393970014,0.309074342250824,0.0,0.0,1,1,0,2,0.26666666666666666,245,410,0.5975609756097561,0
0.04147066902275168,0.3411361873149872,0.0,0.0,0,0,0,4,0.4,786,409,1.921760391198044,0
0.044024429662377296,0.4460274875164032,0.0,0.0,0,0,0,2,0.0,618,277,2.2310469314079424,0
0.024136495462956983,0.40436044335365295,0.0,0.0,0,0,0,1,0.13333333333333333,659,233,2.828326180257511,0
0.0371453598122231,0.2830701172351837,0.0,0.0,1,2,0,2,0.13333333333333333,1058,512,2.06640625,0
0.013121314868624416,0.2545018196105957,0.0,0.0,1,1,0,11,0.06666666666666667,342,234,1.4615384615384615,0
0.01033229725368806,0.2507745027542114,0.0,0.0,0,0,0,9,0.1111111111111111,295,162,1.8209876543209877,0
0.027871584199663214,0.34007343649864197,0.0,0.0,1,15,0,1,0.2,874,382,2.287958115183246,0
0.0396875649260936,0.36711549758911133,1.0,0.0,1,1,1,1,0.4666666666666667,586,339,1.7286135693215339,0
0.06742493331667782,0.33238160610198975,0.125,0.0,1,8,1,1,0.4666666666666667,815,874,0.9324942791762014,0
0.029627175763165613,0.2754712402820587,0.0,0.0,1,2,0,2,0.2857142857142857,697,247,2.8218623481781377,0
0.01849794730973059,0.22029410302639008,1.0,0.0,1,1,1,1,0.25,743,67,11.08955223880597,0
0.00892958857117116,0.3009388744831085,0.0,0.0,0,0,0,3,0.2,268,328,0.8170731707317073,0
0.016525523398128638,0.2964595556259155,0.0,0.0,1,1,0,16,0.0,655,152,4.309210526315789,0
0.03600355076069992,0.3090720474720001,0.5,0.0,1,2,1,1,0.3333333333333333,530,568,0.9330985915492958,0
0.022682935610807517,0.2887548804283142,0.0,0.0,1,1,0,11,0.2,602,234,2.572649572649573,0
0.03835390391319072,0.23585554957389832,0.0,0.0,0,0,0,5,0.06666666666666667,570,565,1.008849557522124,0
0.03213963150917922,0.3212593197822571,0.0,0.0,1,4,0,1,0.13333333333333333,1903,456,4.173245614035087,0
0.04150955937088831,0.37559595704078674,0.0,0.0,0,0,0,12,0.0,1153,360,3.202777777777778,0
0.04291948119868896,0.29891321063041687,1.0,0.0,1,2,2,11,0.26666666666666666,1144,568,2.0140845070422535,0
0.06458799307875304,0.42669111490249634,1.0,0.0,1,1,1,2,0.5333333333333333,638,342,1.8654970760233918,0
0.02430720024170531,0.33560624718666077,0.0,0.0,0,0,0,1,0.0,255,51,5.0,0
0.022121452526436144,0.429837167263031,0.0,0.0,1,1,0,1,0.5,934,80,11.675,0
0.04646269296942476,0.3396545946598053,0.125,0.0,1,8,1,13,0.2,409,262,1.5610687022900764,0
0.03941666851499445,0.2953100800514221,0.0,0.0,0,0,0,13,0.4,409,102,4.009803921568627,0
0.03423175254794608,0.2580993175506592,0.0,0.0,0,0,0,16,0.13333333333333333,655,565,1.1592920353982301,0
0.02218961783936736,0.20613634586334229,0.0,0.0,0,0,0,14,0.26666666666666666,838,518,1.6177606177606179,0
0.061054826063333296,0.3251500427722931,0.0,0.0,1,5,0,3,0.6,808,1041,0.7761767531219981,0
0.04144424845239953,0.43785014748573303,0.0,0.0,0,0,0,4,0.2857142857142857,668,108,6.185185185185185,0
0.018674276481103397,0.31242191791534424,0.0,0.0,1,1,0,12,0.5,580,96,6.041666666666667,0
0.06462768413323208,0.38015618920326233,0.3333333333333333,0.0,1,3,1,3,0.35714285714285715,315,269,1.171003717472119,0
0.04781230261026308,0.2877582907676697,0.3333333333333333,0.0,1,6,2,18,0.26666666666666666,1533,664,2.308734939759036,0
0.009427529647514074,0.33089911937713623,0.0,0.0,0,0,0,1,0.0,741,65,11.4,0
0.03212589402660991,0.2984269857406616,0.0,0.0,1,1,0,0,0.3333333333333333,1209,438,2.76027397260274,0
0.021116556387854223,0.3785278797149658,0.0,0.0,0,0,0,5,0.1111111111111111,660,165,4.0,0
0.024850222852210238,0.3089621961116791,0.0,0.0,1,15,0,1,0.06666666666666667,702,382,1.837696335078534,0
0.007039915066041668,0.2503455579280853,0.0,0.0,0,0,0,13,0.0,934,51,18.313725490196077,0
0.022557070675852747,0.32161054015159607,0.0,0.0,0,0,0,12,0.375,1079,110,9.809090909090909,0
0.07981085257531767,0.4060414135456085,1.0,0.0,1,1,1,1,0.6,470,475,0.9894736842105263,0
0.025508288917450158,0.25539058446884155,0.0,0.0,0,0,0,0,0.26666666666666666,790,246,3.2113821138211383,0
0.05012010718875231,0.43463611602783203,0.0,0.0,1,2,0,0,0.2,614,452,1.3584070796460177,0
0.06106176283041909,0.4149445593357086,0.16666666666666666,0.0,1,6,1,3,0.4,315,387,0.813953488372093,0
0.016632048851248082,0.2975720465183258,0.0,0.0,1,1,0,0,0.13333333333333333,554,317,1.747634069400631,0
0.031636220491745914,0.3215433359146118,0.0,0.0,0,0,0,19,0.13333333333333333,969,503,1.926441351888668,0
0.058803433950608476,0.393174946308136,0.125,0.0,1,8,1,2,0.3333333333333333,619,661,0.9364599092284418,0
0.038095935183163294,0.2858600914478302,0.0,0.0,0,0,0,23,0.2,2043,391,5.225063938618926,0
0.02949018232426445,0.43506595492362976,0.0,0.0,0,0,0,4,0.5,282,94,3.0,0
0.06936365626090935,0.31430044770240784,0.3333333333333333,0.0,1,3,1,6,0.5333333333333333,1692,438,3.863013698630137,0
0.015612045760767421,0.30352920293807983,0.0,0.0,0,0,0,1,0.25,330,84,3.9285714285714284,0
0.02696380726287215,0.32633304595947266,0.0,0.0,1,5,0,0,0.13333333333333333,553,285,1.9403508771929825,0
0.026043716686716754,0.29247021675109863,0.0,0.0,1,1,0,1,0.0,1211,473,2.5602536997885834,0
0.020603355993953753,0.3031749129295349,0.0,0.0,1,1,0,0,0.06666666666666667,568,308,1.844155844155844,0
0.047556526895044034,0.4018036425113678,0.5,0.0,1,2,1,1,0.625,578,147,3.931972789115646,0
0.03566585395286426,0.3791225552558899,0.0,0.0,1,2,0,0,0.4166666666666667,489,183,2.6721311475409837,0
0.03866683706778561,0.3312971293926239,0.08333333333333333,0.0,1,12,1,2,0.2,604,532,1.1353383458646618,0
0.021963987163081605,0.23172084987163544,1.0,0.0,1,1,1,2,0.13333333333333333,443,317,1.3974763406940063,0
0.04567926648111308,0.3310282230377197,0.0,0.0,1,4,0,2,0.6363636363636364,527,193,2.7305699481865284,0
0.03238218617920539,0.3253791928291321,0.0,0.0,0,0,0,2,0.2,550,666,0.8258258258258259,0
0.03618979906618595,0.45274972915649414,0.0,0.0,1,1,0,0,0.42857142857142855,589,121,4.867768595041323,0
0.02261412442523677,0.2789638340473175,0.0,0.0,0,0,0,9,0.42857142857142855,487,85,5.729411764705882,0
0.04334611757806487,0.29765501618385315,0.0,0.0,1,4,0,12,0.26666666666666666,562,606,0.9273927392739274,0
0.06789499712533187,0.3412824869155884,0.2,0.0,1,5,1,17,0.4666666666666667,433,395,1.0962025316455697,0
0.05785464392582497,0.30805402994155884,0.3333333333333333,0.0,1,6,2,7,0.26666666666666666,536,664,0.8072289156626506,0
0.04519091495345453,0.3469466269016266,0.07142857142857142,0.0,1,14,1,9,0.3333333333333333,751,611,1.2291325695581015,0
0.046804989720640365,0.513286292552948,0.0,0.0,0,0,0,5,0.0,488,24,20.333333333333332,0
0.05616714188478084,0.4188770055770874,0.0,0.0,0,0,0,7,0.3333333333333333,790,353,2.237960339943343,0
0.0180994568699206,0.27611005306243896,0.0,0.0,1,10,0,1,0.26666666666666666,546,489,1.116564417177914,0
0.0294503364365411,0.339521586894989,0.2,0.0,1,5,1,3,0.13333333333333333,367,285,1.287719298245614,0
0.03504879947992769,0.2511240839958191,0.5,0.0,1,2,1,5,0.13333333333333333,570,568,1.0035211267605635,0
0.029289682313580135,0.23337200284004211,0.0,0.0,1,6,0,3,0.13333333333333333,315,636,0.49528301886792453,0
0.03277511492940827,0.2931743860244751,0.0,0.0,1,7,0,1,0.06666666666666667,729,715,1.0195804195804197,0
0.04727610449597051,0.4234234690666199,1.0,0.0,1,1,1,1,0.6,739,287,2.5749128919860627,0
0.024147240007173876,0.3856326639652252,0.0,0.0,0,0,0,5,0.125,488,101,4.8316831683168315,0
0.029235618208094206,0.2829439043998718,0.0,0.0,0,0,0,9,0.26666666666666666,709,231,3.069264069264069,0
0.044645915450454786,0.3937869071960449,1.0,0.0,1,1,1,8,0.2857142857142857,639,121,5.2809917355371905,0
0.016295068811297414,0.2410864382982254,0.0,0.0,1,1,0,9,0.06666666666666667,321,521,0.6161228406909789,0
0.03095341534839763,0.36479997634887695,0.0,0.0,1,3,0,3,0.23076923076923078,585,226,2.588495575221239,0
0.08095693479808902,0.5117509365081787,0.3333333333333333,0.0,1,3,1,9,0.9230769230769231,751,226,3.3230088495575223,0
0.027396172393997793,0.31725844740867615,0.0,0.0,1,5,0,0,0.13333333333333333,224,395,0.5670886075949367,0
0.03276510316011356,0.3450009822845459,0.0,0.0,1,1,0,1,0.07692307692307693,743,169,4.396449704142012,0
0.023137217326061978,0.2561574876308441,0.0,0.0,1,1,0,10,0.0,583,79,7.379746835443038,0
0.052392152091784265,0.31525400280952454,0.0,0.0,1,8,0,10,0.4,583,661,0.8819969742813918,0
0.038041176052694296,0.3055574297904968,0.0,0.0,1,1,0,3,0.13333333333333333,558,229,2.4366812227074237,0
0.033126503454049536,0.31488466262817383,0.0,0.0,0,0,0,35,0.3333333333333333,1940,452,4.292035398230088,0
0.03498219126753674,0.34231433272361755,0.0,0.0,1,5,0,2,0.3333333333333333,689,104,6.625,0
0.006407836670991287,0.32880887389183044,0.0,0.0,0,0,0,1,0.25,634,91,6.967032967032967,0
0.031088823810426314,0.31946679949760437,0.0,0.0,1,1,0,14,0.0,667,136,4.904411764705882,0
0.03464921308906802,0.3161858320236206,0.0,0.0,0,0,0,7,0.06666666666666667,1006,379,2.654353562005277,0
0.03944718171740219,0.26906007528305054,0.0,0.0,0,0,0,1,0.26666666666666666,530,1038,0.5105973025048169,0
0.04134156799402662,0.46204015612602234,1.0,0.0,1,1,1,5,0.3333333333333333,488,156,3.128205128205128,0
0.024063589776140502,0.4259122610092163,0.0,0.0,0,0,0,9,0.0,630,108,5.833333333333333,0
0.05384071588493478,0.3971368372440338,0.5,0.0,1,2,1,1,0.2,558,665,0.8390977443609022,0
0.047291831447874,0.40475940704345703,0.0,0.0,1,1,0,3,1.0,367,41,8.951219512195122,0
0.016369548165487954,0.36246535181999207,1.0,0.0,1,1,1,19,0.06666666666666667,542,279,1.9426523297491038,0
0.03755734680733643,0.2660773694515228,0.0,0.0,0,0,0,13,0.26666666666666666,899,385,2.335064935064935,0
0.020682009639908464,0.27296122908592224,0.0,0.0,1,1,0,1,0.1,315,127,2.4803149606299213,0
0.02779381428964752,0.24850279092788696,0.0,0.0,1,10,0,2,0.13333333333333333,689,748,0.9211229946524064,0
0.05409851832259322,0.34654736518859863,1.0,0.0,1,1,1,32,0.5333333333333333,1931,810,2.3839506172839506,0
0.03647103092301748,0.2292003035545349,0.0,0.0,0,0,0,2,0.2,651,1008,0.6458333333333334,0
0.013078301858872505,0.43270760774612427,0.0,0.0,0,0,0,1,0.0,180,42,4.285714285714286,0
0.04610160669781776,0.36894291639328003,0.0,0.0,1,15,0,2,0.2,775,382,2.0287958115183247,0
0.050559263211644716,0.3981729745864868,0.0,0.0,1,4,0,0,0.5333333333333333,612,478,1.2803347280334727,0
0.03066087448352364,0.34249892830848694,0.0,0.0,1,6,0,1,0.26666666666666666,1068,279,3.827956989247312,0
0.0425353066786913,0.33995863795280457,0.0,0.0,0,0,0,4,0.4,546,237,2.3037974683544302,0
0.02480120569845175,0.27306684851646423,0.0,0.0,1,3,0,1,0.26666666666666666,591,438,1.3493150684931507,0
0.05613513316961491,0.3887522220611572,1.0,0.0,1,2,2,11,0.4666666666666667,1321,311,4.247588424437299,0
0.04800606708105027,0.28763991594314575,0.0,0.0,1,6,0,1,0.3333333333333333,586,238,2.46218487394958,0
0.045884688072345366,0.36497706174850464,0.0,0.0,1,5,0,10,0.26666666666666666,957,492,1.9451219512195121,0
0.036309894101519365,0.28341081738471985,0.6666666666666666,0.0,1,3,2,6,0.13333333333333333,392,438,0.8949771689497716,0
0.048966805402520505,0.3426204025745392,0.0,0.0,1,3,0,2,0.375,1064,169,6.295857988165681,0
0.027457402470370006,0.39798974990844727,0.0,0.0,1,1,0,1,0.14285714285714285,553,152,3.638157894736842,0
0.05230639021871098,0.3759419620037079,0.25,0.0,1,8,2,2,0.4666666666666667,640,390,1.641025641025641,0
0.013200424572954585,0.34276479482650757,0.0,0.0,1,5,0,0,0.1111111111111111,626,97,6.453608247422681,0
0.047454389748716456,0.38886868953704834,1.0,0.0,1,1,1,1,0.4,687,431,1.593967517401392,0
0.024527628382092125,0.35931986570358276,0.0,0.0,0,0,0,1,0.2727272727272727,684,174,3.9310344827586206,0
0.014653624188989432,0.22228802740573883,0.0,0.0,0,0,0,2,0.06666666666666667,657,349,1.8825214899713467,0
0.05375892315390479,0.3392908275127411,0.0,0.0,1,4,0,1,0.4,562,599,0.9382303839732888,0
0.038650021980138796,0.38753944635391235,0.16666666666666666,0.0,1,6,1,7,0.5454545454545454,647,226,2.8628318584070795,0
0.04137450308319997,0.2767316997051239,0.1,0.0,1,10,1,2,0.2,735,748,0.982620320855615,0
0.0584261428433025,0.37695205211639404,0.0,0.0,0,0,0,19,0.7333333333333333,997,465,2.1440860215053763,0
0.039990573194360335,0.4017104506492615,0.0,0.0,1,1,0,4,0.5,537,113,4.752212389380531,0
0.01088042078811446,0.25965046882629395,0.0,0.0,0,0,0,1,0.0,450,172,2.616279069767442,0
0.025143074642121736,0.29497188329696655,0.0,0.0,1,1,0,8,0.0,827,353,2.3427762039660056,0
0.02760248192344004,0.28783056139945984,0.0,0.0,1,1,0,2,0.3,758,151,5.0198675496688745,0
0.05705492500836741,0.41275227069854736,0.25,0.0,1,8,2,4,0.4666666666666667,559,488,1.1454918032786885,0
0.03996234784457981,0.3255942463874817,0.0,0.0,0,0,0,2,0.26666666666666666,619,289,2.141868512110727,0
0.014453690595296116,0.2709220349788666,0.0,0.0,1,8,0,1,0.1,779,193,4.036269430051814,0
0.026402303331995898,0.294972687959671,0.0,0.0,0,0,0,2,0.2,939,263,3.570342205323194,0
0.0752396646815342,0.45920106768608093,0.3333333333333333,0.0,1,3,1,2,0.4666666666666667,689,582,1.1838487972508591,0
0.04933522129050678,0.366830974817276,0.0,0.0,1,3,0,0,0.375,872,169,5.159763313609467,0
0.058271856317212024,0.4273924231529236,0.0,0.0,1,2,0,0,0.4666666666666667,614,665,0.9233082706766917,0
0.07327172016444781,0.3484194874763489,0.3333333333333333,0.0,1,3,1,1,0.4666666666666667,429,810,0.5296296296296297,0
0.053559703972166306,0.3367502987384796,0.23076923076923078,0.0,1,13,3,10,0.5333333333333333,828,415,1.9951807228915663,0
0.0321934750932762,0.3911786675453186,0.0,0.0,1,1,0,1,0.26666666666666666,489,296,1.652027027027027,0
0.04551805002535574,0.34160056710243225,0.2,0.0,1,5,1,7,0.3333333333333333,808,346,2.3352601156069364,0
0.02006683887482082,0.31917592883110046,0.0,0.0,1,1,0,1,0.13333333333333333,820,273,3.0036630036630036,0
0.06318452492295565,0.39882659912109375,0.0,0.0,1,6,0,0,0.6666666666666666,575,238,2.4159663865546217,0
0.049602082561587255,0.36773157119750977,0.0,0.0,1,1,0,0,0.13333333333333333,575,428,1.3434579439252337,0
0.025796560575392553,0.3143742084503174,0.0,0.0,0,0,0,14,0.3333333333333333,731,172,4.25,0
0.033600416548427804,0.38840368390083313,0.0,0.0,0,0,0,0,0.375,790,101,7.821782178217822,0
0.03193779826960013,0.30807188153266907,0.0,0.0,1,1,0,0,0.6,924,118,7.830508474576271,0
0.04442877790312479,0.39880305528640747,0.0,0.0,1,2,0,1,0.4166666666666667,485,183,2.650273224043716,0
0.054290306591419105,0.43846192955970764,1.0,0.0,1,1,1,8,0.4,837,330,2.536363636363636,0
0.014338049213419767,0.29006561636924744,0.0,0.0,0,0,0,11,0.13333333333333333,602,233,2.5836909871244633,0
0.034388778842017985,0.3416789770126343,0.0,0.0,1,8,0,2,0.26666666666666666,608,488,1.2459016393442623,0
0.025202536684500225,0.2957439124584198,0.0,0.0,1,8,0,1,0.06666666666666667,779,488,1.596311475409836,0
0.04724380310346274,0.44561290740966797,1.0,0.0,1,1,1,5,0.4666666666666667,826,308,2.6818181818181817,0
0.03941497271304678,0.29035478830337524,1.0,0.0,1,1,1,11,0.13333333333333333,1144,438,2.6118721461187215,0
0.04231929595591746,0.3247942328453064,0.0,0.0,1,5,0,2,0.3333333333333333,954,578,1.6505190311418685,0
0.06891240015793611,0.5122182965278625,0.0,0.0,0,0,0,3,0.5,465,94,4.946808510638298,0
0.01859636504951591,0.2794838547706604,0.0,0.0,0,0,0,2,0.18181818181818182,697,174,4.005747126436781,0
0.033557832483034566,0.3619823753833771,0.0,0.0,1,1,0,9,0.26666666666666666,1256,296,4.243243243243243,0
0.04801473472356678,0.31823188066482544,0.15384615384615385,0.0,1,13,2,8,0.2,786,780,1.0076923076923077,0
0.03075399363059301,0.3814256489276886,1.0,0.0,1,1,1,1,0.6666666666666666,571,79,7.227848101265823,0
0.03194341961931149,0.3322818875312805,0.0,0.0,0,0,0,22,0.26666666666666666,1880,503,3.737574552683897,0
0.025871354326846972,0.29707086086273193,0.0,0.0,1,1,0,20,0.6666666666666666,662,79,8.379746835443038,0
0.022292541100170985,0.26602399349212646,0.0,0.0,0,0,0,1,0.0,602,214,2.8130841121495327,0
0.023227548953978615,0.32329893112182617,0.0,0.0,0,0,0,1,0.5,519,84,6.178571428571429,0
0.046085663856292695,0.30138546228408813,1.0,0.0,1,1,1,2,0.3333333333333333,602,681,0.8839941262848752,0
0.019457555264861936,0.26315945386886597,1.0,0.0,1,1,1,3,0.2,815,297,2.744107744107744,0
0.0333205789759833,0.3074604570865631,0.0,0.0,1,2,0,0,0.06666666666666667,332,575,0.577391304347826,0
0.02452945132247339,0.32672786712646484,0.0,0.0,1,1,0,25,0.0,615,219,2.808219178082192,0
0.0522022594308972,0.3153979480266571,0.0,0.0,1,2,0,0,0.4,1152,575,2.0034782608695654,0
0.012352814901480479,0.31559330224990845,0.0,0.0,0,0,0,19,0.0,841,11,76.45454545454545,0
0.05190000316351773,0.3189525902271271,0.0,0.0,1,1,0,1,0.4,815,810,1.0061728395061729,0
0.050968449713636954,0.3430981934070587,0.0,0.0,1,1,0,0,0.26666666666666666,665,519,1.28131021194605,0
0.023188457984461976,0.3131147623062134,0.0,0.0,1,1,0,1,0.125,641,216,2.9675925925925926,0
0.041201472539820004,0.2970176339149475,1.0,0.0,1,1,1,5,0.2,760,810,0.9382716049382716,0
0.05385790328711614,0.33821189403533936,0.2,0.0,1,5,1,9,0.3333333333333333,644,395,1.630379746835443,0
0.051217426822589576,0.45810607075691223,0.0,0.0,0,0,0,1,0.5,585,108,5.416666666666667,0
0.02722532346316501,0.3169599771499634,1.0,0.0,1,1,1,6,0.07142857142857142,1692,152,11.131578947368421,0
0.0608500734147774,0.27008241415023804,0.3333333333333333,0.0,1,3,1,21,0.6,990,810,1.2222222222222223,0
0.04528616930038027,0.38867342472076416,0.0,0.0,0,0,0,2,0.3333333333333333,795,503,1.58051689860835,0
0.023585113379991817,0.2970644533634186,0.0,0.0,1,10,0,2,0.06666666666666667,347,717,0.4839609483960948,0
0.03939012584094205,0.29132014513015747,0.0,0.0,1,7,0,1,0.26666666666666666,659,696,0.9468390804597702,0
0.03867307508049467,0.2385878562927246,0.0,0.0,1,10,0,1,0.06666666666666667,429,748,0.5735294117647058,0
0.029372943367090506,0.33052781224250793,0.125,0.0,1,8,1,2,0.06666666666666667,698,262,2.66412213740458,0
0.04924196913804777,0.3922218978404999,0.5,0.0,1,2,1,12,0.3333333333333333,767,575,1.333913043478261,0
0.017683405562272998,0.32834845781326294,0.0,0.0,1,8,0,1,0.2,602,193,3.1191709844559585,0
0.03724350728455853,0.44204482436180115,0.0,0.0,1,2,0,2,0.08333333333333333,256,183,1.3989071038251366,0
0.040675276221804224,0.27288272976875305,0.0,0.0,0,0,0,6,0.26666666666666666,610,565,1.079646017699115,0
0.0330769311441577,0.39681246876716614,0.5,0.0,1,2,1,7,0.18181818181818182,465,171,2.719298245614035,0
0.043135806010028616,0.3167213797569275,0.0,0.0,0,0,0,9,0.26666666666666666,644,503,1.2803180914512922,0
0.03213768262041506,0.3200106620788574,0.0,0.0,1,10,0,1,0.26666666666666666,585,489,1.196319018404908,0
0.0342342889136292,0.32584241032600403,0.0,0.0,0,0,0,12,0.2,577,666,0.8663663663663663,0
0.04678704234488112,0.3086625337600708,0.0,0.0,1,8,0,0,0.26666666666666666,553,754,0.73342175066313,0
0.028713360116333953,0.2695915400981903,0.16666666666666666,0.0,1,6,1,2,0.06666666666666667,654,369,1.7723577235772359,0
0.06854261904136429,0.4068162739276886,0.21428571428571427,0.0,1,14,3,5,0.4666666666666667,953,611,1.5597381342062193,0
0.019667715678009585,0.4235154986381531,1.0,0.0,1,1,1,21,0.0,443,80,5.5375,0
0.02000472479060702,0.20848211646080017,0.0,0.0,0,0,0,9,0.09090909090909091,1283,78,16.44871794871795,0
0.013868901985989484,0.35166287422180176,0.0,0.0,0,0,0,1,0.1,439,121,3.628099173553719,0
0.06492707563241285,0.33715686202049255,0.0,0.0,1,3,0,4,0.4666666666666667,810,1079,0.7506950880444856,0
0.03532413301020257,0.2840597331523895,0.1,0.0,1,10,1,5,0.4,1073,489,2.1942740286298568,0
0.018723269351781004,0.3001539707183838,0.0,0.0,1,6,0,1,0.13333333333333333,358,369,0.9701897018970189,0
0.05207287306157318,0.3422771990299225,0.0,0.0,0,0,0,5,0.3333333333333333,953,246,3.8739837398373984,0
0.025930617263393876,0.28917157649993896,0.0,0.0,1,3,0,2,0.2,697,700,0.9957142857142857,0
0.02340167166500156,0.3346421718597412,0.0,0.0,1,1,0,9,0.2,321,156,2.0576923076923075,0
0.027735082517352513,0.42382827401161194,0.0,0.0,1,1,0,9,0.0,530,80,6.625,0
0.020986689398327193,0.3847885727882385,0.0,0.0,1,1,0,2,0.26666666666666666,605,279,2.1684587813620073,0
0.04398764109656375,0.4148835837841034,0.0,0.0,1,2,0,2,0.4,608,311,1.954983922829582,0
0.03512583793678804,0.40675589442253113,0.3333333333333333,0.0,1,3,1,1,0.2,243,582,0.4175257731958763,0
0.0254846483550859,0.28886905312538147,0.0,0.0,1,2,0,5,0.25,1507,147,10.251700680272108,0
0.038473521786026546,0.3325064480304718,0.0,0.0,1,1,0,0,0.26666666666666666,872,308,2.831168831168831,0
0.024654358154250586,0.2629157602787018,0.0,0.0,1,3,0,0,0.2,349,700,0.49857142857142855,0
0.05392943903433486,0.29932108521461487,0.0,0.0,1,13,0,4,0.26666666666666666,666,673,0.9895988112927192,0
0.042445484374855395,0.24321547150611877,0.0,0.0,0,0,0,13,0.26666666666666666,934,391,2.3887468030690537,0
0.015273655167210111,0.37134459614753723,0.0,0.0,0,0,0,4,0.0,702,46,15.26086956521739,0
0.0478750192070477,0.3498539626598358,0.0,0.0,1,7,0,3,0.2,315,474,0.6645569620253164,0
0.03314425904053564,0.3668755292892456,0.0,0.0,0,0,0,2,0.4,277,465,0.5956989247311828,0
0.03381575623219585,0.2669902443885803,0.0,0.0,1,6,0,1,0.3333333333333333,728,319,2.282131661442006,0
0.04571784149749037,0.35547542572021484,0.0,0.0,1,8,0,9,0.26666666666666666,1000,317,3.1545741324921135,0
0.029966109439956583,0.41542354226112366,0.0,0.0,0,0,0,0,0.1,278,121,2.2975206611570247,0
0.09420216366278372,0.45049405097961426,0.6666666666666666,0.0,1,6,4,13,0.7333333333333333,2230,387,5.762273901808785,0
0.06145647959111835,0.41644006967544556,0.13333333333333333,0.0,1,15,2,11,0.4666666666666667,1144,382,2.994764397905759,0
0.028963877440314405,0.3240158259868622,0.0,0.0,0,0,0,19,0.06666666666666667,793,409,1.938875305623472,0
0.03295507856755221,0.4170304834842682,0.0,0.0,1,1,0,20,0.25,640,113,5.663716814159292,0
0.04163999461612789,0.4001404345035553,0.0,0.0,0,0,0,18,0.6,748,121,6.181818181818182,0
0.04206709960763752,0.29290246963500977,0.0,0.0,1,1,0,0,0.5,288,127,2.267716535433071,0
0.04456813716518723,0.31840887665748596,0.0,0.0,0,0,0,3,0.2,776,549,1.4134790528233152,0
0.07877087120347741,0.3627670705318451,0.0,0.0,1,2,0,0,0.7333333333333333,1571,476,3.3004201680672267,0
0.03254011378377996,0.2235857993364334,0.0,0.0,1,6,0,1,0.06666666666666667,620,695,0.8920863309352518,0
0.01685296361409506,0.2889237105846405,0.0,0.0,1,1,0,2,0.125,651,96,6.78125,0
0.023002764118910467,0.3469623029232025,0.0,0.0,1,4,0,1,0.3333333333333333,439,96,4.572916666666667,0
0.03368348597533545,0.30748647451400757,0.0,0.0,1,4,0,11,0.3333333333333333,1144,216,5.296296296296297,0
0.030472602986203825,0.40395766496658325,1.0,0.0,1,1,1,2,0.5,640,66,9.696969696969697,0
0.01986461206630067,0.29939544200897217,0.0,0.0,1,8,0,1,0.06666666666666667,154,488,0.3155737704918033,0
0.019967777773756218,0.38542288541793823,0.0,0.0,0,0,0,2,0.0,795,11,72.27272727272727,0
0.033779770513571,0.35732534527778625,0.0,0.0,1,1,0,5,0.2,1073,296,3.625,0
0.03078983976531902,0.31191834807395935,0.0,0.0,1,10,0,0,0.13333333333333333,578,489,1.18200408997955,0
0.043500389555796326,0.3034082353115082,0.5,0.0,1,2,1,3,0.2,367,568,0.6461267605633803,0
0.03492516791801931,0.2970218360424042,0.0,0.0,1,2,0,0,0.4,609,290,2.1,0
0.03020683323910428,0.3294563889503479,0.0,0.0,1,5,0,0,0.4,590,285,2.0701754385964914,0
0.008757684259110523,0.3322255611419678,0.0,0.0,1,1,0,5,0.0,349,34,10.264705882352942,0
0.023532182742738102,0.241784006357193,0.0,0.0,0,0,0,0,0.2,308,351,0.8774928774928775,0
0.06738338128546263,0.4217402935028076,0.0,0.0,1,1,0,0,0.6666666666666666,1591,575,2.7669565217391305,0
0.01917650772113909,0.2922942042350769,0.0,0.0,0,0,0,0,0.0,604,170,3.552941176470588,0
0.018722688754379924,0.40403422713279724,0.0,0.0,0,0,0,13,0.0,2230,64,34.84375,0
0.04151477165373328,0.4219003915786743,1.0,0.0,1,1,1,1,0.14285714285714285,698,152,4.592105263157895,0
0.05914201125983969,0.2904641330242157,0.0,0.0,1,6,0,3,0.26666666666666666,1139,877,1.298745724059293,0
0.014120123998654316,0.18608254194259644,0.0,0.0,0,0,0,14,0.09090909090909091,665,78,8.525641025641026,0
0.014249564751685996,0.3315230906009674,0.0,0.0,1,8,0,0,0.06666666666666667,224,488,0.45901639344262296,0
0.030933381448761822,0.3187609016895294,0.0,0.0,0,0,0,8,0.6666666666666666,837,172,4.866279069767442,0
0.03082706975364997,0.30430302023887634,0.0,0.0,0,0,0,1,0.13333333333333333,353,476,0.7415966386554622,0
0.030135446069129667,0.3090285658836365,1.0,0.0,1,1,1,12,0.2,1079,349,3.0916905444126073,0
0.03645517339160118,0.39144882559776306,1.0,0.0,1,1,1,1,0.5,763,151,5.052980132450331,0
0.05444491158048008,0.318626344203949,0.0,0.0,1,3,0,2,0.26666666666666666,277,1079,0.2567191844300278,0
0.06413586212163674,0.43911877274513245,0.0,0.0,1,3,0,0,0.4666666666666667,579,289,2.0034602076124566,0
0.030295504595200005,0.34888845682144165,1.0,0.0,1,1,1,1,0.26666666666666666,458,279,1.6415770609318996,0
0.04760697963318471,0.4470908045768738,0.0,0.0,1,2,0,35,0.6,1734,287,6.041811846689895,0
0.061867507642389984,0.343357652425766,0.25,0.0,1,4,1,12,0.4666666666666667,1131,508,2.2263779527559056,0
0.02445550842977824,0.3403976857662201,0.0,0.0,0,0,0,0,0.1111111111111111,755,162,4.660493827160494,0
0.034564367356776614,0.33116045594215393,0.0,0.0,1,13,0,1,0.4,489,673,0.7265973254086181,0
0.05786503486050441,0.3339785039424896,0.0,0.0,1,7,0,1,0.26666666666666666,521,1038,0.5019267822736031,0
0.03669623649577114,0.3541335463523865,0.2,0.0,1,5,1,2,0.4,641,285,2.2491228070175437,0
0.024143576777049612,0.2858630120754242,0.0,0.0,0,0,0,13,0.0,394,248,1.5887096774193548,0
0.0394688929755253,0.3476278483867645,0.0,0.0,0,0,0,21,0.2,1684,277,6.07942238267148,0
0.03042444473116242,0.3795742392539978,0.0,0.0,0,0,0,1,0.4,741,233,3.180257510729614,0
0.026907040548707004,0.31293001770973206,0.0,0.0,0,0,0,0,0.13333333333333333,397,289,1.3737024221453287,0
0.03856235326308077,0.3284868001937866,0.0,0.0,1,3,0,4,0.625,918,169,5.431952662721893,0
0.040502201373695486,0.2760011553764343,0.0,0.0,0,0,0,3,0.0,614,565,1.0867256637168141,0
0.04539315162637992,0.38042882084846497,0.0,0.0,0,0,0,21,0.2,1684,246,6.845528455284553,0
0.03665636419420137,0.3196425437927246,1.0,0.0,1,1,1,2,0.06666666666666667,550,597,0.9212730318257957,0
0.026320011048449984,0.29024258255958557,0.0,0.0,1,1,0,4,0.25,918,67,13.701492537313433,0
0.022218305664012845,0.27943843603134155,0.0,0.0,1,1,0,0,0.06666666666666667,181,204,0.8872549019607843,0
0.06198264994205597,0.35039255023002625,0.0,0.0,0,0,0,4,0.3333333333333333,537,486,1.1049382716049383,0
0.06715848858621673,0.44483137130737305,0.0,0.0,0,0,0,0,0.4,1152,409,2.8166259168704157,0
0.03530622476504859,0.33464062213897705,0.0,0.0,1,6,0,3,0.09090909090909091,367,226,1.6238938053097345,0
0.023989514681228986,0.29489871859550476,0.0,0.0,1,6,0,0,0.13333333333333333,451,434,1.0391705069124424,0
0.04496793061918961,0.3488547205924988,0.0,0.0,1,1,0,1,0.26666666666666666,517,519,0.9961464354527938,0
0.030389072645402023,0.3163144588470459,0.0,0.0,0,0,0,14,0.06666666666666667,665,349,1.9054441260744985,0
0.04305227294864661,0.373230516910553,0.0,0.0,1,6,0,1,0.36363636363636365,330,226,1.4601769911504425,0
0.027792376672567922,0.29401811957359314,0.0,0.0,1,8,0,1,0.06666666666666667,356,317,1.1230283911671923,0
0.038999215881712686,0.3288208842277527,0.0,0.0,0,0,0,0,0.3333333333333333,604,220,2.7454545454545456,0
0.049156628310275105,0.31609851121902466,1.0,0.0,1,1,1,9,0.3333333333333333,777,519,1.4971098265895955,0
0.04969729839738848,0.40532824397087097,0.0,0.0,1,1,0,7,0.5,1269,96,13.21875,0
0.00653596834426324,0.28525662422180176,0.0,0.0,1,1,0,1,0.0,702,124,5.661290322580645,0
0.030652762820323972,0.24486716091632843,0.0,0.0,1,7,0,1,0.13333333333333333,407,715,0.5692307692307692,0
0.04067623864004031,0.46695613861083984,0.0,0.0,1,1,0,10,1.0,1305,34,38.38235294117647,0
0.03987744398933499,0.30797210335731506,0.0,0.0,1,2,0,8,0.26666666666666666,786,576,1.3645833333333333,0
0.017862416080043103,0.32803165912628174,0.4,0.0,1,5,2,3,0.1111111111111111,367,97,3.783505154639175,0
0.0340611801500741,0.30055317282676697,0.0,0.0,1,9,0,2,0.13333333333333333,943,306,3.081699346405229,0
0.047612038610682986,0.3266921937465668,0.0,0.0,1,8,0,1,0.2,714,317,2.2523659305993693,0
0.04639110122757744,0.296808123588562,0.0,0.0,1,1,0,14,0.4,409,577,0.708838821490468,0
0.03759228257637671,0.29389864206314087,0.3333333333333333,0.0,1,3,1,1,0.26666666666666666,708,810,0.8740740740740741,0
0.019541984168430955,0.3148760497570038,0.0,0.0,0,0,0,32,0.0,1931,65,29.70769230769231,0
0.01885792592454437,0.22263680398464203,0.0,0.0,0,0,0,14,0.1,838,164,5.109756097560975,0
0.01610708129558421,0.21281176805496216,0.0,0.0,1,1,0,7,0.0,194,79,2.4556962025316458,0
0.04529409219650162,0.33463093638420105,0.0,0.0,0,0,0,3,0.3333333333333333,1189,452,2.6305309734513274,0
0.03359849033769419,0.2467225044965744,0.0,0.0,1,3,0,2,0.3333333333333333,954,700,1.3628571428571428,0
0.022183422530995457,0.2754950225353241,0.0,0.0,1,8,0,1,0.06666666666666667,154,317,0.48580441640378547,0
0.054943635707845315,0.3817204535007477,0.0,0.0,1,1,0,32,0.5333333333333333,1931,572,3.375874125874126,0
0.059173548658202436,0.3083689212799072,0.0,0.0,1,7,0,0,0.5333333333333333,512,682,0.750733137829912,0
0.036550422809473807,0.3583475649356842,0.0,0.0,1,2,0,10,0.2857142857142857,1305,158,8.259493670886076,0
0.03854365012097662,0.3816072642803192,0.0,0.0,1,2,0,1,0.3333333333333333,800,183,4.371584699453552,0
0.05076384112184188,0.44815772771835327,0.0,0.0,1,1,0,14,0.6,665,185,3.5945945945945947,0
0.06774870786835084,0.3493669927120209,0.6666666666666666,0.0,1,3,2,11,0.35714285714285715,663,269,2.4646840148698885,0
0.024555096335915197,0.37494251132011414,0.5,0.0,1,2,1,4,0.13333333333333333,282,604,0.46688741721854304,0
0.016142739837670138,0.47354909777641296,0.0,0.0,1,3,0,0,0.25,759,81,9.37037037037037,0
0.027565928073946668,0.3274696469306946,0.0,0.0,1,1,0,0,0.2,568,291,1.9518900343642611,0
0.041290614138950764,0.30957746505737305,0.0,0.0,1,3,0,0,0.21428571428571427,739,269,2.7472118959107807,0
0.006982649219102141,0.3620503842830658,0.0,0.0,0,0,0,1,0.0,177,42,4.214285714285714,0
0.045300788818103316,0.316922664642334,0.0,0.0,1,4,0,2,0.26666666666666666,619,599,1.0333889816360602,0
0.046931075036743285,0.2816283106803894,0.0,0.0,1,7,0,2,0.13333333333333333,277,1038,0.26685934489402696,0
0.041813797206233974,0.31652459502220154,1.0,0.0,1,1,1,9,0.2,1345,438,3.0707762557077625,0
0.02590908510017847,0.44744038581848145,0.3333333333333333,0.0,1,3,1,1,0.25,729,81,9.0,0
0.06251312747273959,0.2509211301803589,0.0,0.0,1,7,0,1,0.3333333333333333,656,1038,0.6319845857418112,0
0.017764867208835147,0.25037330389022827,1.0,0.0,1,1,1,2,0.06666666666666667,443,269,1.6468401486988848,0
0.029535275227228795,0.3103711009025574,1.0,0.0,1,1,1,19,0.3333333333333333,841,349,2.4097421203438394,0
0.05386402488827108,0.3890686631202698,0.0,0.0,0,0,0,1,0.4,739,552,1.338768115942029,0
0.061321825319562366,0.316167414188385,1.0,0.0,1,2,2,23,0.5333333333333333,2043,650,3.143076923076923,0
0.024194696536009988,0.29286134243011475,0.0,0.0,1,1,0,19,0.0,550,66,8.333333333333334,0
0.028961747186986804,0.2960076928138733,0.05555555555555555,0.0,1,18,1,2,0.13333333333333333,605,852,0.710093896713615,0
0.03795643817705098,0.32304343581199646,0.0,0.0,1,4,0,1,0.45454545454545453,646,193,3.3471502590673574,0
0.0029100783846523672,0.35714125633239746,0.0,0.0,1,1,0,2,0.0,681,34,20.029411764705884,0
0.044866555354331095,0.23900337517261505,0.0,0.0,1,7,0,1,0.13333333333333333,797,715,1.1146853146853146,0
0.03474736773814957,0.3995518684387207,0.0,0.0,1,19,0,0,0.2,620,382,1.6230366492146597,0
0.0643856897090261,0.40421155095100403,0.0,0.0,1,3,0,0,0.4666666666666667,926,582,1.5910652920962198,0
0.01595876890468107,0.32922857999801636,0.0,0.0,1,8,0,1,0.1,1011,143,7.06993006993007,0
0.030104074739023223,0.3335599899291992,0.0,0.0,1,1,0,10,0.3333333333333333,1305,79,16.518987341772153,0
0.04543573339889136,0.38205304741859436,0.6666666666666666,0.0,1,3,2,19,0.3333333333333333,542,582,0.9312714776632303,0
0.0437942688807199,0.32842546701431274,0.0,0.0,1,1,0,13,0.26666666666666666,934,575,1.6243478260869566,0
0.03486544705901154,0.30640730261802673,0.0,0.0,1,1,0,0,0.26666666666666666,1571,291,5.398625429553265,0
0.03157901082991838,0.371311753988266,0.0,0.0,1,15,0,5,0.5333333333333333,488,382,1.2774869109947644,0
0.06137866803724882,0.3437756896018982,0.0,0.0,0,0,0,12,0.4666666666666667,565,237,2.3839662447257384,0
0.03532443254506805,0.44292721152305603,0.0,0.0,1,2,0,2,0.3333333333333333,641,183,3.5027322404371586,0
0.055003583474847344,0.3761472702026367,1.0,0.0,1,1,1,1,0.3333333333333333,714,330,2.1636363636363636,0
0.04871951791103342,0.27435430884361267,0.0,0.0,1,2,0,9,0.3333333333333333,751,512,1.466796875,0
0.03137419333165396,0.34091901779174805,0.0,0.0,1,13,0,1,0.4,1640,415,3.9518072289156625,0
0.02957262145597341,0.2876679003238678,1.0,0.0,1,1,1,3,0.18181818181818182,367,216,1.6990740740740742,0
0.05169879968594868,0.35311388969421387,0.0,0.0,1,2,0,1,0.26666666666666666,1332,604,2.205298013245033,0
0.02184526674939106,0.24710117280483246,0.0,0.0,1,1,0,5,0.13333333333333333,388,349,1.1117478510028653,0
0.009636195548360375,0.26355817914009094,0.0,0.0,1,1,0,1,0.0,680,41,16.585365853658537,0
0.05124363963970239,0.25860461592674255,0.0,0.0,1,11,0,6,0.6666666666666666,1495,756,1.9775132275132274,0
0.02994756105985865,0.4621884226799011,0.0,0.0,0,0,0,8,0.0,875,24,36.458333333333336,0
0.00866016011584605,0.2529737055301666,0.0,0.0,1,1,0,12,0.1,713,151,4.7218543046357615,0
0.024065885055288422,0.3947177827358246,0.0,0.0,1,6,0,0,0.13333333333333333,290,278,1.0431654676258992,0
0.05541926462765955,0.3850991427898407,1.0,0.0,1,1,1,2,0.26666666666666666,554,706,0.7847025495750708,0
0.027206652094684796,0.2626417279243469,1.0,0.0,1,1,1,16,0.2,218,577,0.3778162911611785,0
0.039455743665064644,0.3180522620677948,0.0,0.0,0,0,0,1,0.2,815,246,3.313008130081301,0
0.02644943184171639,0.2879398763179779,0.0,0.0,1,1,0,7,0.26666666666666666,1246,301,4.1395348837209305,0
0.04085616704973611,0.25967586040496826,0.8333333333333334,0.0,1,6,5,35,0.13333333333333333,1734,636,2.7264150943396226,0
0.04145598602812681,0.39909791946411133,0.0,0.0,0,0,0,2,0.0,1064,94,11.319148936170214,0
0.03076749874262065,0.42125511169433594,0.0,0.0,1,6,0,2,0.13333333333333333,1012,278,3.6402877697841727,0
0.05555273596206108,0.3303097188472748,0.0,0.0,1,3,0,1,0.375,584,160,3.65,0
0.026463985568077053,0.3223729431629181,0.0,0.0,1,3,0,1,0.2,463,700,0.6614285714285715,0
0.02521525281237602,0.3402615785598755,0.0,0.0,0,0,0,1,0.0,680,51,13.333333333333334,0
0.024760198965183968,0.31958913803100586,1.0,0.0,1,2,2,21,0.26666666666666666,1684,290,5.8068965517241375,0
0.02177114471759562,0.30413302779197693,0.0,0.0,1,6,0,1,0.06666666666666667,243,440,0.5522727272727272,0
0.03457672303127825,0.34316593408584595,1.0,0.0,1,1,1,1,0.13333333333333333,171,575,0.29739130434782607,0
0.05071241733651629,0.30474016070365906,0.0,0.0,1,7,0,1,0.3333333333333333,775,715,1.083916083916084,0
0.02432566488893268,0.29814258217811584,0.0,0.0,1,10,0,2,0.3333333333333333,689,489,1.408997955010225,0
0.05083544004447304,0.2995786964893341,0.5,0.0,1,2,1,7,0.3333333333333333,1269,666,1.9054054054054055,0
0.03662307972848678,0.32237765192985535,0.0,0.0,1,1,0,1,0.26666666666666666,583,475,1.2273684210526317,0
0.031593006336927104,0.2937336266040802,0.0,0.0,1,6,0,0,0.06666666666666667,536,319,1.6802507836990597,0
0.017654896140325817,0.3267417252063751,0.0,0.0,1,1,0,0,0.3333333333333333,565,41,13.78048780487805,0
0.03848204651292928,0.28529393672943115,0.0,0.0,1,8,0,0,0.26666666666666666,761,754,1.009283819628647,0
0.0110014702984494,0.3367736041545868,0.0,0.0,0,0,0,5,0.13333333333333333,660,145,4.551724137931035,0
0.0262572315277157,0.33598870038986206,0.0,0.0,0,0,0,2,0.3333333333333333,954,196,4.86734693877551,0
0.03589573674242779,0.31546127796173096,0.0,0.0,0,0,0,18,0.0,535,360,1.4861111111111112,0
0.025403900281367634,0.2396286129951477,0.0,0.0,1,1,0,8,0.0,331,597,0.5544388609715243,0
0.04211334998468329,0.3349708020687103,0.0,0.0,0,0,0,1,0.26666666666666666,330,666,0.4954954954954955,0
0.043509400101717575,0.4257824122905731,0.0,0.0,1,4,0,1,0.3333333333333333,772,96,8.041666666666666,0
0.02972107153704244,0.20235241949558258,0.0,0.0,0,0,0,36,0.2,714,246,2.902439024390244,0
0.03477923583855272,0.2940649092197418,0.0,0.0,1,1,0,16,0.06666666666666667,655,696,0.9410919540229885,0
0.033239560413293394,0.28161564469337463,0.0,0.0,1,3,0,3,0.4,486,700,0.6942857142857143,0
0.029509824130686126,0.3056876063346863,0.0,0.0,0,0,0,4,0.18181818181818182,666,174,3.8275862068965516,0
0.04181383293065459,0.32152843475341797,0.0,0.0,0,0,0,0,0.26666666666666666,536,552,0.9710144927536232,0
0.01564631744129986,0.2797624468803406,0.0,0.0,0,0,0,2,0.06666666666666667,347,328,1.0579268292682926,0
0.04452807133957015,0.2560783326625824,1.0,0.0,1,1,1,38,0.3333333333333333,1805,706,2.556657223796034,0
0.044581155150888965,0.28930366039276123,0.3333333333333333,0.0,1,6,2,8,0.3333333333333333,926,695,1.3323741007194245,0
0.039709983167587184,0.40964633226394653,0.0,0.0,0,0,0,1,0.3333333333333333,679,393,1.727735368956743,0
0.048517846049328434,0.3496626913547516,0.0,0.0,1,1,0,7,0.13333333333333333,808,229,3.5283842794759823,0
0.0034243205099531125,0.4703390896320343,0.0,0.0,0,0,0,2,0.0,783,29,27.0,0
0.02341774256095633,0.3111242353916168,0.0,0.0,0,0,0,1,0.13333333333333333,1903,378,5.034391534391534,0
0.042888966600023906,0.26395881175994873,0.0,0.0,0,0,0,19,0.3333333333333333,793,1038,0.7639691714836223,0
0.04244176373116464,0.27901893854141235,0.0,0.0,1,10,0,0,0.06666666666666667,1591,986,1.6135902636916837,0
0.03561327014325445,0.31445828080177307,0.0,0.0,1,5,0,0,0.26666666666666666,536,1041,0.5148895292987512,0
0.013940127040123897,0.4409676492214203,0.0,0.0,1,2,0,1,0.0,243,34,7.147058823529412,0
0.02507258523954916,0.3730162978172302,0.0,0.0,1,3,0,19,0.25,542,160,3.3875,0
0.01553848610999176,0.23217542469501495,0.0,0.0,1,9,0,0,0.06666666666666667,655,553,1.1844484629294756,0
0.023615552985612177,0.2943914830684662,0.0,0.0,1,4,0,1,0.13333333333333333,652,216,3.0185185185185186,0
0.02098085927219565,0.3422810733318329,0.0,0.0,1,6,0,3,0.13333333333333333,675,369,1.829268292682927,0
0.016812046288418644,0.3174683153629303,0.0,0.0,1,1,0,5,0.13333333333333333,895,229,3.908296943231441,0
0.021824660939875395,0.24633993208408356,0.0,0.0,1,1,0,2,0.06666666666666667,527,317,1.662460567823344,0
0.018191438657844533,0.4338953495025635,0.0,0.0,0,0,0,1,0.0,1011,46,21.97826086956522,0
0.031925346292401714,0.35937872529029846,0.0,0.0,1,1,0,0,0.2,360,317,1.135646687697161,0
0.03562392197944771,0.3406843841075897,0.0,0.0,0,0,0,12,0.2,1153,272,4.238970588235294,0
0.05271147673149026,0.33124566078186035,0.0,0.0,1,7,0,0,0.4,575,696,0.8261494252873564,0
0.030289400538896085,0.3161351978778839,0.0,0.0,1,3,0,1,0.3333333333333333,1011,700,1.4442857142857144,0
0.04087590984084294,0.31248772144317627,0.25,0.0,1,4,1,11,0.3333333333333333,663,216,3.0694444444444446,0
0.03176931129937955,0.3808712363243103,0.0,0.0,1,6,0,0,0.2727272727272727,364,226,1.6106194690265487,0
0.01809619166392522,0.26019275188446045,0.0,0.0,0,0,0,7,0.3333333333333333,1269,145,8.751724137931035,0
0.019618777303029227,0.485850065946579,0.0,0.0,0,0,0,7,0.0,1206,132,9.136363636363637,0
0.02392660196688567,0.2983347773551941,0.0,0.0,1,10,0,2,0.13333333333333333,605,748,0.8088235294117647,0
0.030981979852605285,0.37778565287590027,0.0,0.0,1,6,0,0,0.2,332,387,0.8578811369509044,0
0.06096494032537128,0.37600764632225037,1.0,0.0,1,1,1,10,0.26666666666666666,1096,681,1.6093979441997064,0
0.05639468502759287,0.3906659185886383,0.16666666666666666,0.0,1,6,1,7,0.5,465,134,3.470149253731343,0
0.037897791731038404,0.3148336112499237,0.0,0.0,1,1,0,5,0.26666666666666666,660,297,2.2222222222222223,0
0.05189056394062376,0.3123950958251953,0.0,0.0,1,2,0,4,0.4,666,575,1.1582608695652175,0
0.037428762226406245,0.33077922463417053,0.5,0.0,1,2,1,1,0.2,458,665,0.6887218045112782,0
0.046050474991163236,0.365039199590683,1.0,0.0,1,1,1,4,0.13333333333333333,559,308,1.8149350649350648,0
0.02289293169168796,0.34252873063087463,0.0,0.0,0,0,0,12,0.375,577,110,5.245454545454545,0
0.015184196371563884,0.17870143055915833,0.0,0.0,1,1,0,4,0.06666666666666667,776,204,3.803921568627451,0
0.027993283225791275,0.34143930673599243,0.0,0.0,1,8,0,1,0.3333333333333333,724,316,2.2911392405063293,0
0.024585069248222163,0.28822988271713257,0.0,0.0,1,6,0,5,0.13333333333333333,570,279,2.043010752688172,0
0.016262816952152967,0.2056824415922165,0.0,0.0,0,0,0,2,0.0,608,78,7.794871794871795,0
0.0512858915972858,0.32203593850135803,0.0,0.0,1,8,0,2,0.3333333333333333,608,754,0.8063660477453581,0
0.012363116043743353,0.36952608823776245,0.0,0.0,1,1,0,0,0.5,1502,34,44.1764705882353,0
0.043070942071341815,0.3366892635822296,0.0,0.0,1,4,0,0,0.3333333333333333,1152,478,2.410041841004184,0
0.041608070645870715,0.34043917059898376,0.0,0.0,0,0,0,1,0.3333333333333333,489,409,1.19559902200489,0
0.03543595819867119,0.31350821256637573,1.0,0.0,1,1,1,12,0.3333333333333333,713,519,1.3737957610789981,0
0.028745022088488337,0.3198252022266388,0.0,0.0,1,10,0,1,0.3333333333333333,680,297,2.2895622895622894,0
0.03249497822789611,0.43080955743789673,0.0,0.0,1,1,0,39,1.0,2130,80,26.625,0
0.047100959281213606,0.2885749936103821,0.0,0.0,0,0,0,9,0.26666666666666666,709,452,1.5685840707964602,0
0.021290806108968902,0.30790582299232483,0.0,0.0,1,1,0,19,0.07692307692307693,550,169,3.2544378698224854,0
0.05532756300663878,0.3397735357284546,0.125,0.0,1,8,1,4,0.5333333333333333,1401,488,2.8709016393442623,0
0.022258194511983697,0.2394188642501831,0.0,0.0,0,0,0,0,0.2,568,263,2.159695817490494,0
0.07304333325436231,0.3747835159301758,0.0,0.0,1,2,0,23,0.6,2043,476,4.292016806722689,0
0.0197172786695697,0.24297435581684113,0.0,0.0,0,0,0,20,0.13333333333333333,662,552,1.1992753623188406,0
0.021101947118717324,0.28810784220695496,0.0,0.0,0,0,0,5,0.06666666666666667,570,289,1.972318339100346,0
0.03307168401440462,0.3087023198604584,0.0,0.0,0,0,0,0,0.26666666666666666,1006,476,2.1134453781512605,0
0.03785239624072055,0.287683367729187,0.0,0.0,1,4,0,0,0.13333333333333333,523,599,0.8731218697829716,0
0.02398349612386012,0.3203693926334381,0.0,0.0,0,0,0,1,0.13333333333333333,680,233,2.9184549356223175,0
0.02006300487789711,0.3317449688911438,0.0,0.0,1,15,0,3,0.26666666666666666,686,382,1.7958115183246073,0
0.022381344934585188,0.2856532633304596,0.0,0.0,0,0,0,5,0.3333333333333333,826,172,4.8023255813953485,0
0.047604819210838964,0.323762446641922,0.0,0.0,0,0,0,0,0.4,1209,666,1.8153153153153154,0
0.009962089670805724,0.27617499232292175,0.0,0.0,1,1,0,3,0.06666666666666667,464,156,2.9743589743589745,0
0.030568838918196894,0.39368727803230286,0.0,0.0,0,0,0,0,0.26666666666666666,278,145,1.9172413793103449,0
0.01130783598716208,0.2933412790298462,0.0,0.0,1,1,0,1,0.0,679,41,16.5609756097561,0
0.027152762437016465,0.39754047989845276,0.0,0.0,0,0,0,1,0.0,1431,132,10.840909090909092,0
0.03812631319799206,0.24263937771320343,0.0,0.0,1,6,0,0,0.13333333333333333,181,877,0.2063854047890536,0
0.030599852047992936,0.34604012966156006,0.0,0.0,1,1,0,1,0.25,741,113,6.557522123893805,0
0.06203360521772662,0.41845306754112244,0.0,0.0,1,1,0,0,0.4,3134,270,11.607407407407408,0
0.019359203354942355,0.2871914505958557,0.0,0.0,0,0,0,13,0.13333333333333333,276,452,0.6106194690265486,0
0.016551254754932666,0.1884680688381195,0.0,0.0,0,0,0,3,0.06666666666666667,464,378,1.2275132275132274,0
0.04482258511972719,0.30785033106803894,0.0,0.0,1,3,0,1,0.13333333333333333,1410,774,1.821705426356589,0
0.04109009054235139,0.34619420766830444,0.0,0.0,1,1,0,17,0.26666666666666666,1626,526,3.091254752851711,0
0.036322840159220826,0.30801284313201904,0.0,0.0,1,5,0,0,0.26666666666666666,775,346,2.239884393063584,0
0.014613864191000584,0.3135947287082672,0.0,0.0,1,1,0,0,0.06666666666666667,84,475,0.17684210526315788,0
0.030420690800349304,0.3347819745540619,1.0,0.0,1,1,1,2,0.3333333333333333,939,136,6.904411764705882,0
0.04233089461323684,0.3330239951610565,0.0,0.0,1,2,0,19,0.26666666666666666,542,476,1.138655462184874,0
0.02806949018799454,0.36920174956321716,0.0,0.0,1,1,0,7,0.38461538461538464,887,157,5.649681528662421,0
0.04647804215476085,0.33054718375205994,0.0,0.0,1,4,0,4,0.4,644,606,1.0627062706270627,0
0.023915238507801424,0.29242509603500366,0.0,0.0,1,10,0,0,0.2,460,489,0.9406952965235174,0
0.047659065879291,0.39535877108573914,0.0,0.0,1,3,0,9,0.5,1018,169,6.023668639053255,0
0.045613336408971084,0.38834863901138306,0.5,0.0,1,2,1,2,0.13333333333333333,619,235,2.6340425531914895,0
0.011532478934052837,0.2760154604911804,0.0,0.0,0,0,0,2,0.07692307692307693,633,158,4.006329113924051,0
0.07392014889502309,0.44635894894599915,0.6666666666666666,0.0,1,6,4,17,0.5333333333333333,464,387,1.198966408268734,0
0.04417869543910339,0.452069491147995,0.0,0.0,1,1,0,8,0.5,937,113,8.29203539823009,0
0.0465794061009515,0.2961755692958832,0.0,0.0,0,0,0,1,0.2,743,552,1.3460144927536233,0
0.0323942521814733,0.3321097791194916,0.0,0.0,1,4,0,0,0.2,536,313,1.7124600638977636,0
0.0434400833611004,0.33134737610816956,0.0,0.0,0,0,0,13,0.4,2230,349,6.389684813753582,0
0.03132060445261026,0.2601095736026764,0.0,0.0,0,0,0,10,0.2,957,164,5.835365853658536,0
0.04254487549788772,0.31018203496932983,0.0,0.0,1,4,0,0,0.4,460,317,1.4511041009463723,0
0.03464721016112109,0.3541446924209595,1.0,0.0,1,1,1,5,0.06666666666666667,582,473,1.230443974630021,0
0.04576207243463598,0.37796205282211304,0.6666666666666666,0.0,1,3,2,14,0.3333333333333333,816,333,2.4504504504504503,0
0.04817488479753565,0.39818161725997925,0.0,0.0,0,0,0,17,0.4666666666666667,1626,353,4.606232294617564,0
0.026723516631871974,0.3352331519126892,0.0,0.0,1,3,0,2,0.5384615384615384,1058,226,4.68141592920354,0
0.030253173061456563,0.273224413394928,0.0,0.0,1,13,0,5,0.06666666666666667,570,415,1.3734939759036144,0
0.028168227689393952,0.3755473792552948,1.0,0.0,1,1,1,13,0.14285714285714285,2230,152,14.671052631578947,0
0.02427267499774083,0.3587852418422699,0.0,0.0,1,3,0,1,0.25,485,122,3.9754098360655736,0
0.028247424868483497,0.2918927073478699,0.0,0.0,1,7,0,1,0.13333333333333333,726,474,1.5316455696202531,0
0.01951396045317121,0.27670642733573914,0.0,0.0,1,5,0,0,0.06666666666666667,469,679,0.6907216494845361,0
0.028727921839970055,0.31998884677886963,0.0,0.0,1,1,0,2,0.5,619,96,6.447916666666667,0
0.037969367609779404,0.4080685079097748,0.0,0.0,0,0,0,2,0.4,605,415,1.4578313253012047,0
0.053763159764142095,0.37302112579345703,1.0,0.0,1,5,5,35,0.5333333333333333,1940,285,6.807017543859649,0
0.03169828449413784,0.32933783531188965,1.0,0.0,1,1,1,1,0.2,714,234,3.051282051282051,0
0.03422114686214854,0.32270023226737976,0.0,0.0,0,0,0,1,0.2,820,231,3.54978354978355,0
0.02657631072409862,0.25765740871429443,0.0,0.0,0,0,0,8,0.2,790,351,2.2507122507122506,0
0.08600493550460367,0.38927844166755676,0.125,0.0,1,8,1,4,0.5333333333333333,685,874,0.7837528604118993,0
0.031218687920615128,0.254433274269104,0.0,0.0,1,6,0,0,0.26666666666666666,490,546,0.8974358974358975,0
0.012414192001230565,0.26684972643852234,0.0,0.0,1,10,0,1,0.2,171,489,0.3496932515337423,0
0.026021836386483227,0.27378401160240173,0.0,0.0,0,0,0,1,0.13333333333333333,439,246,1.7845528455284554,0
0.028676159576912625,0.2995136082172394,1.0,0.0,1,1,1,19,0.13333333333333333,550,395,1.3924050632911393,0
0.03658262627366169,0.44081732630729675,0.0,0.0,1,15,0,0,0.26666666666666666,397,382,1.0392670157068062,0
0.023642154950950758,0.5223552584648132,0.0,0.0,0,0,0,2,1.0,625,29,21.551724137931036,0
0.053337674958927314,0.26148226857185364,0.5,0.0,1,6,3,39,0.26666666666666666,2130,877,2.428734321550741,0
0.01801002486183207,0.2761857509613037,0.0,0.0,1,1,0,19,0.0,969,317,3.056782334384858,0
0.028758796061234347,0.2386423498392105,0.0,0.0,0,0,0,12,0.13333333333333333,577,258,2.2364341085271318,0
0.022358406724290632,0.30839645862579346,0.0,0.0,0,0,0,0,0.2,924,246,3.7560975609756095,0
0.03372662319165372,0.35358041524887085,1.0,0.0,1,1,1,35,0.42857142857142855,1940,121,16.03305785123967,0
0.04376935046170374,0.3533613383769989,0.0,0.0,0,0,0,0,0.3333333333333333,575,277,2.0758122743682312,0
0.04767012712511968,0.32283416390419006,0.0,0.0,0,0,0,0,0.4,620,393,1.5776081424936388,0
0.031481125365187726,0.36528724431991577,0.0,0.0,1,1,0,0,0.4,476,156,3.051282051282051,0
0.014956041965366564,0.3395445644855499,0.0,0.0,0,0,0,5,0.06666666666666667,570,277,2.0577617328519855,0
0.02388200716807118,0.3434993624687195,0.0,0.0,1,1,0,20,0.13333333333333333,619,339,1.8259587020648969,0
0.024335887116819603,0.27535513043403625,0.16666666666666666,0.0,1,6,1,6,0.06666666666666667,392,546,0.717948717948718,0
0.015303079858905583,0.40419459342956543,0.0,0.0,0,0,0,17,0.0,464,132,3.515151515151515,0
0.010734961978029476,0.39159876108169556,0.0,0.0,1,1,0,1,0.3333333333333333,620,41,15.121951219512194,0
0.04077768639916756,0.29349076747894287,0.0,0.0,1,5,0,2,0.2,1058,679,1.5581737849779087,0
0.015194430725332908,0.2864612936973572,0.0,0.0,0,0,0,2,0.16666666666666666,830,172,4.825581395348837,0
0.019255641392618348,0.371049702167511,0.0,0.0,0,0,0,1,0.25,826,84,9.833333333333334,0
0.03258534081501645,0.38887259364128113,0.0,0.0,0,0,0,2,0.25,689,91,7.571428571428571,0
0.04263879359397162,0.3637661039829254,0.0,0.0,0,0,0,32,0.5333333333333333,1931,549,3.517304189435337,0
0.027608511330523295,0.27496808767318726,0.0,0.0,0,0,0,1,0.13333333333333333,558,214,2.607476635514019,0
0.04189846862329516,0.3461909592151642,0.0,0.0,0,0,0,2,0.3333333333333333,448,311,1.4405144694533762,0
0.02510042310391567,0.37268057465553284,0.0,0.0,0,0,0,17,0.36363636363636365,464,174,2.6666666666666665,0
0.021773121204749116,0.3310127556324005,0.0,0.0,1,9,0,1,0.13333333333333333,1011,553,1.8282097649186257,0
0.05597552160506322,0.30085182189941406,0.0,0.2,1,7,1,10,0.4666666666666667,1305,682,1.9134897360703813,0
0.015168509461415838,0.34352371096611023,0.0,0.0,1,6,0,1,0.2,542,369,1.4688346883468835,0
0.04274507350949548,0.34531164169311523,0.0,0.0,1,1,0,1,0.13333333333333333,295,575,0.5130434782608696,0
0.06920868264007397,0.42232391238212585,0.0,1.0,1,3,1,5,0.375,1789,169,10.585798816568047,0
0.04564501523669369,0.29972198605537415,0.3333333333333333,0.0,1,3,1,1,0.3333333333333333,439,810,0.5419753086419753,0
0.017420604978503305,0.26154255867004395,0.0,0.0,0,0,0,20,0.06666666666666667,640,300,2.1333333333333333,0
0.03415548811785894,0.3031000792980194,0.0,0.0,0,0,0,4,0.2,918,300,3.06,0
0.03568976448556946,0.30185839533805847,0.0,0.0,1,10,0,2,0.13333333333333333,554,717,0.7726638772663877,0
0.0373998640190475,0.3173122704029083,0.0,0.0,1,9,0,1,0.26666666666666666,665,306,2.173202614379085,0
0.026236757110900243,0.2998223304748535,0.0,0.0,1,15,0,1,0.2,674,382,1.7643979057591623,0
0.059259745443134115,0.3668655455112457,0.0,0.0,1,16,0,2,0.3333333333333333,1048,1015,1.032512315270936,0
0.05006202535943611,0.35073238611221313,0.0,0.0,1,2,0,4,0.26666666666666666,1305,586,2.226962457337884,0
0.04626080780520311,0.3590070903301239,0.0,0.0,1,6,0,4,0.26666666666666666,685,555,1.2342342342342343,0
0.013493845496311097,0.33993253111839294,0.0,0.0,1,8,0,0,0.1,482,193,2.4974093264248705,0
0.04183552102780356,0.4086451530456543,0.125,0.0,1,8,1,5,0.4666666666666667,826,316,2.6139240506329116,0
0.0254290963271648,0.4125099182128906,0.0,0.0,1,2,0,5,0.25,542,73,7.424657534246576,0
0.07478915903231209,0.4043986201286316,0.0,0.0,1,1,0,0,0.3333333333333333,639,300,2.13,0
0.02438437841037596,0.386779248714447,0.0,0.0,0,0,0,3,0.3,759,108,7.027777777777778,0
0.02048456141672738,0.30931439995765686,0.0,0.0,1,1,0,0,0.5,349,121,2.884297520661157,0
0.044271764384547115,0.33785587549209595,0.0,0.0,1,13,0,2,0.3333333333333333,496,673,0.736998514115899,0
0.021551906521451572,0.28721898794174194,0.0,0.0,1,10,0,0,0.13333333333333333,644,489,1.3169734151329244,0
0.041188545258198137,0.3237297534942627,0.5,0.0,1,2,1,19,0.26666666666666666,969,586,1.6535836177474403,0
0.04494936498213649,0.3182629942893982,0.0,0.0,1,18,0,0,0.3333333333333333,397,852,0.465962441314554,0
0.06598325301039827,0.3348081707954407,0.5384615384615384,0.0,1,13,7,11,0.4,1003,780,1.285897435897436,0
0.03207079980925657,0.27212756872177124,0.0,0.0,1,5,0,1,0.26666666666666666,177,492,0.3597560975609756,0
0.01062738043711769,0.33967259526252747,0.125,0.0,1,8,1,2,0.0,605,193,3.134715025906736,0
0.02688871568229543,0.40129393339157104,0.0,0.0,0,0,0,1,0.0,295,158,1.8670886075949367,0
0.024677863368534416,0.4160964787006378,0.0,0.0,1,4,0,1,0.3333333333333333,542,96,5.645833333333333,0
0.02302709130154007,0.2748815715312958,0.0,0.0,0,0,0,0,0.0,181,102,1.7745098039215685,0
0.02621811150045178,0.3167021572589874,0.0,0.0,0,0,0,19,0.2,542,452,1.1991150442477876,0
0.03489958404655406,0.3597680330276489,0.0,0.0,0,0,0,9,0.23076923076923078,1345,158,8.512658227848101,0
0.023316587897564717,0.340264230966568,0.0,0.0,0,0,0,1,0.25,565,101,5.594059405940594,0
0.035818356073275846,0.37471678853034973,1.0,0.0,1,1,1,1,0.2,1011,269,3.758364312267658,0
0.037348163508252985,0.35813429951667786,0.0,0.0,1,3,0,0,0.2,236,1079,0.21872103799814643,0
0.01384278001732287,0.24662229418754578,0.0,0.0,1,1,0,1,0.0,586,66,8.878787878787879,0
0.030452668802063584,0.3568773865699768,0.0,0.0,1,1,0,1,0.26666666666666666,586,296,1.9797297297297298,0
0.026416251978901576,0.29609519243240356,0.0,0.0,0,0,0,12,0.06666666666666667,864,353,2.4475920679886687,0
0.04434651547732878,0.3646676540374756,0.0,0.0,1,4,0,0,0.26666666666666666,536,508,1.0551181102362204,0
0.015984863060535818,0.25271376967430115,0.0,0.0,1,1,0,12,0.06666666666666667,562,204,2.7549019607843137,0
0.040002905370556126,0.2897653877735138,0.0,0.0,0,0,0,3,0.2,1474,518,2.8455598455598454,0
0.04538564044188496,0.36254724860191345,0.0,0.0,1,6,0,2,0.18181818181818182,282,226,1.247787610619469,0
0.06056904690480149,0.3774491250514984,1.0,0.0,1,1,1,5,0.3333333333333333,582,810,0.7185185185185186,0
0.02058373506365785,0.3000697195529938,0.0,0.0,1,2,0,0,0.25,290,73,3.9726027397260273,0
0.027605020825987692,0.3418537378311157,0.0,0.0,0,0,0,17,0.2222222222222222,464,170,2.7294117647058824,0
0.03311361536811778,0.2890794575214386,0.0,0.0,0,0,0,1,0.5,1239,94,13.180851063829786,0
0.034838926801662555,0.27530866861343384,1.0,0.0,1,1,1,2,0.3333333333333333,809,521,1.5527831094049904,0
0.027705708120458042,0.2983211874961853,0.0,0.0,1,5,0,1,0.2,333,1041,0.31988472622478387,0
0.030767538769231582,0.35000133514404297,0.0,0.0,1,1,0,13,0.26666666666666666,504,229,2.2008733624454146,0
0.03557522115192563,0.29984092712402344,1.0,0.0,1,1,1,14,0.2,816,438,1.8630136986301369,0
0.02133976758786675,0.34267187118530273,0.0,0.0,1,1,0,2,0.26666666666666666,939,296,3.1722972972972974,0
0.025534853790436466,0.46724602580070496,0.0,0.0,1,3,0,0,0.25,614,81,7.580246913580247,0
0.007084500742951154,0.35108882188796997,0.0,0.0,0,0,0,4,0.0,642,64,10.03125,0
0.058858845915152294,0.3100162148475647,0.5,0.0,1,2,1,1,0.2,255,666,0.38288288288288286,0
0.039425269625599266,0.35948002338409424,0.0,0.0,0,0,0,15,0.4,1855,379,4.894459102902375,0
0.034859090354712755,0.31152594089508057,0.0,0.0,1,6,0,1,0.13333333333333333,826,319,2.5893416927899686,0
0.016720944959092494,0.24270041286945343,0.0,0.0,0,0,0,1,0.2,702,349,2.011461318051576,0
0.046199531238192856,0.3684220314025879,0.0,0.0,0,0,0,1,0.4,1011,391,2.585677749360614,0
0.011641307895387653,0.25229427218437195,0.0,0.0,0,0,0,0,0.0,590,64,9.21875,0
0.016509881074363845,0.32278692722320557,0.0,0.0,1,4,0,1,0.0,463,317,1.4605678233438486,0
0.013864839815878882,0.26162856817245483,0.0,0.0,0,0,0,0,0.0,207,452,0.4579646017699115,0
0.0545361569385911,0.34468740224838257,0.0,0.0,0,0,0,0,0.5333333333333333,543,565,0.9610619469026549,0
0.04536389328300702,0.3748130798339844,0.5,0.0,1,2,1,5,0.13333333333333333,741,575,1.288695652173913,0
0.017836334539778766,0.4104776382446289,0.0,0.0,1,6,0,1,0.13333333333333333,687,278,2.471223021582734,0
0.036350527908546974,0.3917694389820099,0.5,0.0,1,2,1,2,0.26666666666666666,681,559,1.2182468694096602,0
0.03780677663933276,0.32925575971603394,0.0,0.0,1,1,0,1,0.13333333333333333,820,428,1.9158878504672898,0
0.03421633528411054,0.31693416833877563,0.0,0.0,0,0,0,14,0.13333333333333333,665,353,1.8838526912181304,0
0.03415788813213495,0.2847476303577423,0.0,0.0,1,6,0,1,0.3333333333333333,546,877,0.6225769669327252,0
0.038094898107248976,0.2978368401527405,0.0,0.0,1,3,0,0,0.07142857142857142,255,269,0.9479553903345725,0
0.03624803328947722,0.45027509331703186,0.0,0.0,1,15,0,0,0.26666666666666666,655,382,1.7146596858638743,0
0.02161722311073211,0.30061498284339905,0.0,0.0,1,3,0,0,0.2,224,774,0.28940568475452194,0
0.019236522939218476,0.2498181015253067,0.0,0.0,1,1,0,3,0.2,882,156,5.653846153846154,0
0.0,0.32966649532318115,0.0,0.0,1,1,0,11,0.0,602,36,16.72222222222222,0
0.049905652276430915,0.3187249004840851,0.6666666666666666,0.0,1,3,2,9,0.5333333333333333,644,438,1.4703196347031964,0
0.01762762343473845,0.27155646681785583,0.0,0.0,0,0,0,20,0.26666666666666666,662,145,4.56551724137931,0
0.06494815583416604,0.3797195255756378,0.25,0.6666666666666666,1,7,3,14,0.4666666666666667,665,474,1.4029535864978904,0
0.02624791860524956,0.17819304764270782,0.0,0.0,0,0,0,15,0.06666666666666667,743,274,2.7116788321167884,0
0.01697020689329012,0.2750115394592285,0.0,0.0,1,1,0,9,0.13333333333333333,476,204,2.3333333333333335,0
0.02373821788599574,0.28167763352394104,0.0,0.0,1,1,0,3,0.13333333333333333,815,296,2.7533783783783785,0
0.057124626534025176,0.3422512412071228,0.0,0.0,1,4,0,7,0.2857142857142857,213,203,1.0492610837438423,0
0.032398095765850544,0.3937859535217285,0.0,0.0,0,0,0,2,0.2857142857142857,1048,85,12.329411764705883,0
0.020784972168658735,0.3374713659286499,0.0,0.0,1,5,0,0,0.2,536,285,1.880701754385965,0
0.03150808966645908,0.32019245624542236,0.0,0.0,0,0,0,7,0.15384615384615385,808,158,5.113924050632911,0
0.0452907291312303,0.3190695643424988,0.0,0.0,1,13,0,0,0.13333333333333333,872,491,1.7759674134419552,0
0.028197645646420678,0.3931766748428345,0.3333333333333333,0.0,1,3,1,1,0.25,593,81,7.320987654320987,0
0.04078211043333997,0.4061945676803589,0.0,0.0,1,1,0,1,0.4,591,249,2.3734939759036147,0
0.012759916606566377,0.26472556591033936,0.0,0.0,1,1,0,2,0.5,554,67,8.26865671641791,0
0.027845401309451744,0.30915403366088867,0.0,0.0,0,0,0,10,0.23076923076923078,781,158,4.943037974683544,0
0.059811170745149175,0.4045034348964691,0.0,0.0,0,0,0,1,0.3333333333333333,718,666,1.078078078078078,0
0.03440666247986221,0.3128416836261749,0.0,0.0,1,1,0,4,0.13333333333333333,1305,473,2.758985200845666,0
0.040711748361852367,0.3002261221408844,0.5,0.0,1,10,5,14,0.3333333333333333,667,489,1.3640081799591002,0
0.03246543377150195,0.30313098430633545,0.0,0.0,1,4,0,0,0.26666666666666666,568,508,1.1181102362204725,0
0.04113987207042711,0.29141461849212646,0.0,0.0,0,0,0,18,0.26666666666666666,535,376,1.422872340425532,0
0.046007797748504956,0.46914100646972656,1.0,0.0,1,1,1,3,0.23076923076923078,315,169,1.863905325443787,0
0.03464279551770893,0.280536949634552,0.0,0.0,1,4,0,2,0.26666666666666666,277,216,1.2824074074074074,0
0.02715282289529032,0.32773587107658386,0.0,0.0,1,2,0,1,0.26666666666666666,501,586,0.8549488054607508,0
0.02660192774158348,0.3237656056880951,0.0,0.0,1,1,0,7,0.13333333333333333,674,308,2.188311688311688,0
0.04240145198624452,0.3232910633087158,0.0,0.0,0,0,0,4,0.4,786,574,1.3693379790940767,0
0.013013574981352931,0.3116583526134491,0.0,0.0,1,2,0,0,0.0,578,73,7.917808219178082,0
0.03170193657511413,0.2806396484375,1.0,0.0,1,1,1,10,0.0,828,66,12.545454545454545,0
0.02877604227037977,0.3417392373085022,0.0,0.0,0,0,0,4,0.06666666666666667,282,503,0.5606361829025845,0
0.03546106520497056,0.3360622823238373,1.0,0.0,1,1,1,1,0.0,508,219,2.319634703196347,0
0.04264416115471404,0.2558101713657379,0.0,0.0,0,0,0,1,0.13333333333333333,338,1038,0.325626204238921,0
0.03258046015946911,0.2972392737865448,0.0,0.0,1,5,0,0,0.06666666666666667,600,346,1.7341040462427746,0
0.03132523495033139,0.42435893416404724,0.6666666666666666,0.0,1,3,2,4,0.25,638,122,5.229508196721311,0
0.044660674928969725,0.46874070167541504,0.0,0.0,0,0,0,4,0.5,918,94,9.76595744680851,0
0.04716952196569333,0.34833404421806335,0.16666666666666666,0.0,1,6,1,4,0.2,428,440,0.9727272727272728,0
0.016323871311274597,0.24122974276542664,0.0,0.0,1,1,0,14,0.06666666666666667,680,156,4.358974358974359,0
0.04694094990859371,0.37776094675064087,0.0,0.0,0,0,0,13,0.3333333333333333,2230,503,4.433399602385686,0
0.04338707509993449,0.37170666456222534,0.0,0.0,1,1,0,4,0.4,618,330,1.8727272727272728,0
0.1002515634943035,0.5305345058441162,0.0,0.0,1,1,0,6,0.6666666666666666,698,185,3.772972972972973,0
0.04137888561829039,0.38298019766807556,1.0,0.0,1,1,1,1,0.3333333333333333,571,308,1.853896103896104,0
0.05760796330788134,0.4540748596191406,1.0,0.0,1,1,1,1,0.2,591,270,2.188888888888889,0
0.037107778907063085,0.34651413559913635,0.0,0.0,1,8,0,3,0.13333333333333333,478,316,1.5126582278481013,0
0.032314711710128,0.3130286633968353,0.0,0.0,0,0,0,11,0.3333333333333333,1144,378,3.0264550264550265,0
0.036577387213078676,0.30910906195640564,1.0,0.0,1,1,1,10,0.13333333333333333,781,696,1.1221264367816093,0
0.03418656182410294,0.38567906618118286,1.0,0.0,1,1,1,3,0.2222222222222222,315,125,2.52,0
0.012229200881984688,0.41156482696533203,0.0,0.0,1,1,0,5,0.0,660,34,19.41176470588235,0
0.03245838992709715,0.35839834809303284,0.0,0.0,1,1,0,0,0.2,536,300,1.7866666666666666,0
0.02839977505617716,0.3038763999938965,0.0,0.0,0,0,0,0,0.26666666666666666,539,409,1.3178484107579462,0
0.016956633850712964,0.26706668734550476,0.0,0.0,1,1,0,7,0.25,683,67,10.194029850746269,0
0.03274649405858725,0.43280860781669617,1.0,0.0,1,1,1,11,0.2727272727272727,524,143,3.664335664335664,0
0.04499422076304666,0.3473290801048279,0.0,0.0,1,12,0,0,0.3333333333333333,638,532,1.199248120300752,0
0.06093904923257285,0.41717949509620667,0.0,0.0,0,0,0,5,0.06666666666666667,582,486,1.1975308641975309,0
0.04382373014265157,0.35498982667922974,0.0,0.0,1,6,0,1,0.2,698,319,2.188087774294671,0
0.03141895592461778,0.2975681722164154,0.0,0.0,1,4,0,2,0.26666666666666666,843,602,1.4003322259136213,0
0.04185812955688286,0.4370408058166504,0.0,0.0,0,0,0,4,0.3333333333333333,747,196,3.811224489795918,0
0.03262084132415298,0.42535123229026794,0.0,0.0,1,19,0,0,0.2,603,382,1.5785340314136125,0
0.02983128949957337,0.23565208911895752,0.0,0.0,1,9,0,1,0.2,674,683,0.986822840409956,0
0.025690543986606352,0.3469145596027374,0.0,0.0,0,0,0,2,0.2,619,272,2.275735294117647,0
0.03379956900594528,0.26781126856803894,0.1,0.0,1,10,1,4,0.26666666666666666,810,489,1.656441717791411,0
0.02363802357247591,0.29722994565963745,0.0,0.0,0,0,0,13,0.4,357,102,3.5,0
0.06746789297043723,0.39673224091529846,0.0,0.0,1,1,0,3,0.4,1139,572,1.9912587412587412,0
0.04911983974407365,0.4118078649044037,0.0,0.0,0,0,0,1,0.26666666666666666,436,393,1.10941475826972,0
0.037583535673175794,0.34124740958213806,0.0,0.0,0,0,0,7,0.46153846153846156,1269,158,8.031645569620252,0
0.027628027069105165,0.2861435115337372,0.0,0.0,0,0,0,1,0.4,1011,246,4.109756097560975,0
0.02403451092695245,0.19770416617393494,0.0,0.0,0,0,0,3,0.13333333333333333,270,258,1.0465116279069768,0
0.03297347758682531,0.3717527985572815,0.0,0.0,0,0,0,6,0.2,434,415,1.0457831325301206,0
0.06190962088644074,0.463517427444458,0.0,0.0,1,3,0,2,0.2,625,333,1.8768768768768769,0
0.034387901599954536,0.3960578441619873,0.0,0.0,1,1,0,1,0.26666666666666666,439,185,2.372972972972973,0
0.03285966736031094,0.31701529026031494,0.0,0.0,1,18,0,0,0.2,626,852,0.7347417840375586,0
0.037232707789225356,0.29355448484420776,0.0,0.0,1,7,0,2,0.13333333333333333,703,715,0.9832167832167832,0
0.04038158888462193,0.28158584237098694,0.0,0.0,0,0,0,12,0.26666666666666666,577,486,1.1872427983539096,0
0.04733909411253118,0.3092934787273407,0.0,0.0,1,8,0,1,0.13333333333333333,578,754,0.76657824933687,0
0.04309587958109454,0.2712549567222595,0.0,0.0,1,6,0,1,0.4,766,877,0.8734321550741163,0
0.032482130647558914,0.31133386492729187,0.0,0.0,0,0,0,8,0.13333333333333333,443,289,1.532871972318339,0
0.03068566502108063,0.22724443674087524,0.0,0.0,1,6,0,7,0.2,194,664,0.2921686746987952,0
0.06400032406899005,0.5559115409851074,1.0,0.0,1,1,1,11,1.0,2164,80,27.05,0
0.032056001231916646,0.2552435100078583,0.0,0.0,1,1,0,2,0.2,443,438,1.0114155251141552,0
0.02888498680162433,0.4127935767173767,0.0,0.0,1,5,0,2,0.2857142857142857,681,165,4.127272727272727,0
0.02827770726594499,0.38949689269065857,0.0,0.0,1,1,0,4,0.21428571428571427,1401,152,9.217105263157896,0
0.03949720087571602,0.30431440472602844,0.0,0.0,0,0,0,9,0.13333333333333333,321,351,0.9145299145299145,0
0.015233105895184881,0.3066636323928833,1.0,0.0,1,1,1,1,0.06666666666666667,1903,234,8.132478632478632,0
0.02138264409775662,0.30597442388534546,0.0,0.0,0,0,0,13,0.2,899,64,14.046875,0
0.00790247015933155,0.24679523706436157,0.0,0.0,1,1,0,9,0.0,476,79,6.025316455696203,0
0.03144271128799343,0.29812777042388916,0.0,0.0,1,6,0,1,0.2,698,571,1.222416812609457,0
0.020442124990163315,0.283428817987442,0.0,0.0,0,0,0,2,0.25,527,91,5.791208791208791,0
0.0779464994622253,0.42236900329589844,0.5333333333333333,0.0,1,15,8,22,0.6666666666666666,1880,380,4.947368421052632,0
0.03514939397700412,0.3773408830165863,0.0,0.0,1,2,0,1,0.4,680,311,2.1864951768488745,0
0.05427885359391052,0.3908791244029999,0.0,0.0,1,4,0,2,0.6,1058,478,2.213389121338912,0
0.0396694039339334,0.2553752064704895,0.0,0.0,1,6,0,2,0.13333333333333333,1350,636,2.1226415094339623,0
0.048187141258469415,0.39171844720840454,0.0,0.0,0,0,0,6,0.3333333333333333,434,476,0.9117647058823529,0
0.03763259796155033,0.4251804053783417,0.0,0.0,0,0,0,7,0.0,502,42,11.952380952380953,0
0.013829876611628779,0.27024245262145996,0.0,0.0,1,8,0,0,0.1,198,143,1.3846153846153846,0
0.013475200371837496,0.2765081524848938,0.0,0.0,1,3,0,1,0.07692307692307693,634,226,2.8053097345132745,0
0.03307611044977913,0.3694915175437927,0.0,0.0,1,15,0,1,0.26666666666666666,295,382,0.7722513089005235,0
0.05455492338129321,0.29525044560432434,0.0,0.0,1,1,0,1,0.26666666666666666,465,300,1.55,0
0.04951918558486549,0.38002443313598633,1.0,0.0,1,1,1,10,0.25,583,113,5.15929203539823,0
0.05101322609116402,0.3362957835197449,0.0,0.0,1,2,0,1,0.5333333333333333,1644,576,2.8541666666666665,0
0.02566979841791158,0.2444189041852951,0.0,0.0,1,7,0,1,0.26666666666666666,674,696,0.9683908045977011,0
0.03305598871131663,0.26080766320228577,0.0,0.0,1,4,0,5,0.06666666666666667,570,606,0.9405940594059405,0
0.03249282383528964,0.3039439022541046,1.0,0.0,1,1,1,2,0.26666666666666666,809,336,2.4077380952380953,0
0.019566247852447215,0.27930569648742676,0.0,0.0,0,0,0,0,0.0,290,94,3.0851063829787235,0
0.025898794433192148,0.345024973154068,0.0,0.0,1,1,0,2,0.15384615384615385,619,169,3.662721893491124,0
0.01598596292557787,0.32366159558296204,0.0,0.0,1,8,0,0,0.1,924,143,6.461538461538462,0
0.0579891606118806,0.28787147998809814,0.0,0.0,1,1,0,0,0.4,665,456,1.4583333333333333,0
0.015486039033097875,0.43751245737075806,0.0,0.0,0,0,0,1,0.0,643,108,5.953703703703703,0
0.02687382736879602,0.21514742076396942,0.0,0.0,1,2,0,1,0.26666666666666666,656,290,2.2620689655172415,0
0.015829379337181673,0.24748572707176208,0.0,0.0,1,1,0,15,0.0,743,431,1.7238979118329467,0
0.06793160091481665,0.3980095684528351,0.0,0.0,0,0,0,0,0.4666666666666667,603,393,1.534351145038168,0
0.025864760921481194,0.32364940643310547,0.0,0.0,0,0,0,0,0.13333333333333333,548,220,2.4909090909090907,0
0.021103246558913245,0.2629568874835968,0.0,0.0,0,0,0,0,0.0,1502,65,23.107692307692307,0
0.028619247259721724,0.33327746391296387,0.0,0.0,1,18,0,1,0.13333333333333333,255,326,0.7822085889570553,0
0.055837476633313975,0.39275673031806946,1.0,0.0,1,1,1,6,0.2,434,336,1.2916666666666667,0
0.03795407124705495,0.3123500943183899,0.0,0.0,1,7,0,2,0.2,605,696,0.8692528735632183,0
0.04942527802706368,0.34498074650764465,0.0,0.0,1,2,0,3,0.4,759,476,1.5945378151260505,0
0.04151774085832994,0.33767709136009216,0.0,0.0,1,16,0,0,0.3333333333333333,332,1015,0.3270935960591133,0
0.0406979560989644,0.3062155246734619,0.2,0.0,1,5,1,12,0.26666666666666666,706,346,2.040462427745665,0
0.009231414225218663,0.2618931829929352,0.0,0.0,0,0,0,0,0.2,460,64,7.1875,0
0.041089105503433955,0.3641369342803955,0.0,0.0,0,0,0,1,0.4444444444444444,1431,165,8.672727272727272,0
0.03247881220661956,0.3433891236782074,0.0,0.0,1,1,0,0,0.09090909090909091,272,216,1.2592592592592593,0
0.044414814826899685,0.3243626058101654,0.0,0.0,1,2,0,4,0.2,537,576,0.9322916666666666,0
0.027031412695424334,0.3865063190460205,0.16666666666666666,0.0,1,6,1,7,0.06666666666666667,502,278,1.8057553956834533,0
0.035102422194766995,0.3416917622089386,0.0,0.0,1,4,0,1,0.4666666666666667,450,478,0.9414225941422594,0
0.06274851261078601,0.39398834109306335,0.0,0.0,1,4,0,5,0.4666666666666667,2112,606,3.485148514851485,0
0.024890564728128152,0.29808375239372253,1.0,0.0,1,1,1,4,0.5,666,98,6.795918367346939,0
0.016807717434018543,0.26229655742645264,0.0,0.0,0,0,0,4,0.18181818181818182,918,78,11.76923076923077,0
0.0314930011179765,0.32321712374687195,0.0,0.0,1,1,0,0,0.26666666666666666,523,336,1.556547619047619,0
0.012044824818802754,0.2798982262611389,0.0,0.0,0,0,0,2,0.0,309,145,2.1310344827586207,0
0.0197125978538607,0.3765145242214203,0.0,0.0,0,0,0,4,0.2,546,82,6.658536585365853,0
0.023990544294082056,0.34555956721305847,0.0,0.0,1,1,0,2,0.2727272727272727,742,143,5.188811188811189,0
0.04282944172470336,0.2922256588935852,0.0,0.0,0,0,0,4,0.2,1305,565,2.309734513274336,0
0.026426063944964617,0.44928207993507385,0.5,0.0,1,2,1,7,0.2,186,287,0.6480836236933798,0
0.02723719442720759,0.25355491042137146,0.25,0.0,1,4,1,3,0.4,882,478,1.8451882845188285,0
0.02805081785207939,0.3712838590145111,0.0,0.0,1,3,0,0,0.25,539,160,3.36875,0
0.011734430043459919,0.3522910475730896,0.0,0.0,1,1,0,0,0.3333333333333333,1502,41,36.63414634146341,0
0.03575401548664641,0.3762679994106293,1.0,0.0,1,1,1,1,0.375,1068,216,4.944444444444445,0
0.04163520456619917,0.3291308581829071,0.0,0.0,1,4,0,1,0.3333333333333333,439,313,1.402555910543131,0
0.024201383244825105,0.2598629295825958,0.0,0.0,0,0,0,9,0.4,1000,164,6.097560975609756,0
0.039623913105944354,0.4124372601509094,1.0,0.0,1,1,1,6,0.26666666666666666,430,431,0.9976798143851509,0
0.020808275132138312,0.22815831005573273,0.0,0.0,1,1,0,0,0.0,219,597,0.36683417085427134,0
0.03707981013736927,0.39636939764022827,0.0,0.0,1,1,0,7,0.2,440,395,1.1139240506329113,0
0.05461952498764823,0.3837320804595947,1.0,0.0,1,1,1,13,0.25,2230,219,10.182648401826484,0
0.060164864116017944,0.34813669323921204,0.0,0.0,1,4,0,0,0.6,1209,478,2.5292887029288704,0
0.05525486599606981,0.263631671667099,0.0,0.0,1,6,0,0,0.4,579,877,0.6602052451539339,0
0.021608283106682426,0.3502809405326843,0.0,0.0,1,8,0,2,0.3,550,193,2.849740932642487,0
0.04362699824282491,0.5007562041282654,0.0,0.0,1,1,0,9,0.25,1345,113,11.902654867256636,0
0.01685398637593946,0.27041468024253845,0.0,0.0,1,1,0,8,0.06666666666666667,786,291,2.7010309278350517,0
0.05150972306191915,0.3018883168697357,0.0,0.0,1,6,0,1,0.3333333333333333,646,877,0.7366020524515393,0
0.01166446627457487,0.35424908995628357,0.0,0.0,0,0,0,2,0.0,448,51,8.784313725490197,0
0.027516119182772202,0.35812315344810486,1.0,0.0,1,1,1,1,0.38461538461538464,517,169,3.059171597633136,0
0.029187214572281364,0.35238131880760193,0.06666666666666667,0.0,1,15,1,1,0.2,333,382,0.8717277486910995,0
0.020524764687890426,0.3246673345565796,0.0,0.0,0,0,0,1,0.06666666666666667,407,349,1.166189111747851,0
0.06532000984782396,0.3304530382156372,0.0,0.0,1,3,0,0,0.3333333333333333,1685,700,2.407142857142857,0
0.06088807305029267,0.3624701201915741,0.0,0.0,1,7,0,2,0.13333333333333333,245,509,0.481335952848723,0
0.035875091709270675,0.3621577322483063,0.0,0.0,0,0,0,5,1.0,737,94,7.840425531914893,0
0.035350057833258876,0.33625519275665283,0.0,0.0,0,0,0,2,0.06666666666666667,843,360,2.341666666666667,0
0.06315071824444479,0.3482123911380768,1.0,0.0,1,1,1,18,0.13333333333333333,1533,706,2.171388101983003,0
0.04880669483847284,0.38540977239608765,1.0,0.0,1,1,1,12,0.06666666666666667,864,370,2.3351351351351353,0
0.03214041375338956,0.3118997812271118,0.5,0.0,1,2,1,15,0.13333333333333333,722,604,1.195364238410596,0
0.020767187457162307,0.2669062614440918,0.0,0.0,1,8,0,0,0.2,638,262,2.435114503816794,0
0.07746792803603007,0.3949120044708252,0.1,0.0,1,10,1,9,0.6666666666666666,1018,297,3.4276094276094278,0
0.03288194527575739,0.30372583866119385,0.0,0.0,1,1,0,17,0.2,488,308,1.5844155844155845,0
0.04343268158123369,0.3630315065383911,0.0,0.0,1,1,0,15,0.26666666666666666,1104,229,4.820960698689956,0
0.027960281253588692,0.2619224786758423,0.0,0.0,1,1,0,19,0.13333333333333333,841,371,2.266846361185984,0
0.026422591235980654,0.30017343163490295,0.5,0.0,1,2,1,12,0.2,577,290,1.9896551724137932,0
0.046217895903424004,0.28721630573272705,0.0625,0.0,1,16,1,2,0.3333333333333333,602,1015,0.593103448275862,0
0.007061009139315875,0.40879005193710327,0.0,0.0,0,0,0,9,0.0,295,24,12.291666666666666,0
0.02875344783592733,0.33311840891838074,0.0,0.0,0,0,0,9,0.16666666666666666,644,172,3.744186046511628,0
0.013851725195864363,0.3302398920059204,0.0,0.0,0,0,0,1,0.0,636,51,12.470588235294118,0
0.026469216309868298,0.2920939326286316,0.0,0.0,1,1,0,1,0.2,601,291,2.0652920962199315,0
0.05888296319568221,0.3786757290363312,0.6,0.0,1,5,3,7,0.13333333333333333,683,346,1.9739884393063585,0
0.04623152670140459,0.3291952908039093,0.0,0.0,1,1,0,1,0.4,714,475,1.503157894736842,0
0.007544058492672194,0.24387598037719727,0.0,0.0,0,0,0,1,0.06666666666666667,574,237,2.4219409282700424,0
0.010080097257895267,0.32954224944114685,0.5,0.0,1,2,1,15,0.0,722,34,21.235294117647058,0
0.026859168324152777,0.3002643585205078,0.0,0.0,0,0,0,2,0.2,238,666,0.35735735735735735,0
0.04188001192944313,0.35314276814460754,0.0,0.0,1,1,0,0,0.26666666666666666,603,395,1.5265822784810126,0
0.04299867610501404,0.2991414964199066,0.0,0.0,1,4,0,1,0.3333333333333333,295,508,0.5807086614173228,0
0.04096114609517265,0.37806713581085205,0.0,0.0,1,1,0,2,0.3333333333333333,550,428,1.2850467289719627,0
0.03852037240228087,0.3622424602508545,0.0,0.0,0,0,0,9,0.06666666666666667,321,353,0.9093484419263456,0
0.017358097608304136,0.259856253862381,0.0,0.0,0,0,0,13,0.0,276,164,1.6829268292682926,0
0.027072732033344538,0.36161699891090393,0.0,0.0,1,1,0,0,0.09090909090909091,869,143,6.076923076923077,0
0.0263799876747859,0.22568123042583466,0.0,0.0,0,0,0,13,0.0,357,274,1.302919708029197,0
0.026602893032541264,0.36601924896240234,0.0,0.0,1,3,0,0,0.5,926,122,7.590163934426229,0
0.03649173870497217,0.32647275924682617,0.0,0.0,1,7,0,1,0.3333333333333333,1011,682,1.4824046920821115,0
0.019753923121472432,0.40954890847206116,0.0,0.0,1,1,0,1,0.5,592,34,17.41176470588235,0
0.07528317993680865,0.49549198150634766,0.0,0.0,1,6,0,0,1.0,2738,238,11.504201680672269,0
0.03121585013262453,0.2721004784107208,0.0,0.0,0,0,0,9,0.13333333333333333,476,376,1.2659574468085106,0
0.021200798853810692,0.4988187253475189,0.0,0.0,0,0,0,0,0.2,515,32,16.09375,0
0.01366900868321999,0.306887686252594,0.0,0.0,1,1,0,1,0.0,542,473,1.145877378435518,0
0.03775500696230507,0.2925454080104828,0.0,0.0,0,0,0,18,0.13333333333333333,535,214,2.5,0
0.020452649197472896,0.23434679210186005,0.0,0.0,1,4,0,3,0.06666666666666667,367,216,1.6990740740740742,0
0.03557647591164351,0.37527015805244446,0.0,0.0,0,0,0,1,0.13333333333333333,652,313,2.083067092651757,0
0.054710008754650666,0.4379241466522217,1.0,0.0,1,1,1,13,0.26666666666666666,899,273,3.293040293040293,0
0.029316212043613284,0.25171932578086853,0.05555555555555555,0.0,1,18,1,2,0.13333333333333333,943,852,1.1068075117370892,0
0.03245487880779282,0.2948513925075531,0.0,0.0,0,0,0,39,0.4,2130,102,20.88235294117647,0
0.03870760372014546,0.3172158896923065,0.0,0.0,1,16,0,1,0.2,574,1015,0.5655172413793104,0
0.005363058826080315,0.3216371536254883,0.0,0.0,0,0,0,4,0.0,1305,11,118.63636363636364,0
0.016097370729227768,0.37838014960289,0.25,0.0,1,4,1,1,0.13333333333333333,180,330,0.5454545454545454,0
0.015590073445336833,0.3105400502681732,0.0,0.0,1,8,0,1,0.0,680,193,3.523316062176166,0
0.01911427153000367,0.22370398044586182,0.0,0.0,0,0,0,20,0.2,662,263,2.517110266159696,0
0.016655561463386155,0.3035084307193756,1.0,0.0,1,1,1,13,0.0,902,66,13.666666666666666,0
0.026440606590631452,0.3096742331981659,0.0,0.0,0,0,0,14,0.2222222222222222,838,170,4.929411764705883,0
0.048015882443093766,0.3806321322917938,0.0,0.0,1,8,0,13,0.3333333333333333,2230,317,7.034700315457413,0
0.01032077568627769,0.2734578847885132,0.0,0.0,1,9,0,6,0.0,392,553,0.7088607594936709,0
0.03953674969069269,0.3312666714191437,0.0,0.0,0,0,0,12,0.5333333333333333,1633,237,6.890295358649789,0
0.05909177360774331,0.38885122537612915,0.0,0.0,1,1,0,1,0.26666666666666666,521,519,1.0038535645472062,0
0.030926195985470632,0.381103515625,0.0,0.0,1,1,0,3,0.13333333333333333,478,296,1.614864864864865,0
0.05414835012422871,0.3202560544013977,0.0,0.0,0,0,0,10,0.2,957,565,1.6938053097345134,0
0.004781061300649352,0.23750774562358856,0.0,0.0,0,0,0,4,0.0,608,11,55.27272727272727,0
0.03500599949377105,0.30462968349456787,0.25,0.0,1,4,1,19,0.26666666666666666,550,330,1.6666666666666667,0
0.0176741492358559,0.32587626576423645,0.0,0.0,0,0,0,2,0.2,1090,220,4.954545454545454,0
0.0107038037668525,0.21610350906848907,0.0,0.0,1,4,0,0,0.13333333333333333,329,216,1.5231481481481481,0
0.029484119384681113,0.2855648398399353,0.0,0.0,1,15,0,1,0.3333333333333333,439,380,1.1552631578947368,0
0.026336353960208808,0.2868027985095978,0.0,0.0,1,1,0,2,0.5,939,67,14.014925373134329,0
0.0799340581682694,0.4509080946445465,0.15789473684210525,0.0,1,19,3,12,0.4666666666666667,1153,382,3.018324607329843,0
0.007149247515798063,0.31588107347488403,0.0,0.0,0,0,0,2,0.0,527,84,6.273809523809524,0
0.03501926582874996,0.33052510023117065,0.0,0.0,1,5,0,0,0.3333333333333333,349,578,0.6038062283737025,0
0.03236462401667088,0.2774239182472229,0.0,0.0,1,2,0,0,0.0,181,665,0.2721804511278195,0
0.028486337913613564,0.282836377620697,0.0,0.0,1,1,0,0,0.06666666666666667,1209,234,5.166666666666667,0
0.062292386783723785,0.4146926999092102,0.21052631578947367,0.0,1,19,4,10,0.5333333333333333,1305,382,3.4162303664921465,0
0.015231739488942273,0.30643150210380554,0.0,0.0,1,12,0,0,0.07142857142857142,490,312,1.5705128205128205,0
0.029172245567641912,0.3063519597053528,1.0,0.0,1,1,1,20,0.26666666666666666,640,395,1.620253164556962,0
0.06656878188512493,0.3279654085636139,1.0,0.0,1,1,1,11,0.4666666666666667,612,330,1.8545454545454545,0
0.045795665953350606,0.3753361999988556,0.16666666666666666,0.0,1,6,1,3,0.36363636363636365,882,226,3.9026548672566372,0
0.05535572260994511,0.2947674095630646,0.0,0.0,1,7,0,1,0.4,714,682,1.0469208211143695,0
0.027398504426642725,0.39102113246917725,0.0,0.0,0,0,0,0,0.15384615384615385,397,158,2.5126582278481013,0
0.05449907621107802,0.33870646357536316,0.14285714285714285,0.0,1,7,1,5,0.4,388,509,0.762278978388998,0
0.04759852130848565,0.3439927101135254,0.5,0.0,1,2,1,17,0.26666666666666666,1626,512,3.17578125,0
0.054914121833142794,0.31824561953544617,1.0,0.0,1,1,1,10,0.26666666666666666,781,706,1.1062322946175638,0
0.03033212506536612,0.36196041107177734,0.0,0.0,1,1,0,1,0.6666666666666666,815,41,19.878048780487806,0
0.050111295099397886,0.36290475726127625,0.0,0.0,0,0,0,0,0.3333333333333333,614,574,1.0696864111498259,0
0.04506740150763336,0.4516690671443939,0.75,0.0,1,4,3,5,0.2,570,266,2.142857142857143,0
0.03150876748779359,0.33748069405555725,0.0,0.0,0,0,0,30,0.4,2104,102,20.627450980392158,0
0.027363867057496306,0.3251688480377197,0.0,0.0,0,0,0,0,0.25,1571,196,8.01530612244898,0
0.04322896887128436,0.3007552921772003,0.0,0.0,1,3,0,1,0.4666666666666667,1068,700,1.5257142857142858,0
0.032087449286563464,0.3165972828865051,0.0,0.0,0,0,0,0,0.13333333333333333,490,289,1.6955017301038062,0
0.05386080028074564,0.3641410171985626,0.6,0.0,1,5,3,14,0.3333333333333333,665,578,1.1505190311418685,0
0.027996558780498483,0.3543473780155182,0.0,0.0,1,2,0,0,0.5714285714285714,1209,158,7.651898734177215,0
0.015473293739935001,0.34056663513183594,0.0,0.0,1,8,0,1,0.1,259,143,1.8111888111888113,0
0.026600820333028574,0.2770623564720154,0.0,0.0,1,2,0,9,0.2,609,665,0.9157894736842105,0
0.038436687858482046,0.29291415214538574,0.0,0.0,1,18,0,0,0.2,655,852,0.7687793427230047,0
0.03251405124925281,0.285555899143219,0.0,0.0,1,6,0,1,0.2,602,571,1.0542907180385288,0
0.02243479722494379,0.31690719723701477,0.0,0.0,0,0,0,2,0.26666666666666666,939,258,3.63953488372093,0
0.024331708983448337,0.35556095838546753,0.0,0.0,1,6,0,0,0.13333333333333333,589,279,2.111111111111111,0
0.039192402572036156,0.4808385372161865,0.0,0.0,0,0,0,4,0.3,702,121,5.801652892561983,0
0.03840330962075077,0.29603901505470276,0.0,0.0,1,14,0,1,0.2,874,611,1.4304418985270049,0
0.054856795791902765,0.2970898747444153,0.0,0.0,1,1,0,21,0.4666666666666667,990,979,1.0112359550561798,0
0.04224666941662696,0.26805928349494934,0.0,0.5,1,7,1,11,0.26666666666666666,1144,715,1.6,0
0.01059856917582375,0.390557199716568,0.0,0.0,0,0,0,1,0.1,680,121,5.619834710743802,0
0.03888672629510852,0.272221177816391,0.0,0.0,1,1,0,0,0.13333333333333333,1209,371,3.2587601078167117,0
0.016806954220115036,0.27496230602264404,0.0,0.0,1,1,0,10,0.06666666666666667,1108,353,3.138810198300283,0
0.04130475561061431,0.36598023772239685,0.0,0.0,0,0,0,1,0.2,1410,379,3.7203166226912927,0
0.04018226385393755,0.34653547406196594,0.0,0.0,0,0,0,8,0.4666666666666667,551,476,1.1575630252100841,0
0.038952567693597825,0.24297580122947693,0.0,0.0,1,4,0,1,0.3333333333333333,656,216,3.037037037037037,0
0.011938642655655522,0.3366406559944153,0.2,0.0,1,5,1,2,0.1111111111111111,1058,97,10.907216494845361,0
0.03949096049996417,0.34827920794487,0.0,0.0,1,1,0,0,0.4,2208,572,3.86013986013986,0
0.039271479024677786,0.4028739929199219,0.0,0.0,1,8,0,3,0.4666666666666667,557,390,1.4282051282051282,0
0.05199432043557195,0.33004534244537354,1.0,0.0,1,2,2,19,0.42857142857142855,997,247,4.036437246963563,0
0.05037486324381728,0.4030172526836395,0.07142857142857142,0.0,1,14,1,1,0.4,542,611,0.8870703764320785,0
0.02405900420027921,0.48582491278648376,0.0,0.0,0,0,0,2,0.0,527,24,21.958333333333332,0
0.026413232333316695,0.33633923530578613,0.0,0.0,1,1,0,2,0.0,612,234,2.6153846153846154,0
0.024356029907878746,0.3164399266242981,0.0,0.0,1,1,0,18,0.26666666666666666,929,431,2.1554524361948957,0
0.039246924129107276,0.3263228237628937,0.0,0.0,1,3,0,0,0.06666666666666667,790,700,1.1285714285714286,0
0.03245939172444428,0.24043501913547516,0.0,0.0,1,8,0,2,0.13333333333333333,709,874,0.8112128146453089,0
0.015730063554176457,0.24515879154205322,0.0,0.0,1,1,0,2,0.13333333333333333,697,229,3.0436681222707422,0
0.03636628675434154,0.36610543727874756,0.0,0.0,1,1,0,2,0.2,939,249,3.7710843373493974,0
0.013175447506756206,0.25160863995552063,0.0,0.0,1,1,0,2,0.0,657,317,2.0725552050473186,0
0.026953092783518935,0.378237783908844,0.0,0.0,0,0,0,2,0.0,1058,42,25.19047619047619,0
0.013945169859389622,0.33723199367523193,0.0,0.0,1,1,0,0,0.1,590,151,3.9072847682119205,0
0.01681971315120955,0.3346042335033417,1.0,0.0,1,1,1,7,0.0,683,152,4.493421052631579,0
0.044703268696526986,0.44136929512023926,0.25,0.0,1,4,1,8,0.4,551,266,2.0714285714285716,0
0.0405765692465568,0.24092699587345123,0.0,0.0,1,6,0,5,0.13333333333333333,608,636,0.9559748427672956,0
0.021680452719031344,0.2793959081172943,0.0,0.0,1,1,0,1,0.0,154,143,1.0769230769230769,0
0.039058287050209424,0.3025285005569458,0.2,0.0,1,5,1,8,0.26666666666666666,597,346,1.7254335260115607,0
0.07131339132941801,0.3102053105831146,0.0,0.2,1,13,1,9,0.6,1000,673,1.485884101040119,0
0.017377426804766963,0.30117347836494446,0.0,0.0,1,1,0,2,0.06666666666666667,341,296,1.152027027027027,0
0.04824698799000572,0.3847538232803345,0.0,0.0,1,1,0,3,0.2,630,456,1.381578947368421,0
0.020382663718301428,0.3579464256763458,0.3333333333333333,0.0,1,3,1,3,0.375,270,122,2.2131147540983607,0
0.04982795782200182,0.34076857566833496,0.0,0.0,1,8,0,1,0.26666666666666666,797,468,1.702991452991453,0
0.026762414275889695,0.3355361819267273,0.0,0.0,1,1,0,4,0.2857142857142857,918,124,7.403225806451613,0
0.030133877178364965,0.37880271673202515,0.0,0.0,1,1,0,21,0.13333333333333333,443,270,1.6407407407407408,0
0.01509305344458638,0.27570000290870667,0.0,0.0,1,9,0,1,0.0,180,306,0.5882352941176471,0
0.036654465883482965,0.35165947675704956,0.0,0.0,0,0,0,0,0.4666666666666667,515,409,1.2591687041564792,0
0.04334539106490941,0.2952316105365753,0.0,0.0,0,0,0,3,0.13333333333333333,613,258,2.375968992248062,0
0.03239628420028924,0.3735896646976471,1.0,0.0,1,1,1,2,0.25,485,98,4.948979591836735,0
0.050828043919260206,0.37700754404067993,0.09090909090909091,0.0,1,11,1,12,0.26666666666666666,982,351,2.797720797720798,0
0.032081450223482154,0.32600700855255127,0.0,0.0,0,0,0,6,0.2,705,214,3.294392523364486,0
0.032431205962482106,0.25377893447875977,0.0,0.0,1,1,0,8,0.06666666666666667,659,696,0.9468390804597702,0
0.01601985635632609,0.28940799832344055,0.0,0.0,1,1,0,17,0.1,352,151,2.3311258278145695,0
0.051680484424249266,0.2627929151058197,0.6,0.5,1,7,4,23,0.26666666666666666,2043,715,2.8573426573426572,0
0.020258064805323862,0.403301864862442,0.0,0.0,1,5,0,1,0.26666666666666666,489,285,1.7157894736842105,0
0.02637435325180272,0.2893241345882416,0.0,0.0,1,2,0,1,0.2,714,290,2.462068965517241,0
0.04952786023135761,0.34517553448677063,1.0,0.0,1,1,1,1,0.2,724,597,1.2127303182579565,0
0.02650907738003348,0.3026866912841797,0.0,0.0,1,1,0,0,0.25,784,98,8.0,0
0.02339489012893118,0.3034397065639496,0.0,0.0,1,1,0,14,0.2,731,308,2.3733766233766236,0
0.03254104304646856,0.3166833221912384,0.1,0.0,1,10,1,1,0.4,542,489,1.1083844580777096,0
0.03816997801417668,0.3398325443267822,0.0,0.0,1,8,0,1,0.06666666666666667,601,468,1.2841880341880343,0
0.02385392176730253,0.32006123661994934,0.0,0.0,1,18,0,3,0.2,671,326,2.058282208588957,0
0.03223874908488856,0.25843510031700134,0.0,0.0,0,0,0,1,0.2,659,231,2.8528138528138527,0
0.017689353934363588,0.39411482214927673,0.0,0.0,0,0,0,1,0.25,701,110,6.372727272727273,0
0.045501848594498906,0.3518630564212799,0.0,0.0,1,1,0,3,0.2,1474,473,3.116279069767442,0
0.011312629785181688,0.21638113260269165,0.0,0.0,0,0,0,0,0.0,759,78,9.73076923076923,0
0.04244681576962679,0.33039793372154236,0.0,0.0,1,4,0,1,0.3333333333333333,679,508,1.3366141732283465,0
0.02856864955209829,0.3979731798171997,0.0,0.0,1,5,0,1,0.14285714285714285,530,165,3.212121212121212,0
0.023928397180681432,0.2572984993457794,0.0,0.0,0,0,0,9,0.0,476,165,2.8848484848484848,0
0.032547582805963926,0.415938138961792,0.25,0.0,1,4,1,7,0.3333333333333333,465,96,4.84375,0
0.026719826126806363,0.29247021675109863,0.0,0.0,1,1,0,1,0.0,1211,473,2.5602536997885834,0
0.06507533884365158,0.4164060652256012,0.25,0.0,1,4,1,3,0.6,1139,478,2.3828451882845187,0
0.03486071553997697,0.33185523748397827,1.0,0.0,1,1,1,1,0.13333333333333333,800,745,1.0738255033557047,0
0.033616391046480294,0.3060506284236908,0.0,0.0,0,0,0,0,0.2,548,272,2.014705882352941,0
0.012382223569714792,0.2373691350221634,0.0,0.0,0,0,0,5,0.0,349,552,0.6322463768115942,0
0.04673957832457928,0.30698442459106445,0.0,0.0,1,2,0,1,0.3333333333333333,800,650,1.2307692307692308,0
0.04351053268245055,0.2987864017486572,0.0,0.0,1,4,0,1,0.3333333333333333,439,602,0.729235880398671,0
0.04897013149937908,0.312773734331131,0.0,0.0,1,1,0,7,0.26666666666666666,1246,979,1.2727272727272727,0
0.031008272022635106,0.2822096347808838,0.0,0.0,0,0,0,1,0.3333333333333333,530,237,2.2362869198312234,0
0.050395684149274034,0.3294063210487366,0.0,0.0,1,1,0,0,0.26666666666666666,784,745,1.0523489932885906,0
0.03168180708498925,0.28447413444519043,0.3333333333333333,0.0,1,3,1,3,0.26666666666666666,270,810,0.3333333333333333,0
0.00843951146790995,0.33120185136795044,0.0,0.0,1,5,0,1,0.1111111111111111,1068,97,11.010309278350515,0
0.055683090151293496,0.34058836102485657,0.0,0.0,1,5,0,2,0.5333333333333333,1695,1041,1.6282420749279538,0
0.056491193443431925,0.33936914801597595,0.2857142857142857,0.0,1,7,2,11,0.26666666666666666,524,1038,0.5048169556840078,0
0.02664104145844815,0.37475451827049255,0.5,0.0,1,2,1,17,0.14285714285714285,433,158,2.740506329113924,0
0.086332693131819,0.36924874782562256,0.0,0.0,1,5,0,2,0.5333333333333333,943,395,2.3873417721518986,0
0.03532315355843313,0.27088358998298645,1.0,0.0,1,1,1,6,0.0,392,216,1.8148148148148149,0
0.0288953006814469,0.32274001836776733,0.0,0.0,0,0,0,1,0.3333333333333333,646,162,3.9876543209876543,0
0.04545589732851109,0.41810140013694763,1.0,0.0,1,1,1,1,0.3333333333333333,794,270,2.9407407407407407,0
0.020979275539327484,0.28601354360580444,0.0,0.0,1,1,0,9,0.06666666666666667,751,306,2.454248366013072,0
0.060516085877524495,0.3931719660758972,0.1,0.0,1,10,1,9,0.5333333333333333,751,717,1.0474198047419805,0
0.020004856703134025,0.26836758852005005,0.0,0.0,1,1,0,2,0.0,527,353,1.4929178470254958,0
0.0679930188062547,0.40238156914711,0.0,0.0,1,2,0,23,0.7333333333333333,2043,575,3.5530434782608697,0
0.025559385621828683,0.30496668815612793,0.0,0.0,0,0,0,10,0.1111111111111111,1096,162,6.765432098765432,0
0.027894152952250423,0.28541988134384155,0.0,0.0,1,1,0,3,0.0,882,113,7.8053097345132745,0
0.014034932100647126,0.33321505784988403,0.0,0.0,1,2,0,17,0.0,352,34,10.352941176470589,0
0.03770335363284224,0.3387535512447357,0.5,0.0,1,2,1,1,0.13333333333333333,695,586,1.1860068259385665,0
0.05506083299143558,0.375410258769989,1.0,0.0,1,1,1,5,0.4,1789,575,3.111304347826087,0
0.0919818523233974,0.46459507942199707,0.3333333333333333,0.0,1,6,2,18,0.4666666666666667,604,238,2.53781512605042,0
0.04013560966975798,0.4698541760444641,1.0,0.0,1,1,1,2,0.26666666666666666,508,270,1.8814814814814815,0
0.016623266380237655,0.43674910068511963,0.3333333333333333,0.0,1,3,1,1,0.25,450,81,5.555555555555555,0
0.014003140118296776,0.24009689688682556,0.0,0.0,0,0,0,1,0.06666666666666667,255,214,1.191588785046729,0
0.0066092782726128825,0.29071474075317383,0.0,0.0,0,0,0,5,0.2,488,64,7.625,0
0.020315254815694454,0.33417510986328125,0.0,0.0,1,8,0,1,0.0,584,143,4.083916083916084,0
0.04723848193988572,0.4374135136604309,0.0,0.0,1,1,0,0,0.3333333333333333,460,125,3.68,0
0.036797022454328816,0.37690481543540955,0.0,0.0,1,10,0,1,0.6,553,297,1.861952861952862,0
0.021222184734816664,0.2997992932796478,0.0,0.0,1,8,0,1,0.13333333333333333,542,262,2.068702290076336,0
0.013700530617108114,0.4791221618652344,0.0,0.0,0,0,0,1,0.0,553,24,23.041666666666668,0
0.0166044807268998,0.29594704508781433,0.0,0.0,0,0,0,2,0.3,331,121,2.7355371900826446,0
0.013698182236356857,0.3943861424922943,1.0,0.0,1,1,1,3,0.3,671,151,4.443708609271523,0
0.045793986752759766,0.31526702642440796,1.0,0.0,1,1,1,8,0.26666666666666666,827,519,1.5934489402697496,0
0.019624775559410765,0.2945743501186371,1.0,0.0,1,1,1,23,0.25,760,219,3.470319634703196,0
0.015387202212361993,0.16647015511989594,0.0,0.0,0,0,0,1,0.0,728,65,11.2,0
0.019352303661552536,0.32729989290237427,0.0,0.0,1,8,0,1,0.1,714,193,3.699481865284974,0
0.02687610206810613,0.2804506719112396,1.0,0.0,1,2,2,5,0.2,570,559,1.0196779964221825,0
0.027762637448854273,0.3718264102935791,0.06666666666666667,0.0,1,15,1,4,0.26666666666666666,674,380,1.7736842105263158,0
0.0569274024934355,0.40306171774864197,0.0,0.0,0,0,0,5,0.4,488,503,0.9701789264413518,0
0.01949417188105929,0.266059935092926,0.0,0.0,0,0,0,20,0.26666666666666666,640,376,1.702127659574468,0
0.04567349154964112,0.345550000667572,0.1,0.0,1,10,1,3,0.3333333333333333,424,297,1.4276094276094276,0
0.036749502889556154,0.3620558977127075,0.0,0.0,1,8,0,2,0.2,496,316,1.5696202531645569,0
0.043536922434146856,0.41761621832847595,0.0,0.0,1,1,0,0,0.25,787,219,3.593607305936073,0
0.027525042993783423,0.27291229367256165,0.0,0.0,0,0,0,12,0.13333333333333333,577,565,1.0212389380530973,0
0.024302130573756527,0.3044995367527008,0.0,0.0,0,0,0,3,0.13333333333333333,759,360,2.1083333333333334,0
0.03106407688534686,0.32791823148727417,0.0,0.0,1,6,0,1,0.2,934,279,3.347670250896057,0
0.0427103521823172,0.32906782627105713,0.0,0.0,1,2,0,9,0.4,431,290,1.486206896551724,0
0.035151353829190574,0.2857210636138916,0.1,0.0,1,10,1,1,0.13333333333333333,1211,986,1.2281947261663286,0
0.04657363629499686,0.3802616000175476,1.0,0.0,1,1,1,1,0.13333333333333333,680,473,1.437632135306554,0
0.045561523154718064,0.342839777469635,0.0,0.0,0,0,0,0,0.26666666666666666,739,940,0.7861702127659574,0
0.05110625143206663,0.3079930543899536,0.0,0.0,1,2,0,1,0.4,1148,568,2.0211267605633805,0
0.05051067655242125,0.32124999165534973,0.05555555555555555,0.0,1,18,1,4,0.2,559,852,0.6561032863849765,0
0.015137502542612438,0.32646405696868896,0.5,0.0,1,2,1,1,0.06666666666666667,180,559,0.3220035778175313,0
0.025849224645066282,0.31058886647224426,0.0,0.0,1,1,0,0,0.06666666666666667,639,339,1.8849557522123894,0
0.0300274168697988,0.37021300196647644,0.0,0.0,1,1,0,17,0.3333333333333333,1626,342,4.754385964912281,0
0.04112300816548247,0.34946972131729126,0.0,0.0,1,1,0,0,0.3333333333333333,439,249,1.7630522088353413,0
0.018436087461807145,0.37626996636390686,0.0,0.0,0,0,0,4,0.0,428,110,3.890909090909091,0
0.048095399862192974,0.4005434215068817,0.0,0.0,1,7,0,1,0.3333333333333333,553,509,1.0864440078585462,0
0.02611734821396613,0.3113453686237335,0.0,0.0,1,1,0,2,0.26666666666666666,309,475,0.6505263157894737,0
0.031346252401026196,0.33683204650878906,0.0,0.0,1,4,0,2,0.5,697,96,7.260416666666667,0
0.0406973821972179,0.2530967891216278,0.0,0.0,1,3,0,2,0.4,527,438,1.2031963470319635,0
0.05839021212264482,0.3277796506881714,0.75,0.0,1,4,3,30,0.4,2104,602,3.495016611295681,0
0.03722527354015304,0.3163713216781616,0.0,0.0,0,0,0,1,0.2,259,1008,0.2569444444444444,0
0.010639793850303272,0.30150482058525085,0.0,0.0,0,0,0,2,0.0,309,46,6.717391304347826,0
0.06143020523999953,0.3907158374786377,0.0,0.0,0,0,0,22,0.6,1880,393,4.783715012722646,0
0.05430710404296661,0.3577641248703003,0.0,0.0,1,1,0,0,0.4,1571,249,6.309236947791165,0
0.027570905361171485,0.37211814522743225,0.0,0.0,1,1,0,7,0.4,536,118,4.5423728813559325,0
0.04752165463939124,0.33597683906555176,0.0,0.0,1,2,0,1,0.26666666666666666,590,476,1.2394957983193278,0
0.04569661826471259,0.310579389333725,0.0,0.0,0,0,0,1,0.3333333333333333,820,1008,0.8134920634920635,0
0.04366748344781662,0.41022789478302,0.0,0.0,0,0,0,0,0.42857142857142855,460,132,3.484848484848485,0
0.05474251756532517,0.4111468195915222,0.0,0.0,1,1,0,0,0.5333333333333333,614,342,1.7953216374269005,0
0.036818604445811406,0.2879531681537628,0.0,0.0,1,6,0,2,0.13333333333333333,649,555,1.1693693693693694,0
0.0344286543189235,0.345567524433136,0.0,0.0,0,0,0,0,0.4,478,666,0.7177177177177178,0
0.033652739429648304,0.27274394035339355,0.0,0.0,1,1,0,2,0.26666666666666666,238,572,0.4160839160839161,0
0.02466064559727273,0.2384241670370102,0.0,0.0,1,8,0,1,0.06666666666666667,702,317,2.2145110410094637,0
0.049167298144557885,0.45702362060546875,1.0,0.0,1,1,1,1,0.4666666666666667,1640,270,6.074074074074074,0
0.031633374864466726,0.358657568693161,0.3333333333333333,0.0,1,3,1,11,0.2857142857142857,524,269,1.9479553903345725,0
0.025709525105350104,0.38821840286254883,1.0,0.0,1,1,1,2,0.06666666666666667,608,431,1.4106728538283062,0
0.048721334136018035,0.48218947649002075,1.0,0.0,1,1,1,1,0.4444444444444444,578,125,4.624,0
0.01037299108634055,0.34424105286598206,0.0,0.0,1,2,0,1,0.25,489,73,6.698630136986301,0
0.048738343512790404,0.29472610354423523,0.0,0.0,1,1,0,12,0.7,1153,127,9.078740157480315,0
0.0743799734207388,0.44117850065231323,0.0,0.0,0,0,0,3,0.6,565,237,2.3839662447257384,0
0.07650378675824938,0.5232624411582947,1.0,0.0,1,1,1,7,0.7272727272727273,644,143,4.503496503496503,0
0.030616389821813837,0.26416656374931335,0.0,0.0,1,2,0,13,0.2,276,476,0.5798319327731093,0
0.058753348592190585,0.39971521496772766,0.0,0.0,1,13,0,2,0.4,527,491,1.0733197556008147,0
0.030088973628668768,0.39654800295829773,0.16666666666666666,0.0,1,6,1,9,0.13333333333333333,295,369,0.7994579945799458,0
0.04734045810787007,0.32530561089515686,0.0,0.0,1,13,0,2,0.3333333333333333,527,415,1.269879518072289,0
0.05959598187682949,0.31254497170448303,0.5625,0.0,1,16,9,17,0.3333333333333333,324,1015,0.3192118226600985,0
0.09668027908083994,0.43109700083732605,0.0,0.0,0,0,0,1,0.8666666666666667,656,214,3.0654205607476634,0
0.022481437399515414,0.3825499713420868,0.0,0.0,1,1,0,0,0.06666666666666667,467,273,1.7106227106227105,0
0.02985271130342418,0.2830141484737396,0.0,0.0,1,3,0,20,0.4666666666666667,640,774,0.8268733850129198,0
0.07819139194188353,0.44637978076934814,0.2777777777777778,0.0,1,18,5,12,0.3333333333333333,399,326,1.2239263803680982,0
0.03167522387706843,0.3878706395626068,0.0,0.0,0,0,0,10,0.5,1449,101,14.346534653465346,0
0.03886193454404161,0.39228761196136475,0.0,0.0,0,0,0,0,0.26666666666666666,755,456,1.655701754385965,0
0.043288568238771426,0.4478723406791687,0.5,0.0,1,14,7,17,0.3333333333333333,324,520,0.6230769230769231,0
0.054237492149889745,0.4380446970462799,1.0,0.0,1,1,1,13,0.26666666666666666,899,273,3.293040293040293,0
0.08214001670251392,0.42530012130737305,0.25,0.0,1,12,3,18,0.7333333333333333,535,532,1.005639097744361,0
0.057285789121551536,0.3229939937591553,0.3333333333333333,0.0,1,3,1,10,0.4,781,810,0.9641975308641976,0
0.04754995113350996,0.32359904050827026,0.0,0.0,1,3,0,12,0.26666666666666666,399,774,0.5155038759689923,0
0.031005561621435196,0.32594820857048035,0.0,0.0,0,0,0,6,0.26666666666666666,392,456,0.8596491228070176,0
0.03705173596328685,0.3069753348827362,1.0,0.0,1,3,3,14,0.2222222222222222,680,194,3.5051546391752577,0
0.03770932427959415,0.3322463929653168,0.0,0.0,1,4,0,17,0.2,352,606,0.5808580858085809,0
0.031068572827122484,0.33272382616996765,0.0,0.0,0,0,0,2,0.3333333333333333,1304,231,5.645021645021645,0
0.042235678709011536,0.3283970355987549,0.1,0.0,1,10,1,7,0.06666666666666667,674,986,0.6835699797160243,0
0.042234046878872465,0.33783355355262756,0.5,0.0,1,2,1,2,0.26666666666666666,1350,559,2.415026833631485,0
0.04520073128497194,0.3664782643318176,0.38461538461538464,0.0,1,13,5,20,0.4,640,491,1.3034623217922607,0
0.0395891658753475,0.4072101414203644,0.0,0.0,0,0,0,12,0.5,577,101,5.712871287128713,0
0.02825441317679247,0.3963073790073395,0.0,0.0,0,0,0,18,0.5,1533,101,15.178217821782178,0
0.059835008630578855,0.4050480127334595,0.5,0.0,1,2,1,3,0.2,565,568,0.9947183098591549,0
0.03845802887415676,0.2930162847042084,0.16666666666666666,0.0,1,6,1,11,0.26666666666666666,524,571,0.9176882661996497,0
0.03658252052133957,0.3317898213863373,0.0,0.0,0,0,0,21,0.5,990,101,9.801980198019802,0
0.08572368711349804,0.4953140318393707,0.5714285714285714,0.0,1,14,8,17,0.5333333333333333,488,520,0.9384615384615385,0
0.055645572197409614,0.3232201039791107,0.2,0.0,1,5,1,17,0.4666666666666667,352,1041,0.3381364073006724,0
0.07521693422512217,0.4282058775424957,0.15384615384615385,0.0,1,13,2,7,0.4666666666666667,1246,491,2.5376782077393076,0
0.08514876347506141,0.3503924310207367,1.0,0.0,1,3,3,7,0.4666666666666667,536,810,0.6617283950617284,0
0.035828962208689794,0.3452323079109192,0.0,0.0,1,2,0,0,0.2,1591,559,2.8461538461538463,0
0.06661824400827591,0.4664369821548462,0.0,0.0,0,0,0,5,0.5333333333333333,2112,237,8.91139240506329,0
0.08697538271757045,0.4753592908382416,0.21428571428571427,0.0,1,14,3,17,0.8,1626,611,2.6612111292962357,0
0.012220639536185457,0.37996476888656616,0.0,0.0,0,0,0,1,0.0,1657,42,39.45238095238095,0
0.029318680779292935,0.3985074460506439,0.125,0.0,1,8,1,2,0.2,527,193,2.7305699481865284,0
0.02365779068365547,0.3734152615070343,0.0,0.0,0,0,0,0,0.13333333333333333,181,231,0.7835497835497836,0
0.04886884783618718,0.43422237038612366,0.0,0.0,0,0,0,12,0.3,399,121,3.2975206611570247,0
0.03521446264177703,0.2676677107810974,0.0,0.0,1,3,0,15,0.26666666666666666,743,774,0.9599483204134367,0
0.03643659715907495,0.39462506771087646,0.0,0.0,1,1,0,11,0.26666666666666666,524,428,1.2242990654205608,0
0.0421684909087816,0.3458212912082672,0.0,0.0,0,0,0,1,0.2,646,214,3.0186915887850465,0
0.04457849825971154,0.5302775502204895,0.0,0.0,1,1,0,6,0.25,434,113,3.84070796460177,0
0.07290591280961037,0.5563641786575317,1.0,0.0,1,1,1,1,0.4666666666666667,553,156,3.5448717948717947,0
0.08712820383625397,0.46917521953582764,1.0,0.0,1,3,3,13,0.7333333333333333,899,582,1.5446735395189004,0
0.08875267876261066,0.44977420568466187,0.875,0.0,1,8,7,18,0.7333333333333333,748,262,2.854961832061069,0
0.038342880292628376,0.3258344233036041,0.0,0.0,1,1,0,8,0.13333333333333333,659,300,2.1966666666666668,0
0.03814073590565175,0.3824065327644348,1.0,0.0,1,1,1,2,0.13333333333333333,654,431,1.517401392111369,0
0.011170376507243477,0.4262387752532959,0.0,0.0,0,0,0,2,0.0,554,42,13.19047619047619,0
0.023230570300333424,0.34899765253067017,0.5,0.0,1,2,1,2,0.06666666666666667,554,559,0.9910554561717353,0
0.05998494502937487,0.4509894549846649,0.0,0.0,0,0,0,0,0.4,883,456,1.9364035087719298,0
0.04894410479066285,0.5143185257911682,0.0,0.0,0,0,0,0,0.3333333333333333,589,277,2.1263537906137184,0
0.056103287569743664,0.44327834248542786,1.0,0.0,1,1,1,1,0.26666666666666666,576,431,1.3364269141531322,0
0.04392164603356692,0.40450239181518555,0.0,0.0,0,0,0,9,0.4,751,121,6.206611570247934,0
0.042053847008288556,0.447508305311203,0.0,0.0,1,1,0,10,0.5,828,113,7.327433628318584,0
0.026747000689889742,0.3822072446346283,0.0,0.0,0,0,0,11,0.2,524,121,4.330578512396694,0
0.04514530843846125,0.39080187678337097,0.5,0.0,1,6,3,17,0.3333333333333333,324,369,0.8780487804878049,0
0.08633813717501353,0.4801799952983856,0.6666666666666666,0.0,1,3,2,13,0.4666666666666667,340,333,1.021021021021021,0
0.03606142869589659,0.34740757942199707,0.0,0.0,0,0,0,0,0.13333333333333333,181,328,0.551829268292683,0
0.046712576979348545,0.3648099899291992,0.0,0.0,1,1,0,1,0.2,578,349,1.656160458452722,0
0.04739113009210511,0.3688497543334961,1.0,0.0,1,1,1,2,0.4,742,810,0.9160493827160494,0
0.053531665180223266,0.39856594800949097,0.3333333333333333,0.0,1,3,1,8,0.3333333333333333,837,194,4.314432989690721,0
0.04697066688730824,0.33399635553359985,0.3333333333333333,0.0,1,3,1,1,0.3333333333333333,592,774,0.7648578811369509,0
0.05263959090071744,0.47050920128822327,1.0,0.0,1,2,2,5,0.2857142857142857,953,158,6.031645569620253,0
0.024704802827314368,0.41805124282836914,0.0,0.0,0,0,0,11,0.375,612,101,6.0594059405940595,0
0.044347301014440205,0.273048996925354,0.5,0.0,1,4,2,13,0.26666666666666666,394,602,0.654485049833887,0
0.020203934004544996,0.24213263392448425,0.0,0.0,1,6,0,13,0.13333333333333333,276,571,0.48336252189141854,0
0.06306865086931406,0.4467548727989197,0.0,0.0,1,18,0,2,0.5333333333333333,527,326,1.616564417177914,0
0.018889293340096473,0.42623376846313477,0.0,0.0,0,0,0,17,0.2,433,82,5.280487804878049,0
0.09842978373393567,0.4853350520133972,0.0,0.0,1,1,0,1,0.6,590,156,3.782051282051282,0
0.04388976533762519,0.42807966470718384,0.75,0.0,1,8,6,20,0.2,619,193,3.2072538860103625,0
0.02251608043473102,0.3104100823402405,0.0,0.0,1,1,0,0,0.4,1152,127,9.070866141732283,0
0.08018031303411252,0.38882628083229065,1.0,0.0,1,6,6,35,0.6666666666666666,1734,440,3.940909090909091,0
0.07332278865710984,0.4005892872810364,0.25,0.0,1,8,2,10,0.4,583,262,2.2251908396946565,0
0.02668072730344744,0.3860960006713867,1.0,0.0,1,1,1,1,0.13333333333333333,180,810,0.2222222222222222,0
0.05793494845475603,0.42972975969314575,0.0,0.0,1,1,0,0,0.3333333333333333,644,431,1.494199535962877,0
0.056238918925857515,0.4127989709377289,0.0,0.0,1,1,0,1,0.4,501,300,1.67,0
0.0630603385792249,0.35024380683898926,0.3333333333333333,0.0,1,3,1,4,0.5333333333333333,786,810,0.9703703703703703,0
0.049563922215112584,0.452379435300827,0.13333333333333333,0.0,1,15,2,9,0.4666666666666667,431,382,1.1282722513089005,0
0.04089572509405452,0.3541240096092224,0.0,0.0,1,5,0,2,0.4666666666666667,527,492,1.0711382113821137,0
0.06749631104098894,0.44408613443374634,0.5,0.0,1,2,1,13,0.26666666666666666,340,452,0.7522123893805309,0
0.07208611890335184,0.4105713963508606,0.0,0.0,1,1,0,1,0.4666666666666667,592,300,1.9733333333333334,0
0.03816042267616856,0.4132063090801239,1.0,0.0,1,1,1,17,0.4,352,118,2.983050847457627,0
0.06853114408757277,0.48384493589401245,1.0,0.0,1,1,1,1,0.5333333333333333,680,156,4.358974358974359,0
0.07517157156901792,0.3827276825904846,0.5833333333333334,0.0,1,12,7,18,0.5333333333333333,929,532,1.7462406015037595,0
0.05536119655644293,0.4643782675266266,0.07142857142857142,0.0,1,14,1,3,0.2,558,520,1.073076923076923,0
0.008136806926478661,0.3113025426864624,0.0,0.0,1,2,0,1,0.25,659,73,9.027397260273972,0
0.07411129039169564,0.6322743892669678,0.0,0.0,0,0,0,1,0.7142857142857143,642,85,7.552941176470588,0
0.02277864691086986,0.39655837416648865,0.0,0.0,0,0,0,18,0.375,535,101,5.297029702970297,0
0.08976346888520066,0.3454523980617523,0.4375,0.0,1,16,7,14,0.4666666666666667,409,1015,0.40295566502463054,0
0.050840946665245794,0.323868066072464,0.0,0.0,0,0,0,3,0.13333333333333333,270,456,0.5921052631578947,0
0.05202034202870369,0.30998852849006653,0.0,0.0,0,0,0,0,0.4,870,214,4.065420560747664,0
0.052658414535274534,0.34837135672569275,0.6,0.0,1,5,3,20,0.3333333333333333,619,578,1.0709342560553634,0
0.06425111527707086,0.3718978464603424,0.6,0.0,1,5,3,17,0.4,433,578,0.7491349480968859,0
0.01607776901202016,0.3285914361476898,0.0,0.0,1,2,0,3,0.25,315,73,4.315068493150685,0
0.04045557580111503,0.2910784184932709,0.6666666666666666,0.0,1,3,2,18,0.4,535,438,1.221461187214612,0
0.05784528779236623,0.36380535364151,0.0,0.0,1,4,0,2,0.26666666666666666,1350,456,2.960526315789474,0
0.05938687400427223,0.43354079127311707,0.0,0.0,1,14,0,3,0.4666666666666667,1474,611,2.4124386252045826,0
0.07813851232457675,0.37839585542678833,1.0,0.0,1,1,1,18,0.7333333333333333,1533,300,5.11,0
0.021167416071428087,0.16928982734680176,0.0,0.0,0,0,0,13,0.09090909090909091,394,78,5.051282051282051,0
0.04072189543327319,0.30982691049575806,0.5,0.0,1,6,3,21,0.26666666666666666,443,571,0.7758318739054291,0
0.045640014781707934,0.2918178141117096,0.25,0.0,1,4,1,3,0.2727272727272727,276,193,1.4300518134715026,0
0.06673803348564487,0.4362678527832031,0.5,0.0,1,2,1,18,0.5454545454545454,604,171,3.5321637426900585,0
0.060860634140743684,0.3810330033302307,0.3333333333333333,0.0,1,12,4,20,0.4666666666666667,640,532,1.2030075187969924,0
0.061876034255615345,0.5260783433914185,0.0,0.0,1,6,0,2,0.5454545454545454,527,226,2.331858407079646,0
0.030661541325053127,0.34365227818489075,0.0,0.0,0,0,0,8,0.1,443,121,3.6611570247933884,0
0.05161984803612796,0.3089247941970825,0.0,0.0,0,0,0,0,0.4,870,214,4.065420560747664,0
0.0388649905825231,0.2808513343334198,1.0,0.0,1,1,1,13,0.6,899,127,7.078740157480315,0
0.04591268117293642,0.34649622440338135,0.0,0.0,1,3,0,11,0.3333333333333333,1371,774,1.7713178294573644,0
0.07627582306602797,0.391815185546875,0.5,0.0,1,6,3,7,0.4,674,434,1.5529953917050692,0
0.04155835567923663,0.33133840560913086,0.0,0.0,1,3,0,8,0.4666666666666667,597,774,0.7713178294573644,0
0.06451738245729755,0.4278912842273712,0.07142857142857142,0.0,1,14,1,10,0.4,1305,611,2.1358428805237315,0
0.029326373524553685,0.36336469650268555,0.0,0.0,1,6,0,1,0.26666666666666666,501,369,1.3577235772357723,0
0.06884951994050942,0.3410238027572632,0.0,0.0,1,3,0,0,0.4,1152,810,1.4222222222222223,0
0.03056120248254313,0.32925161719322205,0.6666666666666666,0.0,1,3,2,9,0.2222222222222222,295,194,1.5206185567010309,0
0.04256024352217763,0.3423127830028534,0.0,0.0,1,3,0,11,0.26666666666666666,524,700,0.7485714285714286,0
0.054739206133995084,0.38919106125831604,0.0,0.0,0,0,0,3,0.5,565,172,3.2848837209302326,0
0.0512362643419585,0.3104158043861389,0.0,0.0,1,6,0,8,0.3333333333333333,837,571,1.4658493870402802,0
0.06172680535653386,0.3921787142753601,0.0,0.0,1,8,0,2,0.4,527,468,1.126068376068376,0
0.08933497534779795,0.43057894706726074,0.0,0.0,1,1,0,1,0.5333333333333333,590,810,0.7283950617283951,0
0.07146980799702889,0.5110604166984558,1.0,0.0,1,1,1,6,0.4,434,270,1.6074074074074074,0
0.07047762947586197,0.46794235706329346,0.0,0.0,1,1,0,0,0.6666666666666666,582,156,3.730769230769231,0
0.023214475862510218,0.2835712432861328,0.0,0.0,1,1,0,1,0.2,255,127,2.0078740157480315,0
0.04650556524201594,0.31149208545684814,0.0,0.0,1,5,0,7,0.13333333333333333,674,679,0.9926362297496318,0
0.04438235638347102,0.3571077883243561,0.3333333333333333,0.0,1,6,2,20,0.3333333333333333,662,369,1.7940379403794038,0
0.05375743376209967,0.4287380278110504,0.7142857142857143,0.0,1,7,5,17,0.625,352,139,2.5323741007194243,0
0.05042226053844947,0.40043655037879944,0.21428571428571427,0.0,1,14,3,19,0.26666666666666666,542,611,0.8870703764320785,0
0.09544496198740372,0.4148801267147064,0.0,0.0,1,1,0,3,0.4666666666666667,565,410,1.3780487804878048,0
0.05448483254951888,0.4040401577949524,0.0,0.0,1,1,0,1,0.26666666666666666,643,431,1.4918793503480279,0
0.049766046027416216,0.3083976209163666,0.16666666666666666,0.0,1,6,1,7,0.26666666666666666,213,555,0.3837837837837838,0
0.04553420940943471,0.35249361395835876,0.0,0.0,1,5,0,0,0.3333333333333333,515,578,0.8910034602076125,0
0.0768155351630552,0.31939443945884705,0.3333333333333333,0.0,1,3,1,13,0.6,2230,810,2.753086419753086,0
0.07535737407634242,0.36746153235435486,0.5,0.0,1,6,3,13,0.4,899,440,2.043181818181818,0
0.04298424015627173,0.3087849020957947,0.0,0.0,1,3,0,7,0.21428571428571427,674,269,2.5055762081784385,0
0.03892434153371357,0.2692689001560211,0.0,0.0,1,3,0,7,0.2,194,774,0.25064599483204136,0
0.053446759311088804,0.4418565332889557,1.0,0.0,1,1,1,1,0.4,578,308,1.8766233766233766,0
0.0738270097550064,0.3576768934726715,1.0,0.0,1,6,6,38,0.6,1805,440,4.1022727272727275,0
0.07417214428580074,0.38776740431785583,0.5,0.0,1,4,2,5,0.2,582,456,1.2763157894736843,0
0.0639745208042131,0.41715648770332336,0.4,0.0,1,15,6,21,0.4666666666666667,443,382,1.1596858638743455,0
0.07016042119836066,0.38378381729125977,0.3333333333333333,0.0,1,18,6,20,0.4666666666666667,619,326,1.8987730061349692,0
0.07061704362138364,0.5141130685806274,1.0,0.0,1,1,1,3,0.4666666666666667,465,270,1.7222222222222223,0
0.031382776857195926,0.3363562822341919,0.0,0.0,1,5,0,3,0.2,268,578,0.46366782006920415,0
0.03554287551476489,0.3298802971839905,0.0,0.0,0,0,0,0,0.06666666666666667,288,214,1.3457943925233644,0
0.030605151367116053,0.37935373187065125,0.0,0.0,1,14,0,0,0.06666666666666667,614,611,1.004909983633388,0
0.05993215164175396,0.3287491798400879,0.1,0.0,1,10,1,7,0.5333333333333333,674,297,2.2693602693602695,0
0.04181154549778842,0.326987087726593,0.0,0.0,1,3,0,14,0.26666666666666666,816,774,1.054263565891473,0
0.01894979221569251,0.3562353849411011,0.0,0.0,1,1,0,5,0.0,570,113,5.04424778761062,0
0.06061856511941153,0.46917930245399475,0.0,0.0,1,2,0,2,0.5454545454545454,527,171,3.08187134502924,0
0.02747720902631573,0.3872095048427582,0.0,0.0,0,0,0,7,0.14285714285714285,790,108,7.314814814814815,0
0.028015171416815938,0.3274590075016022,0.0,0.0,1,14,0,2,0.06666666666666667,256,611,0.41898527004909986,0
0.03491106741541829,0.4186825156211853,0.0,0.0,1,1,0,1,0.25,684,113,6.053097345132743,0
0.019445323990254313,0.2773686647415161,0.0,0.0,1,1,0,13,0.1,394,127,3.1023622047244093,0
0.04310991915664712,0.37608128786087036,0.0,0.0,1,1,0,0,0.26666666666666666,515,300,1.7166666666666666,0
0.06767956813620501,0.4194366931915283,0.42105263157894735,0.0,1,19,8,17,0.4,324,382,0.8481675392670157,0
0.015096484292087129,0.440647691488266,0.0,0.0,0,0,0,2,0.0,527,46,11.456521739130435,0
0.046552276248933926,0.36583212018013,0.14285714285714285,0.0,1,14,2,9,0.3333333333333333,777,520,1.4942307692307693,0
0.01944764476015547,0.4618546962738037,0.0,0.0,0,0,0,1,0.0,684,42,16.285714285714285,0
0.014838637715629373,0.3228517174720764,0.0,0.0,1,2,0,1,0.25,255,73,3.493150684931507,0
0.04960151612017593,0.35778337717056274,0.125,0.0,1,8,1,7,0.13333333333333333,674,317,2.1261829652996846,0
0.015805955375225354,0.29846400022506714,0.0,0.0,0,0,0,13,0.4,394,32,12.3125,0
0.07107189659236446,0.4989951252937317,0.0,0.0,1,1,0,1,0.4666666666666667,772,270,2.859259259259259,0
0.05071542409312966,0.39128074049949646,0.0,0.0,0,0,0,3,0.26666666666666666,565,231,2.445887445887446,0
0.06465334481031201,0.3813646733760834,0.0,0.0,1,1,0,0,0.4,603,810,0.7444444444444445,0
0.06392970713721084,0.4513407051563263,0.14285714285714285,0.0,1,14,2,8,0.4666666666666667,937,611,1.5335515548281506,0
0.032649674670783724,0.4231758415699005,0.0,0.0,1,1,0,0,0.38461538461538464,759,157,4.834394904458598,0
0.04332955469962419,0.40287166833877563,0.0,0.0,0,0,0,10,0.2857142857142857,583,108,5.398148148148148,0
0.05762122595846329,0.500470757484436,0.0,0.0,0,0,0,0,0.4,603,277,2.1768953068592056,0
0.05880616407099138,0.4246586859226227,0.0,0.0,0,0,0,5,0.5333333333333333,2112,263,8.03041825095057,0
0.06512769009833645,0.4199613332748413,0.0,0.0,0,0,0,13,0.6666666666666666,899,465,1.9333333333333333,0
0.034269257951280205,0.4460623264312744,0.0,0.0,0,0,0,1,0.3,592,121,4.892561983471074,0
0.02775476533605347,0.2782934904098511,0.0,0.0,1,1,0,13,0.3,340,127,2.677165354330709,0
0.06914011548721506,0.3934483826160431,0.5,0.0,1,8,4,13,0.6,394,497,0.7927565392354124,0
0.04869757230447283,0.3503146767616272,0.0,0.0,1,2,0,3,0.4,315,290,1.0862068965517242,0
0.037782833957193625,0.41111522912979126,0.05555555555555555,0.0,1,18,1,11,0.5333333333333333,524,326,1.607361963190184,0
0.031217186759268066,0.38223111629486084,0.0,0.0,0,0,0,11,0.2,524,349,1.501432664756447,0
0.022415946153560413,0.3879035413265228,0.0,0.0,0,0,0,18,0.2,535,82,6.524390243902439,0
0.029542093311675847,0.3784225583076477,0.0,0.0,1,1,0,3,0.42857142857142855,630,124,5.080645161290323,0
0.01640053477954002,0.38007330894470215,0.0,0.0,0,0,0,17,0.25,324,101,3.207920792079208,0
0.06734362162282236,0.42542311549186707,0.0,0.0,0,0,0,0,0.3333333333333333,870,456,1.9078947368421053,0
0.04536833732093915,0.36848267912864685,0.0,0.0,0,0,0,7,0.375,194,101,1.9207920792079207,0
0.027551741170676564,0.3398181200027466,0.0,0.0,1,6,0,0,0.13333333333333333,467,440,1.0613636363636363,0
0.055386959758684094,0.493117094039917,1.0,0.0,1,1,1,2,0.3333333333333333,331,156,2.121794871794872,0
0.05113941879006331,0.3052171766757965,1.0,0.0,1,1,1,7,0.75,674,67,10.059701492537313,0
0.08502482945775679,0.5018629431724548,0.6363636363636364,0.0,1,11,7,18,0.6,748,351,2.131054131054131,0
0.042343114903154046,0.3705982565879822,0.0,0.0,1,1,0,4,0.26666666666666666,618,300,2.06,0
0.042820535966651405,0.4430510699748993,0.06666666666666667,0.0,1,15,1,1,0.4666666666666667,501,382,1.3115183246073299,0
0.0539602254069543,0.4073364734649658,0.0,0.0,0,0,0,19,0.5,813,121,6.7190082644628095,0
0.02597309184686328,0.38311028480529785,0.0,0.0,1,1,0,1,0.06666666666666667,235,273,0.8608058608058609,0
0.05895923841998482,0.4209674894809723,0.14285714285714285,0.0,1,14,2,8,0.5333333333333333,926,611,1.5155482815057284,0
0.07137866015108084,0.4376886188983917,0.5833333333333334,0.0,1,12,7,25,0.6,615,532,1.156015037593985,0
0.025363218704117826,0.3033905327320099,0.0,0.0,1,1,0,13,0.42857142857142855,394,121,3.256198347107438,0
0.04145641285937731,0.36811867356300354,0.3333333333333333,0.0,1,6,2,25,0.2,615,555,1.1081081081081081,0
0.06283052206911019,0.41636109352111816,0.0,0.0,0,0,0,3,0.4666666666666667,565,263,2.1482889733840302,0
0.031681920069897444,0.44070035219192505,0.0,0.0,1,1,0,2,0.6666666666666666,527,41,12.853658536585366,0
0.025214845126167947,0.4153176248073578,0.0,0.0,0,0,0,17,0.2,488,82,5.951219512195122,0
0.04643200147499661,0.4297349154949188,0.25,0.0,1,8,2,3,0.2,630,262,2.404580152671756,0
0.033365398206342683,0.26237034797668457,0.0,0.0,1,6,0,8,0.0,443,571,0.7758318739054291,0
0.054309019526572674,0.31051012873649597,0.25,0.0,1,4,1,10,0.18181818181818182,583,193,3.0207253886010363,0
0.03951795229133203,0.3735746443271637,1.0,0.0,1,1,1,7,0.4,674,118,5.711864406779661,0
0.07170370029860186,0.4741450548171997,0.0,0.0,0,0,0,7,0.6,674,246,2.7398373983739837,0
0.06108409827682892,0.40280720591545105,0.0,0.0,1,2,0,20,0.4,619,476,1.300420168067227,0
0.04374517297991267,0.37597548961639404,0.16666666666666666,0.0,1,12,2,4,0.26666666666666666,618,532,1.1616541353383458,0
0.03160610350768701,0.351572185754776,0.0,0.0,1,14,0,2,0.06666666666666667,619,611,1.0130932896890343,0
0.047021684971191316,0.4395601153373718,0.0,0.0,1,1,0,39,0.75,2130,113,18.849557522123895,0
0.06937279594904486,0.31040120124816895,1.0,0.0,1,3,3,39,0.6666666666666666,2130,810,2.6296296296296298,0
0.038137321306860546,0.45668303966522217,1.0,0.0,1,1,1,2,0.3333333333333333,608,156,3.8974358974358974,0
0.022294912856879102,0.26504015922546387,0.0,0.0,0,0,0,9,0.2,295,214,1.3785046728971964,0
0.05962794360238895,0.38897421956062317,0.0,0.0,1,2,0,5,0.6666666666666666,2112,576,3.6666666666666665,0
0.05018584489671174,0.29099905490875244,0.0,0.0,1,3,0,2,0.4,527,438,1.2031963470319635,0
0.061639533792011134,0.370205283164978,0.0,0.0,1,1,0,7,0.4,1246,300,4.153333333333333,0
0.031353198190338036,0.30000433325767517,0.0,0.0,1,14,0,1,0.2,177,611,0.2896890343698854,0
0.04942012853301429,0.4255668520927429,0.42857142857142855,0.0,1,14,6,20,0.3333333333333333,640,520,1.2307692307692308,0
0.04131521388589211,0.4355267882347107,0.3333333333333333,0.0,1,15,5,9,0.3333333333333333,295,382,0.7722513089005235,0
0.009517601850140351,0.36419913172721863,0.0,0.0,0,0,0,0,0.0,490,42,11.666666666666666,0
0.06029254447891563,0.29573196172714233,0.25,0.0,1,4,1,5,0.13333333333333333,608,456,1.3333333333333333,0
0.028662892413232617,0.3490484654903412,0.0,0.0,0,0,0,0,0.3333333333333333,476,231,2.0606060606060606,0
0.018271178072780406,0.30274292826652527,0.0,0.0,1,2,0,5,0.25,570,73,7.808219178082192,0
0.043553906027311594,0.41945680975914,0.13333333333333333,0.0,1,15,2,7,0.4,213,380,0.5605263157894737,0
0.05204536962616554,0.34668534994125366,0.0,0.0,1,1,0,3,0.4,558,300,1.86,0
0.07445172474109865,0.4231380820274353,0.0,0.0,1,12,0,1,0.3333333333333333,592,532,1.112781954887218,0
0.05298039674012794,0.26219695806503296,0.0,0.0,0,0,0,12,0.2,1153,214,5.38785046728972,0
0.05032540987699497,0.2926546633243561,0.3333333333333333,0.0,1,6,2,14,0.26666666666666666,409,571,0.7162872154115587,0
0.06202347072209392,0.37755128741264343,0.08333333333333333,0.0,1,12,1,8,0.4,659,532,1.2387218045112782,0
0.033047464386214497,0.34659337997436523,0.5,0.0,1,6,3,20,0.26666666666666666,640,369,1.7344173441734418,0
0.08630265575337201,0.4440719783306122,0.6428571428571429,0.0,1,14,9,22,0.7333333333333333,1880,611,3.076923076923077,0
0.03367386956876005,0.2853219509124756,0.16666666666666666,0.0,1,6,1,7,0.2,674,571,1.180385288966725,0
0.03894473174368294,0.36991894245147705,0.3333333333333333,0.0,1,6,2,17,0.26666666666666666,324,279,1.1612903225806452,0
0.07832626406439176,0.43212178349494934,0.0,0.0,1,2,0,8,0.6,837,476,1.7584033613445378,0
0.03550784970185794,0.3839525580406189,0.0,0.0,1,6,0,11,0.26666666666666666,524,279,1.8781362007168458,0
0.05345294795764839,0.3860766887664795,0.1111111111111111,0.0,1,18,2,7,0.5333333333333333,674,326,2.067484662576687,0
0.049342933348432545,0.37270423769950867,0.2,0.0,1,5,1,7,0.3333333333333333,674,285,2.364912280701754,0
0.049041691711304666,0.4168016314506531,0.42857142857142855,0.0,1,14,6,20,0.3333333333333333,640,520,1.2307692307692308,0
0.053355362017299526,0.4436591565608978,0.0,0.0,1,1,0,0,0.6923076923076923,582,157,3.7070063694267517,0
0.049702155579284445,0.4804975986480713,0.0,0.0,1,1,0,0,0.4666666666666667,579,431,1.3433874709976799,0
0.04644403142566442,0.3788036108016968,0.0,0.0,0,0,0,18,0.5,604,121,4.991735537190083,0
0.0361814974992925,0.39063340425491333,0.5,0.0,1,2,1,7,0.3333333333333333,536,311,1.7234726688102895,0
0.03731405417622295,0.41242337226867676,0.0,0.0,0,0,0,20,0.5,640,101,6.336633663366337,0
0.03635391940170135,0.3219452500343323,0.0,0.0,0,0,0,0,0.26666666666666666,498,231,2.155844155844156,0
0.04534302294705426,0.29376137256622314,0.0,0.0,1,3,0,6,0.5333333333333333,610,774,0.7881136950904393,0
0.039359860304932964,0.34804296493530273,0.0,0.0,1,4,0,1,0.13333333333333333,489,456,1.0723684210526316,0
0.041178894291953844,0.3602162003517151,0.0,0.0,1,1,0,0,0.2,358,575,0.6226086956521739,0
0.055394056819957224,0.36216112971305847,0.2,0.0,1,5,1,18,0.26666666666666666,535,578,0.9256055363321799,0
0.05593263096454841,0.27287060022354126,0.3333333333333333,0.0,1,3,1,7,0.4,213,438,0.4863013698630137,0
0.03309192478429776,0.43934524059295654,1.0,0.0,1,1,1,1,0.2,180,156,1.1538461538461537,0
0.05541751771416369,0.4393736720085144,0.07142857142857142,0.0,1,14,1,8,0.2,659,520,1.2673076923076922,0
0.05313962762130129,0.4163205027580261,0.0,0.0,1,2,0,0,0.4,1591,287,5.543554006968641,0
0.011722760513974216,0.46129098534584045,0.0,0.0,0,0,0,17,0.0,324,46,7.043478260869565,0
0.03147600351478446,0.27250346541404724,0.0,0.0,1,1,0,2,0.2,245,127,1.9291338582677164,0
0.04402654678489594,0.2909383475780487,0.3333333333333333,0.0,1,3,1,17,0.26666666666666666,433,774,0.5594315245478036,0
0.04219861067446897,0.37559571862220764,0.0,0.0,1,1,0,2,0.4,554,395,1.4025316455696202,0
0.03554080506689166,0.26716873049736023,0.23076923076923078,0.0,1,13,3,13,0.13333333333333333,276,491,0.5621181262729125,0
0.03239260023782901,0.41419869661331177,0.0,0.0,0,0,0,10,0.4,781,465,1.6795698924731184,0
0.08287976359576128,0.3427085876464844,1.0,0.0,1,1,1,3,0.4,565,979,0.5771195097037793,0
0.09325119702196447,0.4284079968929291,1.0,0.0,1,1,1,1,0.6,874,810,1.0790123456790124,0
0.07230280033010515,0.3301429748535156,0.16666666666666666,0.0,1,18,3,7,0.3333333333333333,194,326,0.5950920245398773,0
0.05694384143990073,0.47351184487342834,0.5,0.0,1,4,2,13,0.5333333333333333,340,330,1.0303030303030303,0
0.0764674405107261,0.34206491708755493,0.4,0.0,1,5,2,18,0.4,604,578,1.0449826989619377,0
0.039290100329392216,0.3720723092556,0.0,0.0,0,0,0,17,0.375,433,101,4.287128712871287,0
0.0396069572968817,0.4050785005092621,1.0,0.0,1,1,1,35,0.26666666666666666,1940,273,7.106227106227106,0
0.0458497205291695,0.34497183561325073,0.07692307692307693,0.0,1,13,1,4,0.4666666666666667,618,491,1.2586558044806517,0
0.019318775657008933,0.3699645698070526,0.0,0.0,1,2,0,3,0.14285714285714285,367,158,2.3227848101265822,0
0.0847208285881714,0.5167834162712097,1.0,0.0,1,1,1,13,0.6,2230,270,8.25925925925926,0
0.06521938575556092,0.46729543805122375,0.25,0.0,1,8,2,13,0.4,340,390,0.8717948717948718,0
0.02776155747014357,0.30915698409080505,0.0,0.0,1,6,0,1,0.06666666666666667,255,440,0.5795454545454546,0
0.0749380551556174,0.43355822563171387,0.0,0.0,1,1,0,0,0.3333333333333333,579,810,0.7148148148148148,0
0.08411260701002532,0.41829973459243774,1.0,0.0,1,1,1,2,0.6,783,810,0.9666666666666667,0
0.027879639516546817,0.48294755816459656,0.0,0.0,1,1,0,10,0.5,583,34,17.147058823529413,0
0.03386595390417498,0.40628576278686523,0.0,0.0,0,0,0,20,0.5,640,101,6.336633663366337,0
0.06739857073625695,0.3805387318134308,0.25,0.0,1,12,3,8,0.3333333333333333,597,532,1.1221804511278195,0
0.02204689332056356,0.3642860949039459,0.0,0.0,1,1,0,2,0.14285714285714285,245,124,1.9758064516129032,0
0.03560758239420951,0.2660348415374756,0.0,0.0,1,3,0,17,0.3333333333333333,352,774,0.45478036175710596,0
0.035118365242430304,0.3572351634502411,0.0,0.0,1,2,0,1,0.14285714285714285,287,158,1.8164556962025316,0
0.042299032880675276,0.3874205946922302,0.0,0.0,0,0,0,7,0.3333333333333333,674,349,1.9312320916905443,0
0.03434484283684307,0.31487971544265747,0.0,0.0,1,1,0,5,0.3,582,127,4.582677165354331,0
0.05051547860444229,0.5046073198318481,0.0,0.0,1,1,0,32,0.5,1931,113,17.088495575221238,0
0.046730008252083954,0.35397547483444214,0.4166666666666667,0.0,1,12,5,17,0.4,324,532,0.6090225563909775,0
0.04287131867045603,0.43130114674568176,0.5,0.0,1,2,1,25,0.2727272727272727,615,171,3.5964912280701755,0
0.03623791988612048,0.38734546303749084,0.0,0.0,1,18,0,1,0.3333333333333333,501,326,1.5368098159509203,0
0.035229237139193396,0.42197492718696594,1.0,0.0,1,1,1,1,0.06666666666666667,485,431,1.1252900232018561,0
0.05990035426380368,0.4021148979663849,0.4166666666666667,0.0,1,12,5,21,0.5333333333333333,443,532,0.8327067669172933,0
0.04530421166830512,0.42675089836120605,0.0,0.0,1,1,0,2,0.25,554,113,4.902654867256637,0
0.0654116060079136,0.4252921938896179,0.5,0.0,1,8,4,11,0.4666666666666667,663,262,2.530534351145038,0
0.04133082042009847,0.38997092843055725,0.5,0.0,1,6,3,9,0.26666666666666666,431,369,1.1680216802168022,0
0.04177237480738017,0.25571414828300476,0.3333333333333333,0.0,1,6,2,19,0.26666666666666666,813,571,1.4238178633975482,0
0.022392981045631425,0.32836616039276123,0.0,0.0,1,2,0,39,0.42857142857142855,2130,158,13.481012658227849,0
0.05784838599533841,0.3009333312511444,0.5,0.0,1,6,3,15,0.4666666666666667,1104,571,1.9334500875656742,0
0.047401859667387025,0.3589733839035034,0.0,0.0,1,2,0,0,0.4,1152,290,3.972413793103448,0
0.037204326779965526,0.3705144226551056,0.0,0.0,0,0,0,2,0.0,309,42,7.357142857142857,0
0.028614586499753403,0.3525860011577606,0.0,0.0,0,0,0,11,0.2,612,82,7.463414634146342,0
0.03365655121531469,0.3169420063495636,0.0,0.0,1,3,0,17,0.06666666666666667,352,700,0.5028571428571429,0
0.03975516755289339,0.3644979000091553,1.0,0.0,1,1,1,35,0.5714285714285714,1940,124,15.64516129032258,0
0.03841700719762464,0.4865603446960449,0.0,0.0,0,0,0,7,0.4,644,32,20.125,0
0.05406903665595226,0.3146764039993286,0.0,0.0,1,3,0,18,0.4,535,774,0.6912144702842378,0
0.07223977383814352,0.3809448182582855,0.0,0.0,1,1,0,7,0.4,502,300,1.6733333333333333,0
0.036458150239866545,0.37182727456092834,0.0,0.0,0,0,0,18,0.2,929,121,7.677685950413223,0
0.03735780449192832,0.3624842166900635,0.0,0.0,1,2,0,12,0.2857142857142857,1153,158,7.2974683544303796,0
0.06156605267003117,0.4964669942855835,1.0,0.0,1,4,4,13,0.3,394,266,1.481203007518797,0
0.061468523389686044,0.4130927622318268,0.3333333333333333,0.0,1,3,1,5,0.5333333333333333,1073,582,1.8436426116838487,0
0.04737593236651784,0.3525199890136719,1.0,0.0,1,1,1,1,0.4,530,810,0.654320987654321,0
0.0895557140578913,0.3972807824611664,0.8333333333333334,0.0,1,6,5,18,0.6,748,440,1.7,0
0.08688692507018927,0.5154679417610168,1.0,0.0,1,1,1,2,0.7333333333333333,1695,156,10.865384615384615,0
0.02236504951723761,0.35424330830574036,0.0,0.0,0,0,0,6,0.13333333333333333,392,328,1.1951219512195121,0
0.0395526968305227,0.36735495924949646,0.3333333333333333,0.0,1,3,1,4,0.3333333333333333,618,194,3.185567010309278,0
0.08174869314656145,0.3329615592956543,0.3125,0.0,1,16,5,7,0.4666666666666667,213,1015,0.20985221674876847,0
0.05847361014031714,0.4662548899650574,0.0,0.0,1,1,0,0,0.3333333333333333,1591,270,5.892592592592592,0
0.060833122164009705,0.384221613407135,1.0,0.0,1,1,1,9,0.26666666666666666,431,300,1.4366666666666668,0
0.02820611516767502,0.33488354086875916,0.0,0.0,1,4,0,2,0.2727272727272727,641,193,3.321243523316062,0
0.032967796522227956,0.34430140256881714,1.0,0.0,1,1,1,13,0.26666666666666666,394,270,1.4592592592592593,0
0.06387202126416909,0.4054088294506073,0.14285714285714285,0.0,1,14,2,5,0.4666666666666667,760,611,1.2438625204582652,0
0.05408754205498453,0.5396752953529358,0.0,0.0,1,1,0,12,1.0,864,113,7.646017699115045,0
0.046101342026650456,0.32669055461883545,0.6666666666666666,0.0,1,3,2,18,0.2222222222222222,929,194,4.788659793814433,0
0.057946990481846476,0.40444472432136536,1.0,0.0,1,2,2,12,0.5,1153,73,15.794520547945206,0
0.05189754520611398,0.29640457034111023,0.0,0.0,0,0,0,39,0.5333333333333333,2130,456,4.671052631578948,0
0.048363316739985986,0.3346670866012573,0.0,0.0,1,4,0,3,0.13333333333333333,465,456,1.019736842105263,0
0.02514108763668894,0.396496444940567,0.0,0.0,0,0,0,4,0.2,618,121,5.107438016528926,0
0.0637870402968914,0.4649859666824341,1.0,0.0,1,1,1,1,0.4,695,431,1.6125290023201857,0
0.0864377603971783,0.36493119597435,0.0,0.0,1,2,0,14,0.4666666666666667,409,476,0.8592436974789915,0
0.046412827473174635,0.4943251609802246,0.0,0.0,0,0,0,0,0.2,361,277,1.3032490974729243,0
0.026529905302968275,0.42737913131713867,0.0,0.0,0,0,0,1,0.0,578,51,11.333333333333334,0
0.027519444098816924,0.36829352378845215,0.0,0.0,0,0,0,4,0.5,668,101,6.6138613861386135,0
0.05410849828735699,0.3998548090457916,0.0,0.0,1,1,0,0,0.5333333333333333,603,575,1.048695652173913,0
0.020969138301571696,0.351949542760849,0.0,0.0,1,2,0,2,0.14285714285714285,245,158,1.5506329113924051,0
0.043292879641436015,0.33639928698539734,0.0,0.0,1,6,0,1,0.2,235,440,0.5340909090909091,0
0.04570340322645972,0.4605063796043396,0.35714285714285715,0.0,1,14,5,16,0.3333333333333333,218,520,0.41923076923076924,0
0.042395559820061726,0.39621832966804504,0.14285714285714285,0.0,1,14,2,4,0.26666666666666666,618,520,1.1884615384615385,0
0.04140273574883846,0.26758554577827454,0.3333333333333333,0.0,1,3,1,2,0.4,809,810,0.9987654320987654,0
0.02260886176061936,0.4323955774307251,0.0,0.0,0,0,0,5,0.0,1073,42,25.547619047619047,0
0.0728110541949698,0.4956332743167877,0.07142857142857142,0.0,1,14,1,8,0.4666666666666667,837,520,1.6096153846153847,0
0.03391315812400305,0.3874443769454956,0.0,0.0,0,0,0,5,0.14285714285714285,608,108,5.62962962962963,0
0.03179314676145259,0.42747724056243896,0.0,0.0,1,1,0,7,0.42857142857142855,536,121,4.429752066115703,0
0.02769101294216106,0.49205657839775085,0.0,0.0,0,0,0,4,0.0,282,42,6.714285714285714,0
0.04329346740908051,0.393165647983551,0.5,0.0,1,2,1,13,0.2,340,311,1.0932475884244373,0
0.05516250562588943,0.3304380774497986,0.0,0.0,1,3,0,9,0.3333333333333333,816,774,1.054263565891473,0
0.02438643317985055,0.3841208219528198,0.0,0.0,1,1,0,1,0.06666666666666667,606,273,2.21978021978022,0
0.0719813914987405,0.35432976484298706,0.0,0.0,0,0,0,3,0.5333333333333333,270,214,1.2616822429906542,0
0.03254902841249126,0.3344895541667938,0.4,0.0,1,10,4,17,0.2,324,717,0.45188284518828453,0
0.03184422956448044,0.2767370343208313,0.0,0.0,1,1,0,3,0.42857142857142855,276,124,2.225806451612903,0
0.03503364051884634,0.41225624084472656,0.0,0.0,1,1,0,3,0.13333333333333333,630,273,2.3076923076923075,0
0.0726582572071326,0.3436132073402405,0.0625,0.0,1,16,1,1,0.5333333333333333,521,1015,0.5133004926108374,0
0.0541847390405205,0.3855653703212738,0.0,0.0,1,1,0,0,0.13333333333333333,358,810,0.4419753086419753,0
0.0637133238548,0.29407739639282227,0.0,0.0,1,3,0,10,0.4666666666666667,583,810,0.7197530864197531,0
0.06907352517304806,0.45147815346717834,0.21428571428571427,0.0,1,14,3,7,0.26666666666666666,674,520,1.2961538461538462,0
0.05979524318016631,0.38876625895500183,0.0,0.0,0,0,0,0,0.26666666666666666,288,456,0.631578947368421,0
0.07690574526334022,0.4880298674106598,1.0,0.0,1,4,4,7,0.4666666666666667,536,330,1.6242424242424243,0
0.05761259445956945,0.4265037477016449,0.0,0.0,1,1,0,0,0.4,589,156,3.7756410256410255,0
0.027832148970754703,0.4197934567928314,0.0,0.0,0,0,0,8,0.375,837,101,8.287128712871286,0
0.047309335001839585,0.3178115487098694,0.5,0.0,1,2,1,13,0.5333333333333333,899,290,3.1,0
0.034028106892050956,0.3292030692100525,0.0,0.0,1,5,0,11,0.13333333333333333,524,679,0.7717231222385862,0
0.06501677308780023,0.38320791721343994,1.0,0.0,1,1,1,13,0.3333333333333333,340,519,0.6551059730250481,0
0.05643995697671794,0.3328101336956024,0.3333333333333333,0.0,1,3,1,1,0.3333333333333333,1657,810,2.045679012345679,0
0.021368802599173422,0.32347771525382996,0.0,0.0,0,0,0,0,0.25,515,101,5.099009900990099,0
0.041505807326365704,0.2821553945541382,0.0,0.0,1,1,0,10,0.6,781,127,6.149606299212598,0
0.08381445999899702,0.4572579860687256,0.35714285714285715,0.0,1,14,5,9,0.5333333333333333,1000,611,1.6366612111292962,0
0.05771303250432824,0.3281448781490326,0.0,0.0,1,2,0,7,0.3333333333333333,194,476,0.40756302521008403,0
0.03172144788581057,0.35553598403930664,0.0,0.0,0,0,0,2,0.26666666666666666,245,465,0.5268817204301075,0
0.029160842798432146,0.3788130581378937,0.0,0.0,0,0,0,20,0.1,619,121,5.115702479338843,0
0.022397228088931485,0.288253515958786,0.0,0.0,0,0,0,7,0.0,194,82,2.3658536585365852,0
0.04002259938830439,0.4431909918785095,0.0,0.0,1,1,0,0,0.26666666666666666,358,156,2.2948717948717947,0
0.034668871616434956,0.2982439398765564,0.23076923076923078,0.0,1,13,3,11,0.26666666666666666,524,415,1.2626506024096384,0
0.05475552707318893,0.3780771493911743,0.3333333333333333,0.0,1,3,1,10,0.4666666666666667,583,582,1.0017182130584192,0
0.03354079535667398,0.3840388059616089,0.0,0.0,0,0,0,1,0.14285714285714285,772,108,7.148148148148148,0
0.04364582361687289,0.32792332768440247,0.4,0.0,1,5,2,20,0.4,640,578,1.1072664359861593,0
0.04900112590676194,0.3910432755947113,0.0,0.0,1,2,0,1,0.3333333333333333,501,476,1.0525210084033614,0
0.0820625344981583,0.3173578679561615,0.3333333333333333,0.0,1,3,1,1,0.4,698,810,0.8617283950617284,0
0.0243677466600728,0.2736718952655792,0.0,0.0,1,4,0,17,0.13333333333333333,324,606,0.5346534653465347,0
0.03469821919916645,0.30044546723365784,0.3333333333333333,0.0,1,6,2,20,0.2,619,555,1.1153153153153152,0
0.04180647089296335,0.28291040658950806,0.0,0.0,1,3,0,7,0.3333333333333333,213,774,0.2751937984496124,0
0.09910961229032257,0.372715562582016,0.5714285714285714,0.0,1,7,4,18,0.4,748,1038,0.720616570327553,0
0.0813878147559733,0.45509180426597595,0.35714285714285715,0.0,1,14,5,17,0.5333333333333333,352,520,0.676923076923077,0
0.03832887741763372,0.2915070950984955,0.25,0.0,1,4,1,13,0.13333333333333333,340,456,0.7456140350877193,0
0.0304040623891343,0.39960846304893494,0.0,0.0,0,0,0,3,0.375,558,101,5.524752475247524,0
0.06957361061391157,0.4117012023925781,0.0,0.0,1,1,0,1,0.4,521,300,1.7366666666666666,0
0.06171195258497474,0.4774612784385681,0.21428571428571427,0.0,1,14,3,7,0.4,1246,520,2.396153846153846,0
0.054846521546439604,0.45457467436790466,0.0,0.0,1,1,0,1,0.6923076923076923,642,157,4.089171974522293,0
0.05589129433116703,0.4921363294124603,0.06666666666666667,0.0,1,15,1,8,0.4666666666666667,837,382,2.1910994764397906,0
0.040631988257624416,0.3670000433921814,0.0,0.0,1,5,0,1,0.26666666666666666,501,578,0.8667820069204152,0
0.024003156570209176,0.31380388140678406,0.0,0.0,0,0,0,2,0.0,245,108,2.2685185185185186,0
0.028141962092924796,0.48834094405174255,0.0,0.0,0,0,0,13,0.0,340,42,8.095238095238095,0
0.022472437179235694,0.4223659932613373,0.0,0.0,0,0,0,0,0.3,1591,108,14.731481481481481,0
0.027835334861672032,0.3310851454734802,0.0,0.0,0,0,0,2,0.06666666666666667,1304,214,6.093457943925234,0
0.07338510176581918,0.3451958894729614,0.375,0.0,1,16,6,18,0.4,929,1015,0.9152709359605912,0
0.04649665462184252,0.3622424900531769,0.0,0.0,0,0,0,36,0.5,714,101,7.069306930693069,0
0.04061256674994305,0.33572083711624146,0.5,0.0,1,2,1,6,0.4,434,290,1.4965517241379311,0
0.04738675999455823,0.2745531499385834,0.3333333333333333,0.0,1,3,1,36,0.4,714,774,0.9224806201550387,0
0.05337928133092319,0.34892159700393677,0.0,0.0,1,3,0,15,0.5333333333333333,1855,774,2.396640826873385,0
0.045186498196448086,0.3480905294418335,0.5,0.0,1,2,1,3,0.26666666666666666,465,559,0.8318425760286225,0
0.07065347319561466,0.4986165165901184,0.21428571428571427,0.0,1,14,3,7,0.26666666666666666,502,520,0.9653846153846154,0
0.04152346686332788,0.5284423232078552,0.0,0.0,1,1,0,2,0.5,554,80,6.925,0
0.07096099833092878,0.4660433232784271,1.0,0.0,1,1,1,3,0.4,675,431,1.5661252900232019,0
0.09198761554468739,0.42706626653671265,1.0,0.0,1,1,1,9,0.6666666666666666,1000,270,3.7037037037037037,0
0.06463571791181454,0.35293999314308167,1.0,0.0,1,1,1,11,0.5333333333333333,1003,300,3.3433333333333333,0
0.05303645094964616,0.3511194586753845,0.3333333333333333,0.0,1,6,2,19,0.4666666666666667,813,369,2.203252032520325,0
0.033254362336783076,0.37683698534965515,0.0,0.0,0,0,0,1,0.375,969,101,9.594059405940595,0
0.07912999812578825,0.543484091758728,1.0,0.0,1,1,1,7,0.5333333333333333,790,270,2.925925925925926,0
0.06308442892310893,0.36295270919799805,0.75,0.0,1,4,3,30,0.5454545454545454,2104,193,10.901554404145077,0
0.022856504504637318,0.4763503968715668,0.0,0.0,0,0,0,2,0.0,245,42,5.833333333333333,0
0.06282097997772493,0.4649859666824341,1.0,0.0,1,1,1,1,0.4,695,431,1.6125290023201857,0
0.02124234768855691,0.377278208732605,0.0,0.0,0,0,0,4,0.25,618,101,6.118811881188119,0
0.024076157752704084,0.3240179717540741,0.0,0.0,1,2,0,2,0.25,245,73,3.356164383561644,0
0.05696543404287183,0.35369110107421875,0.0,0.0,1,1,0,0,0.3333333333333333,518,810,0.6395061728395062,0
0.03314978762648896,0.22481511533260345,0.0,0.0,1,6,0,2,0.2,527,636,0.8286163522012578,0
0.05893874251094517,0.47478610277175903,1.0,0.0,1,1,1,1,0.5333333333333333,703,156,4.506410256410256,0
0.07216909396855324,0.42300671339035034,0.13333333333333333,0.0,1,15,2,14,0.4666666666666667,409,382,1.0706806282722514,0
0.04576597759006322,0.39176198840141296,0.07142857142857142,0.0,1,14,1,3,0.2,315,611,0.5155482815057283,0
0.05172561445177794,0.4120185673236847,0.0,0.0,1,1,0,1,0.4,602,431,1.396751740139211,0
0.061619828632729017,0.48229485750198364,0.0,0.0,0,0,0,0,0.3333333333333333,358,277,1.2924187725631768,0
0.07407815174073777,0.42464154958724976,1.0,0.0,1,1,1,5,0.4666666666666667,608,270,2.251851851851852,0
0.016226117309802987,0.3305475413799286,0.0,0.0,0,0,0,3,0.2,268,82,3.268292682926829,0
0.0801266229398337,0.49731704592704773,0.25,0.0,1,4,1,7,0.5333333333333333,674,313,2.1533546325878596,0
0.038989148745058246,0.3951444625854492,1.0,0.0,1,1,1,2,0.13333333333333333,309,270,1.1444444444444444,0
0.08284104287871745,0.40179017186164856,0.5,0.5,1,2,1,18,0.4666666666666667,1533,476,3.2205882352941178,0
0.03341157519390027,0.36478710174560547,0.0,0.0,1,14,0,1,0.2,255,611,0.41734860883797054,0
0.03836180292944687,0.36077654361724854,0.0,0.0,0,0,0,2,0.2,238,456,0.5219298245614035,0
0.04374140364658853,0.33058807253837585,0.4,0.0,1,5,2,9,0.4,295,578,0.5103806228373703,0
0.025969968030046472,0.4159800410270691,0.0,0.0,0,0,0,5,0.14285714285714285,582,108,5.388888888888889,0
0.03978680001533315,0.376162052154541,1.0,0.0,1,2,2,10,0.5,828,73,11.342465753424657,0
0.044036324610669635,0.33479276299476624,0.0,0.0,0,0,0,2,0.4,527,349,1.510028653295129,0
0.08405395206749414,0.5221123099327087,0.0,0.0,1,1,0,0,0.7333333333333333,644,156,4.128205128205129,0
0.07971416975872046,0.40136849880218506,0.5,0.0,1,6,3,12,0.5333333333333333,1153,440,2.6204545454545456,0
0.0534366708804614,0.33658015727996826,0.4,0.0,1,5,2,12,0.3333333333333333,577,578,0.9982698961937716,0
0.038125361304985735,0.4197819232940674,0.0,0.0,0,0,0,20,0.5,662,101,6.554455445544554,0
0.07569345026934131,0.3624435365200043,0.6666666666666666,0.0,1,3,2,32,0.6666666666666666,1931,810,2.3839506172839506,0
0.09897468281557112,0.46546557545661926,0.0,0.0,1,1,0,0,0.7333333333333333,644,810,0.7950617283950617,0
0.04973387055606237,0.35033944249153137,0.0,0.0,1,1,0,10,0.3333333333333333,805,300,2.683333333333333,0
0.031913773369469524,0.3299632966518402,0.0,0.0,1,6,0,1,0.13333333333333333,489,440,1.1113636363636363,0
0.048129678636413105,0.4155197739601135,0.0,0.0,1,1,0,0,0.4,582,431,1.3503480278422273,0
0.05183583152470437,0.3737567663192749,1.0,0.0,1,2,2,5,0.26666666666666666,582,559,1.0411449016100178,0
0.038629380502054514,0.41917216777801514,0.0,0.0,0,0,0,1,0.7142857142857143,530,85,6.235294117647059,0
0.07725561849639413,0.4223869740962982,0.35714285714285715,0.0,1,14,5,13,0.4,409,520,0.7865384615384615,0
0.06717591271910299,0.41101598739624023,0.0,0.0,0,0,0,6,0.3333333333333333,698,456,1.530701754385965,0
0.06986059902653247,0.3844270408153534,0.0,0.0,1,5,0,8,0.4,837,578,1.4480968858131489,0
0.05123829571016718,0.3588106334209442,0.1875,0.0,1,16,3,11,0.4,524,1015,0.516256157635468,0
0.01097640014167834,0.2956249713897705,0.0,0.0,0,0,0,2,0.0,309,108,2.861111111111111,0
0.054921449883321524,0.32122430205345154,0.0,0.0,1,2,0,0,0.4,1591,586,2.7150170648464163,0
0.04837355051750514,0.33756595849990845,0.2,0.0,1,5,1,13,0.3333333333333333,409,578,0.7076124567474048,0
0.029529109211786822,0.3626895248889923,0.5,0.0,1,2,1,1,0.13333333333333333,489,559,0.8747763864042933,0
0.050202749921397886,0.2952418625354767,0.0,0.0,1,3,0,9,0.3333333333333333,431,774,0.5568475452196382,0
0.05646433008954069,0.5019208788871765,0.5,0.0,1,6,3,17,0.45454545454545453,352,226,1.5575221238938053,0
0.0332156412067153,0.4062686860561371,1.0,0.0,1,1,1,11,0.5714285714285714,1321,124,10.653225806451612,0
0.03933459608815877,0.3714490830898285,0.0,0.0,0,0,0,18,0.5,473,101,4.683168316831683,0
0.0393653523751203,0.4030577540397644,0.0,0.0,0,0,0,11,0.0,663,108,6.138888888888889,0
0.0955750046772664,0.4321327209472656,0.0,0.0,0,0,0,1,0.8666666666666667,656,214,3.0654205607476634,0
0.044544670077174116,0.34846624732017517,0.08333333333333333,0.0,1,12,1,3,0.13333333333333333,268,532,0.5037593984962406,0
0.03052488449692669,0.3438108563423157,0.0,0.0,1,15,0,3,0.13333333333333333,268,382,0.7015706806282722,0
0.021830680883978864,0.4319763779640198,0.0,0.0,0,0,0,2,0.0,688,42,16.38095238095238,0
0.021670247543028348,0.3741741478443146,0.0,0.0,0,0,0,13,0.4,394,108,3.6481481481481484,0
0.05508168800386467,0.39494824409484863,0.0,0.0,1,1,0,7,0.6666666666666666,674,41,16.4390243902439,0
0.04582615110947763,0.5038620233535767,1.0,0.0,1,1,1,7,0.2,465,270,1.7222222222222223,0
0.059022226402328425,0.37243831157684326,0.4,0.0,1,5,2,10,0.5333333333333333,647,578,1.1193771626297577,0
0.03991057765401938,0.4167684018611908,0.2,0.0,1,15,3,11,0.4,524,382,1.3717277486910995,0
0.023503085230188958,0.3241289258003235,0.0,0.0,1,2,0,1,0.25,235,73,3.219178082191781,0
0.045662717203314614,0.3933347463607788,0.0,0.0,1,3,0,7,0.38461538461538464,674,226,2.982300884955752,0
0.041022849575236144,0.4051077365875244,0.0,0.0,0,0,0,1,0.2,521,121,4.305785123966942,0
0.048395797905240484,0.4217749536037445,1.0,0.0,1,1,1,11,0.06666666666666667,663,273,2.4285714285714284,0
0.06547323429556401,0.33686506748199463,0.5,0.5,1,2,1,10,0.4666666666666667,805,476,1.6911764705882353,0
0.09938242625582219,0.5152828693389893,0.35714285714285715,0.0,1,14,5,11,0.8,1321,611,2.1620294599018,0
0.054645458293228456,0.3962310552597046,0.5,0.0,1,2,1,18,0.5454545454545454,929,171,5.432748538011696,0
0.02698713325860586,0.3935585916042328,0.5,0.0,1,2,1,32,0.2857142857142857,1931,158,12.221518987341772,0
0.02928242465513604,0.4440723657608032,0.0,0.0,1,1,0,3,0.5,630,34,18.529411764705884,0
0.0625563772253643,0.3930368423461914,0.0,0.0,1,1,0,9,0.75,1000,113,8.849557522123893,0
0.03689892069570125,0.4044819474220276,0.0,0.0,1,2,0,2,0.26666666666666666,554,311,1.7813504823151125,0
0.032984771115000235,0.35725918412208557,0.5,0.0,1,6,3,20,0.26666666666666666,640,369,1.7344173441734418,0
0.03738121707013599,0.26577985286712646,0.0,0.0,1,3,0,19,0.3333333333333333,997,774,1.2881136950904393,0
0.05899851087807392,0.42580077052116394,1.0,0.0,1,1,1,1,0.6153846153846154,874,157,5.56687898089172,0
0.016101793587590264,0.30550622940063477,0.0,0.0,1,2,0,1,0.25,730,73,10.0,0
0.037946502573729356,0.4663243293762207,0.5,0.0,1,2,1,11,0.5,1321,73,18.095890410958905,0
0.05026637033900387,0.3376334011554718,0.3333333333333333,0.0,1,6,2,18,0.26666666666666666,929,555,1.6738738738738739,0
0.049324726997291665,0.4208417236804962,0.14285714285714285,0.0,1,14,2,5,0.26666666666666666,826,611,1.3518821603927986,0
0.09641961808321911,0.36708879470825195,0.5,0.0,1,16,8,18,0.6,604,1015,0.5950738916256157,0
0.05001078221362322,0.41904836893081665,1.0,0.0,1,1,1,1,0.26666666666666666,656,431,1.5220417633410672,0
0.037976903869620944,0.2860874533653259,0.6666666666666666,0.0,1,6,4,14,0.4,680,571,1.1908931698774081,0
0.04165456434620838,0.349297434091568,0.0,0.0,0,0,0,9,0.2,609,456,1.3355263157894737,0
0.047448973620563044,0.3552100956439972,1.0,0.0,1,3,3,20,0.4444444444444444,619,194,3.1907216494845363,0
0.05754768186655739,0.45560428500175476,0.0,0.0,1,1,0,2,0.5,1064,113,9.415929203539823,0
0.044481971853949066,0.39649248123168945,0.3333333333333333,0.0,1,3,1,18,0.2222222222222222,535,194,2.7577319587628866,0
0.04344072934299398,0.4040794372558594,0.13333333333333333,0.0,1,15,2,4,0.4666666666666667,618,382,1.617801047120419,0
0.02969334488342663,0.54859459400177,0.0,0.0,0,0,0,7,0.0,536,24,22.333333333333332,0
0.03434827164927854,0.42202892899513245,0.0,0.0,1,1,0,13,0.75,394,113,3.4867256637168142,0
0.02369922531703346,0.40431633591651917,0.0,0.0,0,0,0,16,0.25,218,101,2.1584158415841586,0
0.044373930568340304,0.2652978003025055,0.3333333333333333,0.0,1,3,1,18,0.2,604,438,1.3789954337899544,0
0.03357483622258457,0.3804393708705902,0.0,0.0,0,0,0,14,0.375,409,101,4.0495049504950495,0
0.033152864797202725,0.41047632694244385,0.0,0.0,0,0,0,1,0.0,772,42,18.38095238095238,0
0.05882532754395278,0.41574618220329285,0.0,0.0,1,2,0,0,0.26666666666666666,1591,452,3.519911504424779,0
0.028641606449370676,0.36752867698669434,0.0,0.0,1,2,0,0,0.42857142857142855,1152,158,7.291139240506329,0
0.08706120788959801,0.40682047605514526,0.5833333333333334,0.0,1,12,7,20,0.4666666666666667,619,532,1.163533834586466,0
0.04519204470129398,0.42077112197875977,0.5,0.0,1,2,1,2,0.5,554,147,3.7687074829931975,0
0.03559582170448648,0.4169105887413025,0.0,0.0,1,1,0,11,0.5,663,34,19.5,0
0.018138701773059707,0.40109899640083313,0.0,0.0,1,2,0,2,0.2857142857142857,554,158,3.5063291139240507,0
0.04119355050143984,0.41445493698120117,0.0,0.0,1,1,0,0,0.25,1152,113,10.194690265486726,0
0.04180363551798748,0.34302210807800293,0.5,0.0,1,6,3,17,0.26666666666666666,324,387,0.8372093023255814,0
0.032896660799572305,0.3039538562297821,0.0,0.0,1,1,0,21,0.2,443,300,1.4766666666666666,0
0.061263793944376775,0.43823474645614624,0.0,0.0,1,3,0,0,0.4,1591,333,4.777777777777778,0
0.03651351052283337,0.4536799490451813,0.5,0.0,1,2,1,7,0.2857142857142857,1206,158,7.632911392405063,0
0.020464575289494795,0.32456129789352417,0.0,0.0,1,1,0,1,0.14285714285714285,255,124,2.056451612903226,0
0.04867401434481902,0.2588711977005005,0.16666666666666666,0.0,1,6,1,17,0.13333333333333333,352,877,0.4013683010262258,0
0.019096031736505252,0.41502809524536133,0.0,0.0,1,1,0,1,0.13333333333333333,255,273,0.9340659340659341,0
0.04916441887655242,0.3990909457206726,0.0,0.0,0,0,0,4,0.4666666666666667,810,465,1.7419354838709677,0
0.034404989397464884,0.36218923330307007,0.3333333333333333,0.0,1,3,1,9,0.1111111111111111,431,194,2.2216494845360826,0
0.05724118635971833,0.4028834104537964,0.6666666666666666,0.0,1,3,2,10,0.4,781,582,1.3419243986254294,0
0.05240712888654419,0.3590848445892334,1.0,0.0,1,1,1,8,0.26666666666666666,597,300,1.99,0
0.08039658613821493,0.3794935941696167,1.0,0.0,1,3,2,7,0.5333333333333333,644,1079,0.5968489341983317,0
0.07284535100849193,0.4482273459434509,0.0,0.0,1,1,0,11,0.5333333333333333,663,270,2.4555555555555557,0
0.02372319516437869,0.35270389914512634,0.16666666666666666,0.0,1,6,1,1,0.06666666666666667,521,369,1.4119241192411924,0
0.03262010129074348,0.28951168060302734,0.0,0.0,0,0,0,5,0.2,182,214,0.8504672897196262,0
0.040399306548974175,0.2922941744327545,0.0,0.0,1,3,0,9,0.13333333333333333,644,774,0.8320413436692506,0
0.05974926537438592,0.4070914089679718,1.0,0.0,1,1,1,1,0.4666666666666667,358,156,2.2948717948717947,0
0.03360238813189237,0.4425187110900879,0.5,0.0,1,2,1,10,0.42857142857142855,957,158,6.056962025316456,0
0.029998754082447558,0.3533172905445099,0.0,0.0,0,0,0,2,0.5333333333333333,809,465,1.739784946236559,0
0.04118094926086497,0.39460882544517517,1.0,0.0,1,1,1,1,0.5,578,121,4.776859504132231,0
0.03584817405958608,0.3092443346977234,0.2222222222222222,0.0,1,18,4,13,0.13333333333333333,276,326,0.8466257668711656,0
0.037360103549544985,0.43682828545570374,0.0,0.0,0,0,0,7,0.0,536,42,12.761904761904763,0
0.04214812411581007,0.2828931510448456,0.0,0.0,0,0,0,39,0.2,2130,214,9.953271028037383,0
0.018152074311659196,0.3617810010910034,0.0,0.0,0,0,0,12,0.2,399,82,4.865853658536586,0
0.04406291433821369,0.2851181924343109,0.3333333333333333,0.0,1,3,1,4,0.26666666666666666,282,810,0.34814814814814815,0
0.017263349411316496,0.2835739850997925,0.0,0.0,1,2,0,7,0.14285714285714285,647,158,4.094936708860759,0
0.03332999914358521,0.33016350865364075,0.6666666666666666,0.0,1,3,2,13,0.2,394,582,0.6769759450171822,0
0.06514553590307028,0.4214269816875458,0.08333333333333333,0.0,1,12,1,7,0.5333333333333333,674,532,1.2669172932330828,0
0.029551402350522255,0.41397765278816223,0.0,0.0,0,0,0,2,0.14285714285714285,1064,108,9.851851851851851,0
0.0432692568925516,0.306465208530426,1.0,0.0,1,1,1,1,0.26666666666666666,578,521,1.109404990403071,0
0.018608242033243377,0.37894150614738464,0.0,0.0,1,1,0,1,0.06666666666666667,489,273,1.7912087912087913,0
0.041505619446958804,0.29737231135368347,0.3333333333333333,0.0,1,3,1,14,0.3333333333333333,731,774,0.9444444444444444,0
0.04855874365286712,0.3321896493434906,0.3333333333333333,0.0,1,3,1,7,0.2,465,810,0.5740740740740741,0
0.04383609339324247,0.3301137387752533,0.4,0.0,1,5,2,20,0.4,640,578,1.1072664359861593,0
0.05055902155462389,0.35276901721954346,0.125,0.0,1,8,1,7,0.3333333333333333,674,316,2.132911392405063,0
0.016607327200627284,0.33750417828559875,0.0,0.0,1,8,0,1,0.13333333333333333,489,262,1.866412213740458,0
0.022026263032795344,0.40740966796875,0.0,0.0,0,0,0,20,0.0,619,82,7.548780487804878,0
0.029629402749273878,0.4171331822872162,0.0,0.0,0,0,0,11,0.1,1003,121,8.289256198347108,0
0.04228050294018272,0.3463772237300873,0.07142857142857142,0.0,1,14,1,1,0.2,553,611,0.9050736497545008,0
0.02026774918065893,0.34119299054145813,0.0,0.0,0,0,0,20,0.2,662,82,8.073170731707316,0
0.08334012007934498,0.4256076514720917,0.0,0.0,1,1,0,0,0.6666666666666666,582,810,0.7185185185185186,0
0.04179775457397903,0.43327000737190247,0.0,0.0,0,0,0,5,0.5,2112,172,12.279069767441861,0
0.04556495734972063,0.4505094587802887,0.0,0.0,1,1,0,13,0.6363636363636364,340,143,2.3776223776223775,0
0.04122881504038735,0.5152301788330078,0.0,0.0,0,0,0,13,0.0,340,24,14.166666666666666,0
0.05743948850557594,0.30992141366004944,0.0,0.0,1,3,0,8,0.6,837,774,1.0813953488372092,0
0.034801260330261936,0.3533346652984619,1.0,0.0,1,1,1,3,0.13333333333333333,276,273,1.010989010989011,0
0.016186241735283626,0.3422843813896179,0.0,0.0,1,1,0,0,0.06666666666666667,358,431,0.8306264501160093,0
0.048663429596118794,0.3801276683807373,1.0,0.0,1,2,2,35,0.5,1940,73,26.575342465753426,0
0.03942500080766534,0.36641159653663635,0.0,0.0,0,0,0,1,0.2,501,82,6.109756097560975,0
0.034961550090164516,0.32626861333847046,0.0,0.0,1,2,0,9,0.5,1000,73,13.698630136986301,0
0.041359250386402605,0.3726855516433716,0.75,0.0,1,4,3,11,0.4,524,478,1.096234309623431,0
0.04660851658274093,0.29877549409866333,0.0,0.0,1,4,0,7,0.2,674,599,1.1252086811352253,0
0.035966573053021055,0.43681013584136963,0.0,0.0,0,0,0,2,0.4666666666666667,554,465,1.1913978494623656,0
0.07011351093191757,0.3943212330341339,1.0,0.0,1,1,1,1,0.4666666666666667,576,810,0.7111111111111111,0
0.07614858336016893,0.4405990540981293,0.6428571428571429,0.0,1,14,9,35,0.6666666666666666,1940,611,3.1751227495908347,0
0.01484994033711265,0.34911105036735535,0.0,0.0,0,0,0,14,0.0,680,82,8.292682926829269,0
0.00796075138262487,0.43725332617759705,0.0,0.0,0,0,0,1,0.0,255,42,6.071428571428571,0
0.04978425921101815,0.318961501121521,0.0,0.0,1,3,0,10,0.4,647,774,0.8359173126614987,0
0.038559544092722685,0.37945398688316345,0.16666666666666666,0.0,1,6,1,4,0.26666666666666666,618,369,1.6747967479674797,0
0.0530077845704482,0.317203164100647,0.0,0.0,1,3,0,8,0.5333333333333333,875,774,1.1304909560723515,0
0.058427902286366816,0.3728663921356201,0.625,0.0,1,16,10,20,0.5333333333333333,640,1015,0.6305418719211823,0
0.06299449634100644,0.4003365635871887,0.75,0.0,1,4,3,35,0.5454545454545454,1734,193,8.984455958549223,0
0.0639130472253742,0.35230058431625366,0.0,0.0,0,0,0,1,0.3333333333333333,578,565,1.023008849557522,0
0.06062427835514219,0.4500963091850281,1.0,0.0,1,1,1,1,0.26666666666666666,526,431,1.2204176334106729,0
0.03577733276490248,0.3696998059749603,0.3333333333333333,0.0,1,12,4,9,0.26666666666666666,295,532,0.5545112781954887,0
0.06639006749179542,0.35866478085517883,0.125,0.0,1,16,2,9,0.4666666666666667,431,1015,0.4246305418719212,0
0.08965178065093246,0.453625351190567,0.6428571428571429,0.0,1,14,9,30,0.6666666666666666,2104,611,3.4435351882160394,0
0.02843206400209343,0.31320324540138245,0.0,0.0,1,1,0,2,0.4,554,127,4.362204724409449,0
0.05754633868093111,0.43575435876846313,0.06666666666666667,0.0,1,15,1,7,0.6666666666666666,1246,382,3.261780104712042,0
0.0406404265825841,0.3461959660053253,0.25,0.0,1,4,1,6,0.06666666666666667,434,456,0.9517543859649122,0
0.0593823278216914,0.38762232661247253,0.0,0.0,1,6,0,3,0.26666666666666666,630,440,1.4318181818181819,0
0.03171349182650628,0.308341920375824,0.0,0.0,0,0,0,2,0.13333333333333333,703,214,3.2850467289719627,0
0.04990505338192462,0.38021355867385864,0.0,0.0,1,1,0,0,0.26666666666666666,181,681,0.2657856093979442,0
0.039786582118284564,0.4018157422542572,0.0,0.0,1,2,0,4,0.5,810,73,11.095890410958905,0
0.06552206253154043,0.389810174703598,1.0,0.0,1,1,1,6,0.4,392,681,0.5756240822320118,0
0.044184184971583156,0.31568261981010437,0.0,0.0,1,14,0,2,0.26666666666666666,282,611,0.46153846153846156,0
0.01451555903863748,0.3828396797180176,0.0,0.0,1,2,0,1,0.2857142857142857,255,158,1.6139240506329113,0
0.05987146707834348,0.2938891053199768,0.23076923076923078,0.0,1,13,3,7,0.4,194,491,0.395112016293279,0
0.023305552237710806,0.4801482558250427,0.0,0.0,0,0,0,0,0.0,1591,108,14.731481481481481,0
0.025986959745315154,0.3375815153121948,0.0,0.0,0,0,0,0,0.06666666666666667,755,214,3.52803738317757,0
0.035204994753424396,0.49281856417655945,0.0,0.0,1,1,0,0,0.0,255,113,2.256637168141593,0
0.05166037688991648,0.4096962511539459,0.5,0.0,1,2,1,2,0.3333333333333333,554,287,1.9303135888501741,0
0.030346301165975836,0.29168638586997986,0.0,0.0,1,6,0,1,0.13333333333333333,501,571,0.8774080560420315,0
0.027455832961058784,0.28595829010009766,0.0,0.0,0,0,0,0,0.13333333333333333,512,214,2.392523364485981,0
0.017120680851081396,0.35348638892173767,0.0,0.0,0,0,0,11,0.2,524,82,6.390243902439025,0
0.09577482945795344,0.38884949684143066,0.46153846153846156,0.0,1,13,6,19,0.6,813,491,1.6558044806517311,0
0.04761239720290535,0.29918786883354187,0.16666666666666666,0.0,1,6,1,18,0.4666666666666667,535,571,0.9369527145359019,0
0.07226403457424106,0.36272090673446655,0.3333333333333333,0.0,1,3,1,2,0.4666666666666667,1350,810,1.6666666666666667,0
0.08216090062802286,0.3859676420688629,0.6666666666666666,0.0,1,3,2,7,0.6,1206,810,1.488888888888889,0
0.0532539657685326,0.2874501943588257,1.0,0.0,1,2,2,10,0.26666666666666666,583,290,2.010344827586207,0
0.05108748089061884,0.31489109992980957,0.0,0.0,1,3,0,3,0.4666666666666667,599,774,0.7739018087855297,0
0.02382974705253632,0.3342677652835846,0.0,0.0,0,0,0,2,0.0,1350,108,12.5,0
0.06186080945563471,0.45056629180908203,0.0,0.0,1,1,0,7,0.75,644,113,5.699115044247788,0
0.04180329580762088,0.3167133331298828,0.16666666666666666,0.0,1,6,1,9,0.2,431,571,0.7548161120840631,0
0.053792930998418746,0.35311004519462585,0.5,0.0,1,4,2,4,0.13333333333333333,810,456,1.7763157894736843,0
0.06475284190432559,0.41020944714546204,0.0,0.0,0,0,0,3,0.4666666666666667,565,300,1.8833333333333333,0
0.07685191436798204,0.41127920150756836,0.14285714285714285,0.0,1,14,2,3,0.6,630,611,1.0310965630114566,0
0.048043448237471774,0.30850720405578613,0.0,0.0,0,0,0,1,0.26666666666666666,586,214,2.7383177570093458,0
0.04253002662440828,0.3658619225025177,0.25,0.0,1,4,1,19,0.2727272727272727,542,193,2.8082901554404147,0
0.0347684210591828,0.3290012776851654,0.4,0.0,1,5,2,9,0.26666666666666666,777,578,1.3442906574394464,0
0.04853712520304379,0.4428372383117676,1.0,0.0,1,1,1,1,0.4,517,431,1.1995359628770301,0
0.0313166039762841,0.25487837195396423,0.0,0.0,1,3,0,13,0.13333333333333333,409,774,0.5284237726098191,0
0.0870109595101223,0.49278098344802856,1.0,0.0,1,1,1,2,0.8,783,156,5.019230769230769,0
0.04583883347707462,0.5035971403121948,0.0,0.0,0,0,0,1,0.4,578,145,3.986206896551724,0
0.03152139721984107,0.43638110160827637,0.0,0.0,1,1,0,1,0.25,1640,113,14.513274336283185,0
0.02746382032106906,0.30052390694618225,0.0,0.0,1,4,0,2,0.06666666666666667,245,456,0.5372807017543859,0
0.02959884538659241,0.3336033821105957,0.16666666666666666,0.0,1,12,2,13,0.2,276,532,0.518796992481203,0
0.03544184350038717,0.30751073360443115,0.0,0.0,1,3,0,4,0.3333333333333333,618,774,0.7984496124031008,0
0.03821847374124021,0.2455998957157135,0.0,0.0,1,3,0,0,0.26666666666666666,255,810,0.3148148148148148,0
0.010697323584033362,0.3953479826450348,0.0,0.0,1,2,0,2,0.0,554,34,16.294117647058822,0
0.05630906375543367,0.4517221748828888,0.3333333333333333,0.0,1,15,5,20,0.5333333333333333,662,382,1.7329842931937174,0
0.037086908341764604,0.37763720750808716,0.0,0.0,1,1,0,13,0.3333333333333333,340,475,0.7157894736842105,0
0.0630754874200731,0.47666460275650024,0.0,0.0,1,1,0,4,0.4666666666666667,810,270,3.0,0
0.053437376515269426,0.37418004870414734,0.0,0.0,1,5,0,1,0.4,521,578,0.9013840830449827,0
0.024927450232174696,0.3826422393321991,0.0,0.0,1,2,0,1,0.2857142857142857,565,158,3.5759493670886076,0
0.046597849999974045,0.34257349371910095,0.0,0.0,1,14,0,1,0.4,1068,611,1.7479541734860884,0
0.05284502155412137,0.3436771035194397,0.3333333333333333,0.0,1,3,1,2,0.3333333333333333,554,810,0.6839506172839506,0
0.03577839942439952,0.3956408202648163,0.0,0.0,0,0,0,2,0.25,554,196,2.826530612244898,0
0.05717110072748195,0.45940956473350525,0.0,0.0,1,1,0,13,0.4666666666666667,340,185,1.837837837837838,0
0.05653898105788173,0.3356359004974365,0.3333333333333333,0.0,1,3,1,1,0.3333333333333333,489,810,0.6037037037037037,0
0.04105287661284301,0.30947667360305786,0.0,0.0,1,1,0,20,0.4,662,300,2.2066666666666666,0
0.028832892404831445,0.3388979434967041,0.0,0.0,1,1,0,13,0.36363636363636365,394,143,2.7552447552447554,0
0.048067542175934196,0.48379480838775635,0.0,0.0,1,1,0,7,0.5,790,113,6.991150442477876,0
0.04273409453638638,0.25468909740448,1.0,0.0,1,3,3,18,0.3333333333333333,604,774,0.7803617571059431,0
0.0387116503494153,0.33481043577194214,0.0,0.0,1,4,0,5,0.2,1073,456,2.3530701754385963,0
0.046221575964994294,0.4246915876865387,1.0,0.0,1,2,2,11,0.2857142857142857,663,158,4.19620253164557,0
0.046324856085017796,0.40105244517326355,0.3333333333333333,0.0,1,6,2,14,0.4,409,369,1.10840108401084,0
0.04118867183347139,0.46274009346961975,0.0,0.0,1,1,0,16,0.3333333333333333,655,270,2.425925925925926,0
0.08058385452928124,0.398352712392807,0.38461538461538464,0.0,1,13,5,14,0.4666666666666667,409,491,0.8329938900203666,0
0.045921420297361466,0.311056524515152,0.0,0.0,1,3,0,11,0.3333333333333333,636,774,0.8217054263565892,0
0.011654321062009755,0.38449040055274963,0.0,0.0,1,1,0,11,0.3333333333333333,524,41,12.78048780487805,0
0.05619434882091401,0.3855085074901581,0.0,0.0,1,1,0,12,0.26666666666666666,577,300,1.9233333333333333,0
0.045416536851827095,0.26057928800582886,0.3333333333333333,0.0,1,3,1,17,0.4,352,438,0.8036529680365296,0
0.04399521863090323,0.3112722337245941,0.3333333333333333,0.0,1,3,1,5,0.06666666666666667,570,810,0.7037037037037037,0
0.06385993380408284,0.4480530619621277,0.375,0.0,1,8,3,13,0.4,394,390,1.0102564102564102,0
0.050627129589033766,0.5198967456817627,1.0,0.0,1,1,1,2,0.3333333333333333,554,270,2.051851851851852,0
0.02772888463481303,0.27991271018981934,0.4,0.0,1,10,4,17,0.06666666666666667,324,986,0.3286004056795132,0
0.05847808505711834,0.375352144241333,0.0,0.0,1,2,0,17,0.3333333333333333,352,476,0.7394957983193278,0
0.05775954406244795,0.35514211654663086,1.0,0.0,1,1,1,1,0.4,358,575,0.6226086956521739,0
0.07724931019435428,0.39573368430137634,1.0,0.0,1,1,1,7,0.5333333333333333,644,519,1.2408477842003853,0
0.03296157430042204,0.2969016134738922,0.16666666666666666,0.0,1,6,1,4,0.26666666666666666,618,571,1.0823117338003503,0
0.05714032439570165,0.37071454524993896,0.5,0.0,1,2,1,7,0.4666666666666667,1206,290,4.158620689655172,0
0.05077154305844441,0.3955986499786377,1.0,0.0,1,2,2,35,0.5,1734,73,23.753424657534246,0
0.03928560206245989,0.2921494245529175,0.0,0.0,1,3,0,10,0.4,1449,774,1.872093023255814,0
0.028083123065904,0.36939582228660583,0.0,0.0,0,0,0,8,0.375,875,101,8.663366336633663,0
0.03480251511930309,0.32386013865470886,0.0,0.0,0,0,0,7,0.25,674,101,6.673267326732673,0
0.0659744762290973,0.47321611642837524,0.2,0.0,1,15,3,18,0.5333333333333333,535,382,1.4005235602094241,0
0.04900129458620532,0.33629268407821655,0.8333333333333334,0.0,1,6,5,18,0.3333333333333333,929,369,2.5176151761517613,0
0.05921585038034182,0.4452514350414276,0.13333333333333333,0.0,1,15,2,7,0.4,674,382,1.7643979057591623,0
0.04640354207477708,0.4266405999660492,0.21052631578947367,0.0,1,19,4,11,0.4666666666666667,524,382,1.3717277486910995,0
0.0361346116449007,0.3681647777557373,0.0,0.0,1,1,0,0,0.26666666666666666,518,156,3.3205128205128207,0
0.031103617704152788,0.39155468344688416,0.0,0.0,1,4,0,11,0.5,524,96,5.458333333333333,0
0.03718717174347481,0.3445364534854889,0.2,0.0,1,5,1,7,0.3333333333333333,674,492,1.3699186991869918,0
0.03402415460050046,0.39796775579452515,0.0,0.0,1,2,0,0,0.3333333333333333,1591,311,5.115755627009646,0
0.04480241389660467,0.4712817966938019,0.0,0.0,0,0,0,12,0.0,1153,42,27.452380952380953,0
0.07477705554474597,0.3819866180419922,0.3076923076923077,0.0,1,13,4,7,0.5333333333333333,674,491,1.3727087576374746,0
0.06173904438974086,0.5105270743370056,0.0,0.0,0,0,0,0,0.3333333333333333,579,277,2.0902527075812274,0
0.046712711752995864,0.3978844881057739,1.0,0.0,1,1,1,1,0.2,439,431,1.0185614849187936,0
0.04433906517053389,0.3884149491786957,0.26666666666666666,0.0,1,15,4,20,0.4,640,382,1.675392670157068,0
0.0667838754572866,0.3302128314971924,0.3333333333333333,0.0,1,3,1,3,0.4666666666666667,465,810,0.5740740740740741,0
0.0485140043043921,0.2972196340560913,0.0,0.0,1,3,0,4,0.4666666666666667,668,774,0.8630490956072352,0
0.04442344602760384,0.4559592604637146,1.0,0.0,1,1,1,10,0.75,781,113,6.911504424778761,0
0.04766982956972271,0.4449063241481781,0.0,0.0,1,1,0,0,0.6153846153846154,579,157,3.6878980891719744,0
0.12150675381026575,0.4405091404914856,0.3333333333333333,0.0,1,12,4,15,0.6,1104,532,2.075187969924812,0
0.059071401006265824,0.48654553294181824,0.2,0.0,1,15,3,18,0.4,535,380,1.4078947368421053,0
0.07527816741611212,0.47709599137306213,0.3333333333333333,0.0,1,15,5,17,0.3333333333333333,352,382,0.9214659685863874,0
0.04387343522882638,0.29403698444366455,0.125,0.0,1,16,2,9,0.26666666666666666,295,1015,0.29064039408866993,0
0.04692379051631099,0.35669729113578796,0.6666666666666666,0.0,1,3,2,2,0.35714285714285715,527,269,1.9591078066914498,0
0.03294328879350867,0.4104174077510834,0.07142857142857142,0.0,1,14,1,9,0.4666666666666667,295,520,0.5673076923076923,0
0.04027443401927734,0.3530373275279999,0.0,0.0,1,3,0,7,0.2,674,289,2.332179930795848,0
0.025509215009204615,0.3815562427043915,0.0,0.0,0,0,0,0,0.2,638,231,2.761904761904762,0
0.0316173710314125,0.300243079662323,0.0,0.0,0,0,0,0,0.2,872,214,4.074766355140187,0
0.054416293095939164,0.4319985508918762,0.6666666666666666,0.0,1,6,4,21,0.3333333333333333,443,369,1.2005420054200542,0
0.05555065701493302,0.419883668422699,1.0,0.0,1,1,1,1,0.4666666666666667,578,575,1.0052173913043478,0
0.046980003995502735,0.27010348439216614,0.0,0.0,1,1,0,2,0.5,688,127,5.417322834645669,0
0.06009787179514728,0.43076884746551514,0.5,0.0,1,2,1,7,0.26666666666666666,536,452,1.1858407079646018,0
0.04459348920771831,0.3652105927467346,0.0,0.0,1,6,0,7,0.3333333333333333,674,279,2.4157706093189963,0
0.02123918082006462,0.3406018614768982,0.5,0.0,1,2,1,13,0.13333333333333333,394,311,1.2668810289389068,0
0.03567713954088815,0.4481273889541626,1.0,0.0,1,1,1,2,0.5,554,134,4.134328358208955,0
0.03128014989546209,0.3647285997867584,0.0,0.0,1,1,0,10,0.5714285714285714,583,124,4.701612903225806,0
0.07033567968323595,0.3452059328556061,0.5,0.0,1,6,3,10,0.4,583,440,1.325,0
0.04840672501250757,0.2894226312637329,0.0,0.0,1,6,0,7,0.26666666666666666,674,877,0.7685290763968073,0
0.01835821609939311,0.3699033856391907,0.0,0.0,0,0,0,4,0.0,786,42,18.714285714285715,0
0.029989283338363967,0.3231718838214874,0.5,0.0,1,4,2,17,0.4,324,478,0.6778242677824268,0
0.04201427540395293,0.3200572431087494,0.0,0.0,1,1,0,20,0.26666666666666666,640,300,2.1333333333333333,0
0.06570975005200927,0.3759945034980774,0.0,0.0,1,6,0,2,0.4666666666666667,527,279,1.8888888888888888,0
0.040576355821579105,0.4425148069858551,1.0,0.0,1,1,1,1,0.26666666666666666,684,270,2.533333333333333,0
0.04006760558493137,0.4360402524471283,0.0,0.0,1,1,0,4,0.5,282,113,2.495575221238938,0
0.053488113794202,0.4143427610397339,0.0,0.0,1,2,0,11,0.4,524,476,1.1008403361344539,0
0.05388951641348572,0.39139750599861145,1.0,0.0,1,1,1,2,0.46153846153846156,331,157,2.1082802547770703,0
0.041659378099296866,0.29731863737106323,0.3333333333333333,0.0,1,3,1,17,0.3333333333333333,707,774,0.91343669250646,0
0.04633871512962374,0.39452216029167175,1.0,0.0,1,1,1,1,0.5333333333333333,578,287,2.013937282229965,0
0.050122306141759596,0.353707879781723,0.5,0.0,1,2,1,7,0.5333333333333333,683,290,2.3551724137931034,0
0.04276541460701017,0.31480690836906433,0.0,0.0,1,14,0,1,0.26666666666666666,724,611,1.1849427168576105,0
0.03127541002405918,0.3198433220386505,0.07692307692307693,0.0,1,13,1,3,0.13333333333333333,268,491,0.5458248472505092,0
0.04774387318774488,0.32280343770980835,0.5,0.0,1,2,1,11,0.26666666666666666,663,559,1.186046511627907,0
0.03985614539935219,0.34181028604507446,0.0,0.0,0,0,0,3,0.13333333333333333,270,456,0.5921052631578947,0
0.03650780096207213,0.2851463556289673,0.0,0.0,1,3,0,1,0.26666666666666666,641,774,0.8281653746770026,0
0.0485144505146733,0.3876888155937195,1.0,0.0,1,2,2,13,0.3333333333333333,394,183,2.1530054644808745,0
0.01817757253501795,0.350810706615448,0.0,0.0,0,0,0,1,0.0,684,108,6.333333333333333,0
0.05343230408390984,0.3320041298866272,0.75,0.0,1,4,3,13,0.13333333333333333,899,456,1.9714912280701755,0
0.06011238681727885,0.3970433473587036,0.0,0.0,0,0,0,17,0.4,352,349,1.008595988538682,0
0.06448927466393445,0.5095709562301636,0.0,0.0,0,0,0,1,0.7142857142857143,590,85,6.9411764705882355,0
0.02903581404198153,0.414627343416214,0.5,0.0,1,2,1,10,0.14285714285714285,1177,158,7.449367088607595,0
0.04604977674789449,0.38226768374443054,0.08333333333333333,0.0,1,12,1,7,0.35714285714285715,674,312,2.16025641025641,0
0.046070801770229514,0.34888017177581787,0.6,0.0,1,5,3,11,0.2,612,578,1.0588235294117647,0
0.034822810646279755,0.36054569482803345,0.6666666666666666,0.0,1,3,2,17,0.2222222222222222,324,194,1.6701030927835052,0
0.05942781588508981,0.47248733043670654,1.0,0.0,1,1,1,1,0.4666666666666667,300,156,1.9230769230769231,0
0.043456004554478456,0.30344805121421814,0.16666666666666666,0.0,1,6,1,10,0.13333333333333333,805,555,1.4504504504504505,0
0.02666110031763694,0.38151994347572327,1.0,0.0,1,1,1,1,0.06666666666666667,578,431,1.3410672853828307,0
0.02819870588667059,0.34010744094848633,0.07142857142857142,0.0,1,14,1,3,0.06666666666666667,671,611,1.0981996726677579,0
0.06854261904136429,0.4068162739276886,0.21428571428571427,0.0,1,14,3,5,0.4666666666666667,953,611,1.5597381342062193,0
0.038919897496140686,0.45508792996406555,0.0,0.0,1,1,0,0,0.6153846153846154,521,157,3.3184713375796178,0
0.031584744598988926,0.42810264229774475,0.0,0.0,0,0,0,7,0.1,213,121,1.7603305785123966,0
0.05581956341717741,0.4391976594924927,1.0,0.0,1,1,1,1,0.3333333333333333,593,431,1.3758700696055683,0
0.042896808829467045,0.3468368947505951,0.0,0.0,0,0,0,7,0.25,440,101,4.356435643564357,0
0.061034446136970295,0.3337375819683075,0.14285714285714285,0.0,1,14,2,3,0.4,276,611,0.45171849427168576,0
0.046522746348785025,0.30189311504364014,0.0,0.0,1,3,0,12,0.3333333333333333,565,774,0.7299741602067183,0
0.03444445329272581,0.47572821378707886,0.0,0.0,0,0,0,7,0.14285714285714285,1206,108,11.166666666666666,0
0.0861061013970159,0.46917521953582764,1.0,0.0,1,3,3,13,0.7333333333333333,899,582,1.5446735395189004,0
0.03436599982621971,0.3178073465824127,0.3,0.0,1,10,3,11,0.06666666666666667,524,986,0.5314401622718052,0
0.0331651121870457,0.533218264579773,0.0,0.0,0,0,0,7,0.0,644,24,26.833333333333332,0
0.06680817677840034,0.4994959831237793,0.3333333333333333,0.0,1,3,1,3,0.4,465,582,0.7989690721649485,0
0.03740439404393043,0.44074001908302307,0.0,0.0,1,1,0,2,0.45454545454545453,554,143,3.874125874125874,0
0.04397075311882966,0.37768590450286865,0.3333333333333333,0.0,1,3,1,7,0.2222222222222222,194,194,1.0,0
0.06701850777123693,0.4416247010231018,0.5333333333333333,0.0,1,15,8,20,0.5333333333333333,619,380,1.6289473684210527,0
0.023196015305476058,0.3422333896160126,0.0,0.0,0,0,0,20,0.2,640,82,7.804878048780488,0
0.05755975494284999,0.4504798948764801,0.0,0.0,1,1,0,0,0.3333333333333333,579,156,3.7115384615384617,0
0.0362936264782441,0.28744781017303467,0.0,0.0,0,0,0,13,0.2,771,214,3.602803738317757,0
0.06327435365919852,0.322970986366272,0.3333333333333333,0.0,1,3,1,13,0.6,1032,774,1.3333333333333333,0
0.10790818029300908,0.4256914258003235,0.5,0.0,1,12,6,18,0.6,1533,532,2.8815789473684212,0
0.045415249381683065,0.3943784832954407,0.0,0.0,0,0,0,0,0.26666666666666666,565,456,1.2390350877192982,0
0.05157408874957558,0.35533902049064636,0.0,0.0,1,1,0,18,0.4,929,300,3.0966666666666667,0
0.03334207512571543,0.33125433325767517,0.0,0.0,1,14,0,1,0.13333333333333333,636,611,1.0409165302782324,0
0.037253665022748086,0.4180770814418793,0.2,0.0,1,15,3,11,0.4,524,380,1.3789473684210527,0
0.034648571868848295,0.30008843541145325,0.3333333333333333,0.0,1,3,1,9,0.13333333333333333,476,774,0.6149870801033591,0
0.061498801123905454,0.3476327359676361,0.2857142857142857,0.0,1,14,4,7,0.3333333333333333,194,520,0.3730769230769231,0
0.02062667155503093,0.37375691533088684,0.0,0.0,1,2,0,3,0.14285714285714285,465,158,2.9430379746835444,0
0.06403285985073931,0.41425812244415283,0.0,0.0,0,0,0,1,0.4,578,666,0.8678678678678678,0
0.030403377662996948,0.35279589891433716,1.0,0.0,1,1,1,13,0.3333333333333333,394,395,0.9974683544303797,0
0.07480357542065348,0.4804198443889618,0.5,0.0,1,2,1,1,0.6,578,665,0.869172932330827,0
0.021559884150418727,0.32114169001579285,0.0,0.0,1,2,0,1,0.42857142857142855,684,158,4.329113924050633,0
0.06376144268538078,0.3486109673976898,0.3333333333333333,0.0,1,3,1,6,0.4,430,810,0.5308641975308642,0
0.030446028140611862,0.322232186794281,0.0,0.0,0,0,0,0,0.06666666666666667,620,214,2.897196261682243,0
0.09751798232808559,0.429142564535141,1.0,0.0,1,1,1,3,0.4,565,681,0.8296622613803231,0
0.01648350130172595,0.37269607186317444,0.0,0.0,1,2,0,7,0.14285714285714285,465,158,2.9430379746835444,0
0.049878318118175585,0.49177491664886475,0.0,0.0,0,0,0,39,0.5714285714285714,2130,108,19.72222222222222,0
0.03383966370424895,0.3795967400074005,0.0,0.0,1,3,0,1,0.2222222222222222,501,194,2.582474226804124,0
0.03573626326433448,0.4381149411201477,0.0,0.0,1,1,0,0,0.2,469,431,1.088167053364269,0
0.03366025234896892,0.36929240822792053,0.0,0.0,0,0,0,10,0.2,805,82,9.817073170731707,0
0.02312819142352808,0.4313417077064514,0.0,0.0,0,0,0,7,0.0,683,42,16.261904761904763,0
0.052788018631223746,0.32305800914764404,1.0,0.0,1,1,1,7,0.5,1206,127,9.496062992125983,0
0.03259250099697044,0.38205280900001526,0.0,0.0,1,1,0,10,0.5714285714285714,583,124,4.701612903225806,0
0.05070476250727707,0.41211917996406555,0.5,0.0,1,2,1,7,0.4666666666666667,790,290,2.7241379310344827,0
0.03135553999616503,0.3692164421081543,0.0,0.0,1,18,0,3,0.26666666666666666,268,326,0.8220858895705522,0
0.04940533336700369,0.3893437385559082,0.5,0.0,1,6,3,12,0.3333333333333333,399,369,1.08130081300813,0
0.06812311302800454,0.4795525074005127,0.0,0.0,1,1,0,13,0.75,899,113,7.95575221238938,0
0.03307961648470273,0.37766018509864807,0.0,0.0,1,2,0,5,0.2857142857142857,1073,158,6.791139240506329,0
0.04814926414382859,0.31080424785614014,0.4,0.0,1,5,2,18,0.3333333333333333,929,578,1.6072664359861593,0
0.019163551573996827,0.414905309677124,0.0,0.0,1,1,0,0,0.23076923076923078,358,157,2.2802547770700636,0
0.027084856511236488,0.24445004761219025,0.0,0.0,1,6,0,17,0.2,324,877,0.3694412770809578,0
0.06200393005641241,0.3495464622974396,0.2,0.0,1,5,1,11,0.4,1003,578,1.7352941176470589,0
0.06455619328891744,0.42520153522491455,0.0,0.0,0,0,0,1,0.4666666666666667,646,456,1.4166666666666667,0
0.04270636466118601,0.4080030024051666,0.07142857142857142,0.0,1,14,1,11,0.3333333333333333,727,611,1.1898527004909984,0
0.0530978101594775,0.3328467905521393,0.5,0.0,1,2,1,5,0.4666666666666667,608,290,2.0965517241379312,0
0.06666473892275691,0.44828274846076965,0.6666666666666666,0.0,1,3,2,7,0.5333333333333333,536,582,0.9209621993127147,0
0.021735650594264275,0.4009697437286377,0.0,0.0,0,0,0,1,0.14285714285714285,1640,108,15.185185185185185,0
0.025581839456075978,0.4204670786857605,0.0,0.0,0,0,0,13,0.0,2230,42,53.095238095238095,0
0.04482429834559744,0.31299102306365967,0.6666666666666666,0.0,1,3,2,10,0.1111111111111111,805,194,4.149484536082475,0
0.0686090016684455,0.39000511169433594,0.46153846153846156,0.0,1,13,6,20,0.4666666666666667,662,491,1.3482688391038697,0
0.07303207141882992,0.47172242403030396,0.3333333333333333,0.0,1,3,1,7,0.4,536,333,1.6096096096096095,0
0.05321255398423275,0.39474421739578247,0.0,0.0,1,4,0,0,0.4,1591,456,3.4890350877192984,0
0.026263595535551625,0.28478771448135376,0.0,0.0,0,0,0,0,0.0,498,214,2.3271028037383177,0
0.042133085694995416,0.3384803831577301,0.25,0.0,1,4,1,7,0.13333333333333333,536,456,1.1754385964912282,0
0.09601522211601468,0.5567532777786255,1.0,0.0,1,1,1,5,0.5333333333333333,582,270,2.1555555555555554,0
0.07149055837109342,0.4871845245361328,0.0,0.0,0,0,0,0,0.7142857142857143,361,85,4.247058823529412,0
0.026495461813196446,0.3571150004863739,0.0,0.0,0,0,0,13,0.25,409,101,4.0495049504950495,0
0.008660768495546221,0.331839919090271,0.0,0.0,1,2,0,13,0.0,394,34,11.588235294117647,0
0.06195204468427924,0.34782323241233826,1.0,0.0,1,2,2,7,0.4,644,586,1.098976109215017,0
0.06759896407493068,0.41502460837364197,0.14285714285714285,0.0,1,14,2,10,0.4666666666666667,805,520,1.5480769230769231,0
0.0751852421624606,0.37096866965293884,0.0,0.0,1,2,0,18,0.5333333333333333,604,476,1.26890756302521,0
0.04828488917854828,0.3035365343093872,0.0,0.0,0,0,0,6,0.13333333333333333,698,214,3.2616822429906542,0
0.04472793440966342,0.47145453095436096,0.0,0.0,1,4,0,2,0.8333333333333334,527,96,5.489583333333333,0
0.03624133631134918,0.36166778206825256,0.0,0.0,1,4,0,1,0.26666666666666666,255,456,0.5592105263157895,0
0.07568506899304743,0.4468843638896942,0.0,0.0,0,0,0,5,0.3333333333333333,2112,456,4.631578947368421,0
0.05049129270086025,0.3422427475452423,0.14285714285714285,0.0,1,14,2,4,0.4666666666666667,638,611,1.044189852700491,0
0.09329582962008884,0.4074576497077942,0.3333333333333333,0.0,1,12,4,11,0.6,1003,532,1.8853383458646618,0
0.07606401117337942,0.5642197728157043,0.0,0.0,0,0,0,0,0.3333333333333333,644,277,2.324909747292419,0
0.07102795994962344,0.427835077047348,0.0,0.0,1,14,0,1,0.4666666666666667,592,520,1.1384615384615384,0
0.04942032841318292,0.3776217997074127,0.0,0.0,0,0,0,1,0.38461538461538464,578,248,2.3306451612903225,0
0.05255749063709854,0.3899231255054474,0.15384615384615385,0.0,1,13,2,9,0.3333333333333333,431,491,0.8778004073319755,0
0.04036858570460792,0.30377963185310364,0.3333333333333333,0.0,1,6,2,7,0.2,213,571,0.37302977232924694,0
0.023467390203988994,0.34576961398124695,0.0,0.0,0,0,0,14,0.375,680,101,6.732673267326732,0
0.027809424434705604,0.29298365116119385,0.4,0.0,1,5,2,17,0.26666666666666666,324,578,0.5605536332179931,0
0.04879864809765494,0.37859252095222473,0.125,0.0,1,8,1,11,0.6666666666666666,524,661,0.7927382753403933,0
0.045287043852662856,0.348845511674881,0.0,0.0,1,14,0,0,0.3333333333333333,1152,611,1.8854337152209493,0
0.03159925668438195,0.5227948427200317,0.0,0.0,0,0,0,2,0.2,554,32,17.3125,0
0.0330860793840257,0.3112485110759735,0.3333333333333333,0.0,1,3,1,17,0.0,352,269,1.308550185873606,0
0.04103912393293092,0.3723354935646057,0.0,0.0,0,0,0,3,0.26666666666666666,565,328,1.7225609756097562,0
0.02713057184606002,0.3678481876850128,0.0,0.0,0,0,0,13,0.2857142857142857,394,108,3.6481481481481484,0
0.043913564707909615,0.3600153923034668,0.0,0.0,0,0,0,15,0.5,1104,101,10.930693069306932,0
0.04008961059763704,0.3641854226589203,0.125,0.0,1,8,1,11,0.26666666666666666,524,468,1.1196581196581197,0
0.01570208017111342,0.32226571440696716,0.0,0.0,1,2,0,0,0.25,349,73,4.780821917808219,0
0.09420130736509237,0.5332738757133484,1.0,0.0,1,1,1,7,0.4666666666666667,644,270,2.3851851851851853,0
0.09405905084004161,0.4307436943054199,0.6153846153846154,0.0,1,13,8,18,0.5333333333333333,1533,491,3.1221995926680246,0
0.05043686356907587,0.37308868765830994,0.0,0.0,1,1,0,17,0.4,352,428,0.822429906542056,0
0.06001646261747675,0.341299831867218,0.0,0.0,1,4,0,4,0.5454545454545454,810,193,4.196891191709844,0
0.05241690170773229,0.3038721978664398,0.5,0.0,1,2,1,7,0.4666666666666667,536,290,1.8482758620689654,0
0.026805944740846143,0.3561292588710785,0.0,0.0,0,0,0,13,0.3333333333333333,394,196,2.010204081632653,0
0.05282010977929477,0.3415701687335968,0.0,0.0,1,5,0,7,0.4,1246,578,2.1557093425605536,0
0.01995750001791872,0.30506038665771484,0.0,0.0,0,0,0,13,0.1,276,121,2.28099173553719,0
0.015549786422470726,0.37851983308792114,0.0,0.0,0,0,0,0,0.2,1591,32,49.71875,0
0.10537107445881258,0.4917605221271515,1.0,0.0,1,3,3,7,0.6666666666666666,644,582,1.1065292096219932,0
0.06520717889505816,0.3840685188770294,0.42857142857142855,0.0,1,14,6,12,0.4666666666666667,1079,611,1.7659574468085106,0
0.04597066720137701,0.44957154989242554,0.26666666666666666,0.0,1,15,4,16,0.3333333333333333,218,382,0.5706806282722513,0
0.05239958967727463,0.4321972131729126,0.6666666666666666,0.0,1,3,2,6,0.26666666666666666,434,582,0.7457044673539519,0
0.04548681694898913,0.3566235899925232,1.0,0.0,1,3,3,18,0.2222222222222222,604,194,3.11340206185567,0
0.04526250098647355,0.42457887530326843,1.0,0.0,1,1,1,11,0.42857142857142855,663,124,5.346774193548387,0
0.03710603195569223,0.3467145264148712,0.0,0.0,1,14,0,0,0.06666666666666667,536,611,0.8772504091653028,0
0.028532648356260237,0.2950897514820099,0.0,0.0,0,0,0,5,0.0,608,42,14.476190476190476,0
0.020424782682250096,0.38060078024864197,0.0,0.0,0,0,0,3,0.2,558,82,6.804878048780488,0
0.07226608259534377,0.4421667754650116,0.6666666666666666,0.0,1,3,2,2,0.5333333333333333,688,582,1.1821305841924399,0
0.06417548424905478,0.38785526156425476,0.0,0.0,1,4,0,11,0.5454545454545454,1321,193,6.844559585492228,0
0.06672836124130631,0.40695714950561523,0.0,0.0,1,1,0,0,0.6666666666666666,589,810,0.7271604938271605,0
0.03450109749784232,0.4186863899230957,0.25,0.0,1,8,2,17,0.3,352,193,1.8238341968911918,0
0.052043407853361985,0.33271631598472595,0.75,0.0,1,4,3,13,0.13333333333333333,899,456,1.9714912280701755,0
0.04281547732217115,0.2959327697753906,0.0,0.0,1,3,0,9,0.3333333333333333,751,774,0.9702842377260982,0
0.03143939160371563,0.5176876783370972,0.0,0.0,0,0,0,12,1.0,864,42,20.571428571428573,0
0.03991785652124892,0.35286450386047363,0.3333333333333333,0.0,1,3,1,7,0.3333333333333333,1246,194,6.422680412371134,0
0.09655705164143821,0.4494243562221527,0.3076923076923077,0.0,1,13,4,18,0.4666666666666667,604,491,1.230142566191446,0
0.06347275642268362,0.3430940806865692,0.0,0.0,0,0,0,12,0.4,1153,456,2.5285087719298245,0
0.038591030163617306,0.28744152188301086,0.5,0.0,1,2,1,5,0.13333333333333333,570,290,1.9655172413793103,0
0.020248641325484082,0.37385526299476624,0.0,0.0,0,0,0,8,0.25,597,101,5.910891089108911,0
0.026742019216328503,0.32587623596191406,0.0,0.0,0,0,0,2,0.13333333333333333,633,214,2.957943925233645,0
0.03340029485188158,0.3352527320384979,1.0,0.0,1,1,1,13,0.13333333333333333,394,519,0.7591522157996147,0
0.07019565650360393,0.44231870770454407,0.0,0.0,1,1,0,1,0.5,772,113,6.831858407079646,0
0.038203090618400104,0.3708730936050415,0.0,0.0,0,0,0,9,0.5,751,101,7.435643564356436,0
0.0466755157782493,0.4586182236671448,0.0,0.0,1,1,0,0,0.2,1152,270,4.266666666666667,0
0.014100748138374223,0.5055921673774719,0.0,0.0,0,0,0,0,0.0,1152,42,27.428571428571427,0
0.039754563856171495,0.4654366672039032,0.0,0.0,1,1,0,0,0.5384615384615384,603,157,3.840764331210191,0
0.05856056370858069,0.37347009778022766,0.0,0.0,1,14,0,1,0.3333333333333333,714,611,1.1685761047463175,0
0.024206145026436407,0.3716238737106323,0.0,0.0,0,0,0,6,0.0,434,108,4.018518518518518,0
0.03450109749784232,0.4223812520503998,0.25,0.0,1,8,2,17,0.3,352,193,1.8238341968911918,0
0.05851959637362649,0.4340157210826874,1.0,0.0,1,1,1,11,0.3333333333333333,1321,273,4.8388278388278385,0
0.03478192436524768,0.31537944078445435,0.0,0.0,0,0,0,17,0.26666666666666666,324,246,1.3170731707317074,0
0.03134002591222309,0.42700567841529846,0.0,0.0,1,2,0,7,0.42857142857142855,790,158,5.0,0
0.015139821876920378,0.46168941259384155,0.0,0.0,0,0,0,10,0.0,781,42,18.595238095238095,0
0.04289826271924792,0.4048401117324829,0.0,0.0,1,1,0,13,0.42857142857142855,340,121,2.809917355371901,0
0.04083083168836313,0.3319227397441864,0.16666666666666666,0.0,1,6,1,5,0.2,570,440,1.2954545454545454,0
0.051980729766009204,0.3630783259868622,0.5,0.5,1,2,1,14,0.4666666666666667,680,476,1.4285714285714286,0
0.03842144915110735,0.3725171685218811,0.0,0.0,1,5,0,8,0.26666666666666666,597,578,1.032871972318339,0
0.07710320100282116,0.4556940197944641,0.21428571428571427,0.0,1,14,3,9,0.5333333333333333,751,520,1.4442307692307692,0
0.058652158389404824,0.4068431854248047,0.5,0.0,1,2,1,7,0.36363636363636365,213,171,1.2456140350877194,0
0.06923936363173541,0.4218597710132599,0.07142857142857142,0.0,1,14,1,6,0.6,1495,611,2.4468085106382977,0
0.07633335408235337,0.4306853711605072,1.0,0.0,1,1,1,1,0.4,300,810,0.37037037037037035,0
0.030277915559087282,0.34844711422920227,0.3333333333333333,0.0,1,6,2,8,0.26666666666666666,443,369,1.2005420054200542,0
0.038740382336741624,0.40796157717704773,0.0,0.0,1,15,0,1,0.26666666666666666,521,382,1.3638743455497382,0
0.04611089848451051,0.3173021078109741,0.0,0.0,1,3,0,6,0.3333333333333333,705,774,0.9108527131782945,0
0.028626291696897767,0.2664557099342346,0.0,0.0,0,0,0,5,0.06666666666666667,182,456,0.3991228070175439,0
0.029883946510700015,0.31774550676345825,0.0,0.0,1,2,0,17,0.4,324,476,0.680672268907563,0
0.05706284611759021,0.3717670738697052,0.3076923076923077,0.0,1,13,4,8,0.26666666666666666,443,491,0.9022403258655805,0
0.07571409241814878,0.3957303762435913,0.16666666666666666,0.0,1,12,2,13,0.3333333333333333,409,532,0.768796992481203,0
0.0750738043581264,0.4602721035480499,0.42857142857142855,0.0,1,14,6,32,0.6666666666666666,1931,611,3.1603927986906712,0
0.02057424110032779,0.38637328147888184,1.0,0.0,1,1,1,1,0.23076923076923078,530,157,3.375796178343949,0
0.03056264034344374,0.3641224205493927,0.0,0.0,0,0,0,18,0.25,604,101,5.98019801980198,0
0.051142724961798426,0.3138866126537323,0.0,0.2,1,7,1,7,0.5333333333333333,674,682,0.9882697947214076,0
0.011934421681029424,0.3003758490085602,0.3333333333333333,0.0,1,3,1,17,0.07142857142857142,324,269,1.204460966542751,0
0.04712683839960764,0.28931739926338196,0.5,0.0,1,6,3,17,0.2,352,571,0.6164623467600701,0
0.039734803541571544,0.29476800560951233,0.0,0.0,1,3,0,7,0.26666666666666666,1246,774,1.6098191214470283,0
0.0431653491535688,0.4243484437465668,1.0,0.0,1,1,1,1,0.6153846153846154,578,157,3.6815286624203822,0
0.026183744681007412,0.3774639666080475,0.0,0.0,0,0,0,1,0.2,519,82,6.329268292682927,0
0.042083050112003306,0.298221230506897,0.0,0.0,1,1,0,6,0.3,430,127,3.3858267716535435,0
0.025000383018380506,0.4364303648471832,0.0,0.0,0,0,0,0,0.3,515,121,4.256198347107438,0
0.031084678968239292,0.36574679613113403,0.13333333333333333,0.0,1,15,2,13,0.06666666666666667,276,382,0.7225130890052356,0
0.06531621321682933,0.44262364506721497,0.35714285714285715,0.0,1,14,5,10,0.5333333333333333,828,611,1.3551554828150574,0
0.03788274795716476,0.37500011920928955,0.0,0.0,1,1,0,2,0.5,245,34,7.205882352941177,0
0.06113008586295074,0.3970209062099457,0.2222222222222222,0.0,1,18,4,7,0.4,213,326,0.6533742331288344,0
0.038202407457472345,0.3493320345878601,0.3333333333333333,0.0,1,3,1,2,0.26666666666666666,809,582,1.3900343642611683,0
0.07438115905086244,0.48414552211761475,0.0,0.0,0,0,0,0,0.7142857142857143,582,85,6.847058823529411,0
0.03826194913915642,0.39596179127693176,0.0,0.0,0,0,0,1,0.26666666666666666,728,456,1.5964912280701755,0
0.06384918629432146,0.33491331338882446,0.5625,0.0,1,16,9,21,0.3333333333333333,443,1015,0.43645320197044335,0
0.031016940598971907,0.296937495470047,0.23076923076923078,0.0,1,13,3,17,0.26666666666666666,324,415,0.7807228915662651,0
0.0665147918972773,0.3631943464279175,0.16666666666666666,0.0,1,6,1,4,0.4,810,440,1.8409090909090908,0
0.07500108294694706,0.4668854773044586,0.2857142857142857,0.0,1,14,4,17,0.3333333333333333,464,611,0.7594108019639935,0
0.04378667696620965,0.3975706100463867,0.0,0.0,0,0,0,2,0.6,1350,465,2.903225806451613,0
0.04598635090809875,0.3578174114227295,0.0,0.0,1,14,0,1,0.3333333333333333,659,611,1.0785597381342062,0
0.07422483575226115,0.4035515785217285,1.0,0.0,1,1,1,1,0.4666666666666667,680,810,0.8395061728395061,0
0.052125698591064876,0.3688415288925171,0.0,0.0,0,0,0,10,0.4666666666666667,583,465,1.253763440860215,0
0.02294450161516739,0.2617781162261963,0.0,0.0,1,1,0,2,0.3,809,127,6.3700787401574805,0
0.04287408503240837,0.31722569465637207,0.0,0.0,1,3,0,1,0.5333333333333333,519,774,0.6705426356589147,0
0.02718788154215067,0.317536324262619,0.0,0.0,1,2,0,1,0.26666666666666666,255,290,0.8793103448275862,0
0.03588475569598493,0.4652518033981323,0.0,0.0,1,1,0,2,0.2857142857142857,554,121,4.578512396694215,0
0.10023366404022228,0.32888278365135193,0.5,0.0,1,16,8,19,0.6666666666666666,813,1015,0.8009852216748768,0
0.014725017156049219,0.39110517501831055,0.0,0.0,0,0,0,16,0.2,218,121,1.8016528925619835,0
0.05577914365998232,0.4119342863559723,1.0,0.0,1,1,1,39,0.8,2130,270,7.888888888888889,0
0.03642921113843009,0.371369332075119,0.0,0.0,1,4,0,0,0.4,1591,330,4.821212121212121,0
0.04256225982425899,0.29668736457824707,0.125,0.0,1,16,2,9,0.26666666666666666,295,1015,0.29064039408866993,0
0.029525701724162842,0.38793182373046875,0.0,0.0,1,1,0,0,0.06666666666666667,304,431,0.7053364269141531,0
0.05817920540802637,0.31448307633399963,0.3333333333333333,0.0,1,3,1,2,0.2,245,810,0.30246913580246915,0
0.034384147685865944,0.3099152743816376,0.0,0.0,1,3,0,0,0.26666666666666666,515,774,0.665374677002584,0
0.01084017301665669,0.3858352601528168,0.0,0.0,0,0,0,1,0.0,1640,42,39.04761904761905,0
0.05305174188712421,0.3599836826324463,1.0,0.0,1,2,2,38,0.5,1805,73,24.726027397260275,0
0.06456303652846303,0.3770780563354492,0.0,0.0,1,1,0,10,0.5333333333333333,647,300,2.1566666666666667,0
0.06229194255966786,0.38226333260536194,0.8333333333333334,0.0,1,6,5,35,0.5333333333333333,1940,440,4.409090909090909,0
0.03398797860197136,0.336555153131485,0.0,0.0,0,0,0,2,0.26666666666666666,633,456,1.388157894736842,0
0.020043243766412554,0.31711047887802124,0.0,0.0,1,2,0,13,0.14285714285714285,394,158,2.4936708860759493,0
0.027137028448720027,0.3360311686992645,0.0,0.0,0,0,0,13,0.3333333333333333,394,393,1.0025445292620865,0
0.07801737768350003,0.48864972591400146,1.0,0.0,1,1,1,1,0.5333333333333333,517,156,3.3141025641025643,0
0.048266855254691376,0.40165388584136963,0.0,0.0,1,1,0,2,0.4,554,519,1.0674373795761078,0
0.04306370442188092,0.3911503851413727,0.0,0.0,1,14,0,0,0.3333333333333333,467,611,0.7643207855973814,0
0.07407378382065154,0.37016668915748596,0.8333333333333334,0.0,1,6,5,39,0.6,2130,440,4.840909090909091,0
0.04627742594613634,0.38950181007385254,0.0,0.0,0,0,0,11,0.4,524,246,2.130081300813008,0
0.061626903385562204,0.29167884588241577,0.3333333333333333,0.0,1,3,1,19,0.4,813,774,1.050387596899225,0
0.07777619142279941,0.37486347556114197,0.3333333333333333,0.0,1,3,1,5,0.3333333333333333,582,810,0.7185185185185186,0
0.057504969314573745,0.338317334651947,0.4,0.0,1,5,2,10,0.4666666666666667,805,578,1.3927335640138407,0
0.09167338058773836,0.4842848479747772,0.5714285714285714,0.0,1,14,8,35,0.7333333333333333,1734,611,2.8379705400982,0
0.07463189313914412,0.3395710587501526,0.2,0.0,1,5,1,19,0.4,813,578,1.4065743944636677,0
0.01577550368390205,0.33801984786987305,0.0,0.0,0,0,0,16,0.2,218,82,2.658536585365854,0
0.08183377438465939,0.40739428997039795,0.25,0.0,1,12,3,12,0.4666666666666667,399,532,0.75,0
0.0678575198620468,0.36772632598876953,0.0,0.0,1,3,0,4,0.5333333333333333,810,810,1.0,0
0.06274140342443872,0.46692174673080444,0.0,0.0,1,1,0,1,0.4666666666666667,590,431,1.368909512761021,0
0.06405136946865003,0.5115866661071777,0.0,0.0,0,0,0,0,0.5333333333333333,582,277,2.101083032490975,0
0.04119163697595974,0.35281774401664734,1.0,0.0,1,2,2,7,0.26666666666666666,536,559,0.9588550983899821,0
0.07732123070372861,0.4711077809333801,0.26666666666666666,0.0,1,15,4,15,0.5333333333333333,1104,382,2.8900523560209423,0
0.028355124275994365,0.34488534927368164,0.0,0.0,0,0,0,6,0.13333333333333333,392,214,1.8317757009345794,0
0.030564288484906634,0.375553160905838,0.0,0.0,0,0,0,7,0.125,213,101,2.108910891089109,0
0.0331001064302345,0.3666837215423584,0.0,0.0,1,2,0,2,0.14285714285714285,688,158,4.3544303797468356,0
0.036978121115276485,0.3775574266910553,0.0,0.0,0,0,0,10,0.5,647,101,6.405940594059406,0
0.058019683257929826,0.31891947984695435,0.0,0.0,1,8,0,7,0.4,674,754,0.8938992042440318,0
0.031061697195388316,0.2876780331134796,0.0,0.0,1,2,0,2,0.4,809,290,2.7896551724137932,0
0.08411049973854248,0.45476651191711426,0.35714285714285715,0.0,1,14,5,9,0.5333333333333333,1000,611,1.6366612111292962,0
0.056126719102172075,0.3877423107624054,0.4,0.0,1,5,2,25,0.3333333333333333,615,578,1.0640138408304498,0
0.046707270269968175,0.30196985602378845,0.3333333333333333,0.0,1,6,2,3,0.13333333333333333,276,440,0.6272727272727273,0
0.02890972424720219,0.38622018694877625,0.0,0.0,1,6,0,11,0.4,524,369,1.4200542005420054,0
0.02656270158187184,0.5273865461349487,0.0,0.0,0,0,0,1,0.0,578,11,52.54545454545455,0
0.04598893274906332,0.3596332371234894,0.5,0.0,1,6,3,15,0.4,1104,369,2.991869918699187,0
0.07059938548991167,0.3569381833076477,0.4375,0.0,1,16,7,18,0.5333333333333333,535,1015,0.5270935960591133,0
0.019538468421930962,0.3611913025379181,0.0,0.0,1,2,0,3,0.14285714285714285,367,158,2.3227848101265822,0
0.05187503738174126,0.4268311560153961,1.0,0.0,1,1,1,1,0.4,874,431,2.02784222737819,0
0.032222295182151084,0.3438049852848053,0.16666666666666666,0.0,1,6,1,2,0.3333333333333333,527,369,1.4281842818428185,0
0.07170567836258619,0.34119725227355957,0.375,0.0,1,16,6,12,0.4,399,1015,0.3931034482758621,0
0.023444425463580044,0.4367120862007141,1.0,0.0,1,1,1,1,0.3333333333333333,578,204,2.8333333333333335,0
0.05709727189939055,0.33579713106155396,0.0,0.0,1,1,0,18,0.4666666666666667,604,300,2.013333333333333,0
0.041858864350976105,0.38783377408981323,0.0,0.0,0,0,0,13,0.3333333333333333,340,465,0.7311827956989247,0
0.07586471826553974,0.4104340374469757,0.5,0.0,1,12,6,17,0.4666666666666667,433,532,0.8139097744360902,0
0.04808271749033232,0.4338810443878174,0.0,0.0,1,1,0,7,0.45454545454545453,536,143,3.7482517482517483,0
0.013568945961547684,0.2975996434688568,0.0,0.0,1,2,0,8,0.0,331,158,2.0949367088607596,0
0.04879027013658309,0.37828925251960754,1.0,0.0,1,1,1,1,0.2,708,431,1.642691415313225,0
0.05831056041726865,0.3518199622631073,0.1875,0.0,1,16,3,8,0.4666666666666667,443,1015,0.43645320197044335,0
0.08831138137146508,0.3725670278072357,0.0,0.0,1,1,0,15,0.6,1104,300,3.68,0
0.06725483244036794,0.44349557161331177,0.42857142857142855,0.0,1,14,6,20,0.4,619,520,1.1903846153846154,0
0.04450891078803935,0.3884149491786957,0.26666666666666666,0.0,1,15,4,20,0.4,640,382,1.675392670157068,0
0.09109328698001659,0.374390572309494,0.0,0.0,0,0,0,7,0.8,644,1008,0.6388888888888888,0
0.058523323097708475,0.3277888000011444,0.125,0.0,1,8,1,7,0.3333333333333333,674,874,0.7711670480549199,0
0.037882622541189945,0.3939487934112549,0.0,0.0,0,0,0,19,0.5,813,101,8.049504950495049,0
0.0898708789853284,0.4750543534755707,0.6428571428571429,0.0,1,14,9,39,0.7333333333333333,2130,611,3.486088379705401,0
0.07773369988269746,0.509331226348877,1.0,0.0,1,1,1,13,0.4,899,270,3.3296296296296295,0
0.06509997847554443,0.4956832230091095,0.0,0.0,1,1,0,0,0.6,591,156,3.7884615384615383,0
0.03028603134554092,0.5676504969596863,0.0,0.0,0,0,0,2,0.0,554,24,23.083333333333332,0
0.0834886014053494,0.43120646476745605,0.0,0.0,1,1,0,0,0.5333333333333333,591,810,0.7296296296296296,0
0.04291921793858925,0.4129064083099365,1.0,0.0,1,1,1,12,0.42857142857142855,1153,124,9.298387096774194,0
0.05255635058397019,0.28626134991645813,0.0,0.0,1,3,0,12,0.4,577,774,0.7454780361757106,0
0.0676302394209599,0.45044705271720886,0.3333333333333333,0.0,1,3,1,2,0.5333333333333333,1350,582,2.3195876288659796,0
0.0700112322980846,0.5421361327171326,0.0,0.0,0,0,0,1,0.13333333333333333,642,277,2.3176895306859207,0
0.11026665560799306,0.38852283358573914,0.5,0.0,1,16,8,15,0.7333333333333333,1104,1015,1.0876847290640395,0
0.0391370210998731,0.2982270121574402,1.0,0.0,1,1,1,13,0.6,899,127,7.078740157480315,0
0.020315202562263015,0.3835703134536743,0.08333333333333333,0.0,1,12,1,11,0.2857142857142857,524,312,1.6794871794871795,0
0.03488150344509061,0.38011589646339417,0.0,0.0,0,0,0,9,0.375,644,101,6.376237623762377,0
0.0568588437693745,0.5314668416976929,0.0,0.0,0,0,0,0,0.42857142857142855,358,85,4.211764705882353,0
0.04245998554540005,0.44221067428588867,0.0,0.0,1,1,0,0,0.26666666666666666,361,431,0.8375870069605569,0
0.05705933430192437,0.3700414299964905,0.0,0.0,1,1,0,0,0.4666666666666667,759,810,0.937037037037037,0
0.015046001475308005,0.4420647621154785,0.0,0.0,0,0,0,1,0.0,489,42,11.642857142857142,0
0.04341557074929667,0.31283825635910034,0.0,0.0,1,3,0,7,0.26666666666666666,674,700,0.9628571428571429,0
0.06591225373999499,0.46643346548080444,1.0,0.0,1,1,1,2,0.4,347,156,2.2243589743589745,0
0.052722714047364956,0.3192913234233856,0.13333333333333333,0.0,1,15,2,7,0.3333333333333333,194,382,0.5078534031413613,0
0.03250035819271052,0.39631128311157227,1.0,0.0,1,2,2,13,0.2857142857142857,2230,158,14.113924050632912,0
0.024458875480133573,0.3038410246372223,0.0,0.0,1,3,0,13,0.1111111111111111,276,194,1.422680412371134,0
0.043078156234515254,0.40732666850090027,0.0,0.0,0,0,0,13,0.5714285714285714,899,108,8.324074074074074,0
0.05757267628013492,0.35723838210105896,0.25,0.0,1,4,1,11,0.5454545454545454,663,193,3.435233160621762,0
0.043856768947190844,0.3682924509048462,0.16666666666666666,0.0,1,12,2,17,0.35714285714285715,352,312,1.1282051282051282,0
0.032942229370038684,0.4172220826148987,0.0,0.0,0,0,0,7,0.2,536,108,4.962962962962963,0
0.08329861964509504,0.3511494994163513,1.0,0.0,1,3,3,12,0.6666666666666666,864,810,1.0666666666666667,0
0.0539335191383849,0.418906033039093,0.14285714285714285,0.0,1,14,2,8,0.26666666666666666,443,520,0.8519230769230769,0
0.06342194133182012,0.43719878792762756,0.0,0.0,1,1,0,0,0.4,759,156,4.865384615384615,0
0.03786948302119479,0.2802029848098755,0.3333333333333333,0.0,1,3,1,11,0.2,612,774,0.7906976744186046,0
0.06569449513671001,0.41794633865356445,0.07142857142857142,0.0,1,14,1,3,0.5333333333333333,776,611,1.2700490998363339,0
0.0423525688785325,0.28108513355255127,0.5,0.0,1,6,3,12,0.2,399,571,0.6987740805604203,0
0.04790299403266288,0.43206000328063965,0.0,0.0,1,1,0,0,0.4,361,156,2.3141025641025643,0
0.040241524342921886,0.390990674495697,0.0,0.0,1,1,0,11,0.2,524,300,1.7466666666666666,0
0.050641833792802564,0.3988059163093567,0.375,0.0,1,8,3,10,0.1,805,193,4.170984455958549,0
0.0680042956852223,0.36523348093032837,0.6666666666666666,0.0,1,3,2,15,0.3333333333333333,1104,194,5.690721649484536,0
0.04220080934172224,0.3181658387184143,0.0,0.0,1,1,0,20,0.26666666666666666,640,300,2.1333333333333333,0
0.050641833792802564,0.40047916769981384,0.375,0.0,1,8,3,10,0.1,805,193,4.170984455958549,0
0.04356944428248594,0.39534759521484375,0.0,0.0,0,0,0,13,0.5714285714285714,899,108,8.324074074074074,0
0.039329767127064034,0.29871994256973267,0.3333333333333333,0.0,1,3,1,25,0.26666666666666666,615,774,0.7945736434108527,0
0.044514518976006015,0.36200881004333496,1.0,0.0,1,1,1,1,0.26666666666666666,358,810,0.4419753086419753,0
0.10545847921179591,0.5360311269760132,0.5,0.0,1,2,1,7,0.6,644,452,1.424778761061947,0
0.020318349985158423,0.2950909733772278,0.1111111111111111,0.0,1,9,1,11,0.06666666666666667,524,553,0.9475587703435805,0
0.04263211393537118,0.2986171543598175,0.0,0.0,1,3,0,17,0.4666666666666667,488,774,0.6304909560723514,0
0.060112585174468755,0.3496069014072418,0.5,0.0,1,4,2,35,0.45454545454545453,1940,193,10.05181347150259,0
0.10142768816435525,0.47731974720954895,1.0,0.0,1,1,1,2,0.7333333333333333,1695,810,2.0925925925925926,0
0.04247572286476521,0.4218216836452484,0.0,0.0,0,0,0,17,0.6,488,121,4.033057851239669,0
0.03661048917730886,0.2819191515445709,0.3333333333333333,0.0,1,3,1,20,0.3333333333333333,662,774,0.8552971576227391,0
0.0742998858219993,0.47602298855781555,1.0,0.0,1,1,1,2,0.5333333333333333,1695,431,3.9327146171693736,0
0.05315307482928749,0.41763776540756226,0.6666666666666666,0.0,1,3,2,13,0.2,394,333,1.1831831831831832,0
0.028492405510463076,0.40816760063171387,0.0,0.0,1,2,0,2,0.42857142857142855,1350,158,8.544303797468354,0
0.03349704194877814,0.46231114864349365,0.0,0.0,0,0,0,9,0.2,431,121,3.56198347107438,0
0.06092272343880355,0.38940346240997314,0.14285714285714285,0.0,1,14,2,11,0.3333333333333333,338,611,0.5531914893617021,0
0.06312311250693972,0.38184264302253723,0.46153846153846156,0.0,1,13,6,21,0.4,443,491,0.9022403258655805,0
0.018198051510927273,0.45984870195388794,0.0,0.0,0,0,0,0,0.0,1591,24,66.29166666666667,0
0.053939320571218745,0.337693989276886,1.0,0.0,1,2,2,2,0.3333333333333333,688,559,1.2307692307692308,0
0.052838937860262794,0.4259282946586609,0.0,0.0,1,1,0,5,0.5,582,113,5.150442477876106,0
0.04423889356760677,0.5120567679405212,0.0,0.0,1,1,0,6,0.25,430,113,3.8053097345132745,0
0.025797526212164655,0.2831220030784607,0.6666666666666666,0.0,1,6,4,20,0.3333333333333333,640,571,1.1208406304728546,0
0.061710619543775345,0.45108920335769653,0.0,0.0,0,0,0,7,0.6,683,465,1.4688172043010752,0
0.03875326752070475,0.3866595923900604,0.6666666666666666,0.0,1,3,2,20,0.3333333333333333,640,194,3.2989690721649483,0
0.025928291958174986,0.37962421774864197,0.0,0.0,0,0,0,0,0.3333333333333333,181,172,1.052325581395349,0
0.04944456982841655,0.3912586569786072,1.0,0.0,1,1,1,1,0.3333333333333333,530,575,0.9217391304347826,0
0.045339965750501476,0.47856807708740234,0.0,0.0,0,0,0,13,0.4,340,32,10.625,0
0.03724944420992044,0.28142786026000977,0.0,0.0,0,0,0,1,0.4,728,214,3.4018691588785046,0
0.05303886778723392,0.4256960451602936,0.14285714285714285,0.0,1,14,2,4,0.4,918,611,1.5024549918166938,0
0.04612146254433555,0.39008086919784546,1.0,0.0,1,2,2,6,0.13333333333333333,434,559,0.776386404293381,0
0.03517743918290469,0.2918142080307007,0.5,0.0,1,2,1,2,0.3333333333333333,688,290,2.372413793103448,0
0.05935841430651573,0.364547461271286,0.0,0.0,0,0,0,1,0.4,578,574,1.0069686411149825,0
0.032385874780571075,0.3713897168636322,0.0,0.0,0,0,0,8,0.625,736,101,7.287128712871287,0
0.06332683610196056,0.3211122155189514,0.0,0.0,1,3,0,0,0.4,1591,1079,1.47451343836886,0
0.021966859743311817,0.3842436969280243,0.0,0.0,0,0,0,18,0.25,929,101,9.198019801980198,0
0.04660426498775567,0.3399339020252228,0.2,0.0,1,5,1,7,0.2,674,578,1.166089965397924,0
0.04895363786740737,0.3347184956073761,0.0,0.0,1,1,0,1,0.3333333333333333,578,438,1.3196347031963471,0
0.06251178715799753,0.4147639274597168,0.4444444444444444,0.0,1,9,4,7,0.3333333333333333,674,306,2.2026143790849675,0
0.04472572070237511,0.32461410760879517,0.5,0.0,1,2,1,13,0.3333333333333333,394,452,0.8716814159292036,0
0.07975526499739335,0.37830042839050293,0.14285714285714285,0.0,1,14,2,2,0.5333333333333333,341,611,0.55810147299509,0
0.042460006448611455,0.39068350195884705,0.3,0.0,1,10,3,11,0.26666666666666666,524,717,0.7308228730822873,0
0.05221355284184618,0.32585009932518005,0.5,0.0,1,13,4,7,0.4,674,673,1.0014858841010401,0
0.020821328194753738,0.31941068172454834,0.0,0.0,0,0,0,18,0.2,929,82,11.329268292682928,0
0.08816109041903018,0.36664479970932007,0.14285714285714285,0.0,1,7,1,3,0.5333333333333333,630,1038,0.6069364161849711,0
0.0722247406201286,0.43252256512641907,0.35714285714285715,0.0,1,14,5,10,0.4666666666666667,583,611,0.9541734860883797,0
0.043365169962061315,0.4866189658641815,0.0,0.0,0,0,0,2,0.2,608,277,2.1949458483754514,0
0.052356527258935893,0.4368869960308075,0.0,0.0,1,1,0,2,0.4,527,428,1.2313084112149533,0
0.04068182766374852,0.3011256158351898,0.125,0.0,1,16,2,3,0.3333333333333333,268,1015,0.26403940886699506,0
0.0493161372695707,0.32563963532447815,0.3333333333333333,0.0,1,6,2,17,0.2,352,555,0.6342342342342342,0
0.07560237896289149,0.4742475152015686,0.5,0.0,1,14,7,17,0.4666666666666667,433,520,0.8326923076923077,0
0.02524298621818621,0.3132617175579071,0.0,0.0,1,4,0,5,0.18181818181818182,570,193,2.9533678756476682,0
0.05622807147832443,0.4445652961730957,0.14285714285714285,0.0,1,14,2,9,0.3333333333333333,431,520,0.8288461538461539,0
0.023789441703293248,0.3791723847389221,0.0,0.0,1,1,0,13,0.3333333333333333,394,185,2.1297297297297297,0
0.06245534249147561,0.34752678871154785,0.3333333333333333,0.0,1,3,1,3,0.3333333333333333,315,810,0.3888888888888889,0
0.02832602535367006,0.41473355889320374,0.0,0.0,1,2,0,1,0.5714285714285714,698,158,4.417721518987341,0
0.023836602516204036,0.3905681073665619,0.0,0.0,1,1,0,1,0.5,235,34,6.911764705882353,0
0.0733445814996137,0.33809325098991394,0.3333333333333333,0.0,1,3,1,7,0.6,644,810,0.7950617283950617,0
0.028153861087703534,0.25111764669418335,0.0,0.0,1,6,0,3,0.0,268,571,0.46935201401050786,0
0.07170182815198473,0.355074942111969,0.6666666666666666,0.0,1,3,2,10,0.6,828,810,1.0222222222222221,0
0.05308005880958778,0.3933934271335602,0.0,0.0,1,14,0,1,0.26666666666666666,565,611,0.9247135842880524,0
0.04917681656623189,0.29084792733192444,0.0,0.0,1,18,0,7,0.3333333333333333,674,852,0.7910798122065728,0
0.017404100972341633,0.34051230549812317,0.0,0.0,1,5,0,13,0.0,394,165,2.3878787878787877,0
0.03209936885288929,0.37727251648902893,0.0,0.0,0,0,0,9,0.25,431,101,4.267326732673268,0
0.011250166679516999,0.30277103185653687,0.0,0.0,0,0,0,2,0.0,554,78,7.102564102564102,0
0.0850584888788461,0.42055433988571167,1.0,0.0,1,1,1,2,0.6666666666666666,954,431,2.2134570765661254,0
0.043622718186430307,0.3512999415397644,0.5,0.0,1,2,1,2,0.3333333333333333,554,586,0.9453924914675768,0
0.04947632622823201,0.356436550617218,0.5,0.0,1,6,3,10,0.4666666666666667,805,369,2.1815718157181574,0
0.034685059004356776,0.24454057216644287,0.3333333333333333,0.0,1,6,2,17,0.06666666666666667,352,636,0.5534591194968553,0
0.031678707275246284,0.3974631428718567,0.0,0.0,0,0,0,5,0.14285714285714285,1073,108,9.935185185185185,0
0.018594529040473654,0.28054875135421753,0.0,0.0,1,14,0,1,0.13333333333333333,171,611,0.27986906710310966,0
0.03993637401861574,0.40276288986206055,0.25,0.0,1,8,2,18,0.3,535,193,2.772020725388601,0
0.05854531369494656,0.44011032581329346,1.0,0.0,1,1,1,18,0.2,748,273,2.73992673992674,0
0.07802401270736564,0.3210292160511017,0.3333333333333333,0.0,1,3,1,11,0.4666666666666667,663,810,0.8185185185185185,0
0.040997666452019924,0.38644760847091675,1.0,0.0,1,1,1,1,0.26666666666666666,358,431,0.8306264501160093,0
0.05367077573946013,0.3658865690231323,0.5,0.0,1,4,2,12,0.13333333333333333,1153,456,2.5285087719298245,0
0.07221214300515419,0.343773752450943,0.0,0.0,1,2,0,7,0.4666666666666667,213,476,0.4474789915966387,0
0.03716598620927621,0.426862895488739,1.0,0.0,1,1,1,2,0.2,613,431,1.4222737819025522,0
0.04889203835161846,0.4220019578933716,0.0,0.0,1,1,0,4,0.75,810,113,7.168141592920354,0
0.061899201735436775,0.3935866057872772,0.07142857142857142,0.0,1,14,1,2,0.2,1188,611,1.944353518821604,0
0.03898458532821771,0.39200106263160706,1.0,0.0,1,1,1,2,0.13333333333333333,309,270,1.1444444444444444,0
0.05329766300151376,0.400549054145813,0.0,0.0,1,1,0,0,0.5333333333333333,603,431,1.3990719257540603,0
0.05662876069520075,0.4016393721103668,0.0,0.0,0,0,0,2,0.2,527,246,2.1422764227642275,0
0.09587928882229499,0.4756738245487213,1.0,0.0,1,1,1,5,0.6666666666666666,2112,681,3.101321585903084,0
0.06744713616700074,0.4961732029914856,0.4,0.0,1,15,6,18,0.4,604,380,1.5894736842105264,0
0.021749857657382913,0.37300923466682434,0.0,0.0,0,0,0,25,0.2,615,82,7.5,0
0.0636723787900533,0.4863159656524658,1.0,0.0,1,1,1,7,0.3333333333333333,536,270,1.9851851851851852,0
0.08962408951090142,0.4449499845504761,0.2222222222222222,0.0,1,18,4,18,0.6,1533,326,4.7024539877300615,0
0.05893643918383372,0.3574790954589844,1.0,0.0,1,1,1,2,0.26666666666666666,347,810,0.4283950617283951,0
0.031165449442086136,0.39483243227005005,0.375,0.0,1,8,3,11,0.2,524,193,2.715025906735751,0
0.055432020680726966,0.3093760013580322,0.25,0.0,1,4,1,10,0.18181818181818182,583,193,3.0207253886010363,0
0.04824135286394017,0.39338862895965576,0.0,0.0,1,1,0,2,0.3333333333333333,554,475,1.1663157894736842,0
0.035123716298721616,0.3094575107097626,0.0,0.0,1,1,0,9,0.2,777,300,2.59,0
0.06767538195245326,0.4267217516899109,0.21428571428571427,0.0,1,14,3,7,0.4,213,520,0.4096153846153846,0
0.040152296363158924,0.3598718047142029,0.3076923076923077,0.0,1,13,4,16,0.13333333333333333,218,491,0.4439918533604888,0
0.0671036778028056,0.3263387978076935,0.3333333333333333,0.0,1,3,1,2,0.4666666666666667,688,810,0.8493827160493828,0
0.03737952524700245,0.2727464437484741,0.0,0.0,0,0,0,0,0.4,638,214,2.9813084112149535,0
0.053628118807542535,0.46974197030067444,0.0,0.0,0,0,0,17,0.4,433,121,3.5785123966942147,0
0.048407897509566485,0.36152252554893494,0.5,0.0,1,6,3,19,0.2,542,440,1.231818181818182,0
0.10657811035991947,0.42678123712539673,0.0,0.0,1,1,0,0,0.6,644,575,1.12,0
0.049615838742038926,0.4031219184398651,0.0,0.0,0,0,0,13,0.5,1032,101,10.217821782178218,0
0.03192682567882321,0.3470788896083832,0.0,0.0,0,0,0,9,0.625,295,101,2.9207920792079207,0
0.027792496236683145,0.3969450891017914,0.0,0.0,0,0,0,4,0.0,810,42,19.285714285714285,0
0.03516855750281148,0.3668569326400757,0.07692307692307693,0.0,1,13,1,9,0.3333333333333333,295,491,0.6008146639511202,0
0.07785436632128864,0.5097800493240356,1.0,0.0,1,1,1,13,0.4,899,270,3.3296296296296295,0
0.04907679092990472,0.4155500829219818,0.0,0.0,1,14,0,2,0.2,625,611,1.0229132569558101,0
0.032204085757516064,0.42652884125709534,0.0,0.0,1,1,0,0,0.36363636363636365,1591,143,11.125874125874127,0
0.04397782367051879,0.331603467464447,0.0,0.0,0,0,0,4,0.26666666666666666,747,214,3.4906542056074765,0
0.06604442793529643,0.4686717689037323,0.07142857142857142,0.0,1,14,1,8,0.6666666666666666,907,611,1.4844517184942716,0
0.00787056333990991,0.3727479875087738,0.0,0.0,0,0,0,11,0.0,524,46,11.391304347826088,0
0.04821150662884308,0.4283459186553955,1.0,0.0,1,1,1,10,0.26666666666666666,583,273,2.1355311355311355,0
0.05001933237775702,0.3414769768714905,0.25,0.0,1,4,1,3,0.2,315,456,0.6907894736842105,0
0.05588832029429292,0.3793099522590637,0.0,0.0,1,12,0,2,0.35714285714285715,527,312,1.689102564102564,0
0.05694067992246138,0.3444986045360565,0.6,0.0,1,5,3,17,0.26666666666666666,352,492,0.7154471544715447,0
0.09044971773132957,0.3948020339012146,0.5,0.0,1,16,8,18,0.6666666666666666,1533,1015,1.5103448275862068,0
0.03285461270868017,0.4165686368942261,0.0,0.0,1,1,0,0,0.38461538461538464,759,157,4.834394904458598,0
0.09804905038657231,0.456638365983963,0.07142857142857142,0.0,1,14,1,14,0.5333333333333333,667,611,1.0916530278232406,0
0.020917617896587377,0.33801618218421936,0.0,0.0,0,0,0,8,0.0,659,82,8.036585365853659,0
0.04924987646120114,0.4568839967250824,0.0,0.0,0,0,0,0,0.7142857142857143,603,85,7.094117647058823,0
0.04642711177533653,0.3116644322872162,0.2,0.0,1,5,1,8,0.2,659,578,1.1401384083044983,0
0.04363207616156695,0.2887769341468811,0.0,0.0,1,3,0,11,0.2,1003,774,1.2958656330749354,0
0.060622512796904234,0.46841976046562195,0.3333333333333333,0.0,1,15,5,17,0.26666666666666666,352,380,0.9263157894736842,0
0.03535351614328508,0.33499041199684143,0.0,0.0,1,4,0,11,0.45454545454545453,727,193,3.766839378238342,0
0.046666786116153,0.3036480247974396,0.0,0.0,1,5,0,2,0.26666666666666666,527,679,0.7761413843888071,0
0.05661825253021037,0.3737904131412506,0.8333333333333334,0.0,1,6,5,18,0.4,604,369,1.6368563685636857,0
0.035484664490881564,0.364520400762558,0.2,0.0,1,5,1,11,0.3333333333333333,524,578,0.9065743944636678,0
0.03537968118267498,0.31461504101753235,0.0,0.0,0,0,0,6,0.26666666666666666,392,231,1.696969696969697,0
0.04352391683925128,0.4120470881462097,0.0,0.0,1,1,0,0,0.26666666666666666,609,431,1.4129930394431554,0
0.013196066447237843,0.4037337303161621,0.0,0.0,1,2,0,1,0.2857142857142857,295,158,1.8670886075949367,0
0.03268548315560148,0.37107548117637634,0.0,0.0,1,1,0,0,0.2,469,810,0.5790123456790124,0
0.08760132597869816,0.4071146547794342,0.3076923076923077,0.0,1,13,4,12,0.4,399,491,0.8126272912423625,0
0.042534328304121835,0.39414501190185547,0.3333333333333333,0.0,1,3,1,2,0.13333333333333333,245,582,0.4209621993127148,0
0.09010642966164159,0.5420284867286682,0.625,0.0,1,8,5,7,0.4666666666666667,536,390,1.3743589743589744,0
0.028406050282939438,0.4073556363582611,0.25,0.0,1,4,1,17,0.16666666666666666,324,96,3.375,0
0.04994311785670876,0.422295480966568,0.0,0.0,1,1,0,7,0.5,465,113,4.115044247787611,0
0.01805848069219449,0.32713574171066284,0.0,0.0,1,1,0,0,0.2857142857142857,467,124,3.7661290322580645,0
0.051118039642127154,0.316119521856308,1.0,0.0,1,2,2,11,0.4,663,290,2.286206896551724,0
0.0433919559880687,0.2991931736469269,0.0,0.0,1,3,0,1,0.26666666666666666,969,774,1.251937984496124,0
0.05821762859102426,0.3333660066127777,0.3333333333333333,0.0,1,3,1,1,0.3333333333333333,1640,810,2.0246913580246915,0
0.043593407400085334,0.44556403160095215,0.0,0.0,0,0,0,4,0.2857142857142857,810,108,7.5,0
0.046522510712393106,0.32633355259895325,0.5,0.0,1,2,1,4,0.3333333333333333,810,290,2.793103448275862,0
0.021943704286786908,0.5410382151603699,0.0,0.0,0,0,0,2,1.0,554,29,19.103448275862068,0
0.024706714057558577,0.3428512513637543,0.0,0.0,0,0,0,10,0.0,583,42,13.880952380952381,0
0.026978849411701852,0.26824793219566345,0.1875,0.0,1,16,3,13,0.13333333333333333,276,1015,0.27192118226600986,0
0.030564880119368625,0.3034050166606903,0.0,0.0,1,1,0,13,0.4,394,475,0.8294736842105264,0
0.032966474485961086,0.24947267770767212,0.6666666666666666,0.0,1,6,4,17,0.3333333333333333,324,571,0.5674255691768827,0
0.021547597415967255,0.4060324728488922,0.0,0.0,0,0,0,13,0.0,394,42,9.380952380952381,0
0.01640275304950841,0.3637069761753082,0.0,0.0,0,0,0,3,0.1,268,121,2.2148760330578514,0
0.043610036218757156,0.4849494695663452,0.0,0.0,0,0,0,10,0.14285714285714285,828,108,7.666666666666667,0
0.017070221165002928,0.30262890458106995,0.0,0.0,1,9,0,7,0.13333333333333333,674,553,1.2188065099457503,0
0.042944258111119904,0.3074468672275543,0.0,0.0,0,0,0,11,0.3333333333333333,342,214,1.5981308411214954,0
0.057571066943025995,0.38089457154273987,0.0,0.0,1,2,0,7,0.4,674,476,1.415966386554622,0
0.06730345550182983,0.3586704134941101,0.5,0.0,1,4,2,7,0.2,644,456,1.412280701754386,0
0.05648970295629446,0.377940833568573,1.0,0.0,1,1,1,11,0.3333333333333333,612,300,2.04,0
0.04891869517871425,0.3618853688240051,0.0,0.0,1,5,0,2,0.5333333333333333,527,578,0.9117647058823529,0
0.05785542909313674,0.48316362500190735,0.6,0.0,1,15,9,25,0.4666666666666667,615,380,1.618421052631579,0
0.023088240666869667,0.3481714725494385,0.0,0.0,0,0,0,20,0.2,640,82,7.804878048780488,0
0.053021605434179726,0.31268981099128723,0.25,0.0,1,4,1,2,0.2,688,456,1.5087719298245614,0
0.065152276884837,0.4516364634037018,1.0,0.0,1,1,1,1,0.6,578,342,1.6900584795321638,0
0.02417300910126489,0.34434136748313904,0.0,0.0,1,1,0,0,0.13333333333333333,1152,273,4.21978021978022,0
0.03457462931483132,0.40775206685066223,0.5,0.0,1,2,1,10,0.2857142857142857,828,158,5.2405063291139244,0
0.06937152058558976,0.37620189785957336,0.2,0.0,1,5,1,1,0.6,592,578,1.0242214532871972,0
0.05641118983083801,0.41804903745651245,0.0,0.0,0,0,0,1,0.4,578,378,1.529100529100529,0
0.06062812581872007,0.3936782479286194,0.3333333333333333,0.0,1,12,4,20,0.4,662,532,1.244360902255639,0
0.09082196971318347,0.5813051462173462,1.0,0.0,1,1,1,2,0.7333333333333333,954,156,6.115384615384615,0
0.034313497449816,0.37706050276756287,0.0,0.0,0,0,0,12,0.375,399,101,3.9504950495049505,0
0.08422400262631355,0.3876487612724304,0.38461538461538464,0.0,1,13,5,17,0.4,352,491,0.7169042769857433,0
0.05479493701413419,0.33253923058509827,0.0,0.0,1,5,0,7,0.4,674,1041,0.6474543707973103,0
0.06278496344800319,0.49389708042144775,0.0,0.0,0,0,0,5,0.6666666666666666,2112,311,6.790996784565916,0
0.03531604604216834,0.28488436341285706,0.4,0.0,1,5,2,17,0.4,324,1041,0.3112391930835735,0
0.05895012128164634,0.33815303444862366,0.0,0.0,1,1,0,0,0.4,1591,519,3.065510597302505,0
0.02647898670079166,0.46279382705688477,0.0,0.0,0,0,0,0,0.0,255,42,6.071428571428571,0
0.04488559537869469,0.36472654342651367,0.38461538461538464,0.0,1,13,5,20,0.4,640,491,1.3034623217922607,0
0.03024849302958719,0.32067254185676575,0.4,0.0,1,5,2,17,0.06666666666666667,324,492,0.6585365853658537,0
0.056847795512123225,0.42157182097435,0.0,0.0,1,3,0,2,0.5333333333333333,554,333,1.6636636636636637,0
0.035864068082255035,0.3081839382648468,1.0,0.0,1,2,2,10,0.26666666666666666,781,290,2.693103448275862,0
0.05684625541688296,0.3192427456378937,0.25,0.0,1,4,1,13,0.7272727272727273,899,193,4.658031088082901,0
0.03222341423122373,0.3860507607460022,0.0,0.0,0,0,0,13,1.0,899,42,21.404761904761905,0
0.022360301402735417,0.36315202713012695,0.0,0.0,1,2,0,1,0.14285714285714285,1640,158,10.379746835443038,0
0.050476396857436705,0.41105976700782776,1.0,0.0,1,1,1,4,0.2,282,270,1.0444444444444445,0
0.05667941243545379,0.33533599972724915,0.4,0.0,1,5,2,17,0.26666666666666666,352,578,0.6089965397923875,0
0.023697807484871016,0.34137648344039917,0.0,0.0,1,1,0,2,0.25,309,113,2.734513274336283,0
0.09949922711154802,0.4719446301460266,1.0,0.0,1,1,1,2,0.7333333333333333,1695,810,2.0925925925925926,0
0.030270982288132846,0.29284435510635376,0.0,0.0,1,4,0,1,0.2727272727272727,659,193,3.4145077720207255,0
0.04626407144268291,0.410770058631897,0.07142857142857142,0.0,1,14,1,2,0.13333333333333333,245,611,0.40098199672667756,0
0.0283039993624749,0.46168792247772217,0.0,0.0,0,0,0,2,0.0,1350,42,32.142857142857146,0
0.044756639785361596,0.32193687558174133,1.0,0.0,1,1,1,6,0.2,392,979,0.4004085801838611,0
0.018976120955696642,0.36938372254371643,0.0,0.0,1,2,0,6,0.14285714285714285,434,158,2.7468354430379747,0
0.04466978752763946,0.432640939950943,0.0,0.0,1,1,0,0,0.6153846153846154,589,157,3.751592356687898,0
0.03557727572685087,0.37531381845474243,0.6666666666666666,0.0,1,3,2,20,0.3333333333333333,640,194,3.2989690721649483,0
0.036563838356822524,0.3397899866104126,0.5,0.0,1,2,1,6,0.4,430,290,1.4827586206896552,0
0.013274646407266508,0.31522685289382935,0.0,0.0,1,2,0,1,0.25,636,73,8.712328767123287,0
0.030553833360729026,0.3194272220134735,1.0,0.0,1,1,1,16,0.2,218,300,0.7266666666666667,0
0.029747871208320398,0.29870930314064026,0.0,0.0,1,4,0,1,0.2727272727272727,489,193,2.533678756476684,0
0.03916728904939445,0.42608046531677246,0.0,0.0,0,0,0,21,0.5,443,101,4.3861386138613865,0
0.03875995985507103,0.2901068329811096,0.5,0.0,1,4,2,10,0.2,583,456,1.2785087719298245,0
0.028019634726168575,0.3426016867160797,0.0,0.0,1,14,0,0,0.2,568,611,0.9296235679214403,0
0.10856479542911646,0.4082489609718323,0.3333333333333333,0.0,1,12,4,19,0.8666666666666667,813,532,1.5281954887218046,0
0.07708422954571624,0.43473711609840393,1.0,0.0,1,1,1,2,0.4666666666666667,536,431,1.2436194895591648,0
0.03474371324810284,0.2799065113067627,0.3333333333333333,0.0,1,3,1,25,0.26666666666666666,615,438,1.404109589041096,0
0.007974398541251294,0.3914979100227356,0.0,0.0,1,1,0,1,0.5,489,34,14.382352941176471,0
0.014469100043836213,0.30166494846343994,0.0,0.0,0,0,0,0,0.0,490,108,4.537037037037037,0
0.04916182925254777,0.43084776401519775,1.0,0.0,1,1,1,10,0.26666666666666666,583,273,2.1355311355311355,0
0.07854879628292165,0.3200318217277527,1.0,0.0,1,6,6,18,0.4666666666666667,748,664,1.1265060240963856,0
0.06052592136053645,0.31910064816474915,0.3333333333333333,0.0,1,9,1,7,0.5333333333333333,674,683,0.986822840409956,0
0.047644952105542156,0.3806074261665344,0.3333333333333333,0.0,1,12,4,9,0.3333333333333333,777,532,1.4605263157894737,0
0.026644879664858998,0.3441429138183594,0.0,0.0,0,0,0,4,0.14285714285714285,786,108,7.277777777777778,0
0.0341185652441407,0.3328548073768616,0.0,0.0,1,14,0,0,0.06666666666666667,543,611,0.8887070376432079,0
0.055088261990877324,0.4069369435310364,0.0,0.0,1,12,0,1,0.4666666666666667,501,532,0.9417293233082706,0
0.07118821062468167,0.47211137413978577,1.0,0.0,1,1,1,2,0.7692307692307693,1058,157,6.738853503184713,0
0.02588502031323943,0.2760787010192871,0.0,0.0,1,4,0,1,0.45454545454545453,606,193,3.139896373056995,0
0.03470150439178031,0.4148954451084137,0.0,0.0,0,0,0,20,0.4,640,121,5.289256198347108,0
0.01935579134110666,0.4302210211753845,0.0,0.0,0,0,0,7,0.0,1206,42,28.714285714285715,0
0.029309892414315347,0.3828219771385193,0.375,0.0,1,8,3,18,0.3,929,193,4.813471502590674,0
0.04686007196819432,0.417336106300354,0.0,0.0,0,0,0,7,0.2,502,121,4.148760330578512,0
0.07340411152748563,0.3784988522529602,0.16666666666666666,0.0,1,6,1,17,0.3333333333333333,352,387,0.9095607235142119,0
0.021807107688303653,0.38795483112335205,1.0,0.0,1,1,1,1,0.06666666666666667,180,431,0.4176334106728538,0
0.03947295875303466,0.27432844042778015,0.5,0.0,1,2,1,13,0.3333333333333333,394,290,1.3586206896551725,0
0.07246898008150225,0.4252278804779053,0.07142857142857142,0.0,1,14,1,4,0.6666666666666666,810,611,1.32569558101473,0
0.032359235931475216,0.4173951745033264,0.3333333333333333,0.0,1,3,1,1,0.13333333333333333,255,582,0.4381443298969072,0
0.03655853140516676,0.3187910318374634,0.6666666666666666,0.0,1,3,2,17,0.26666666666666666,634,774,0.8191214470284238,0
0.050750365061102996,0.4150334596633911,0.0,0.0,0,0,0,15,0.2,1104,121,9.12396694214876,0
0.08886888603832514,0.3766857981681824,0.0,0.0,1,1,0,0,0.6,582,575,1.0121739130434784,0
0.06987364031908358,0.44920286536216736,0.2857142857142857,0.0,1,14,4,12,0.5333333333333333,577,520,1.1096153846153847,0
0.04823453778983341,0.4420548677444458,1.0,0.0,1,1,1,4,0.13333333333333333,810,273,2.967032967032967,0
0.019543441260671018,0.43295302987098694,0.0,0.0,0,0,0,12,0.2,577,82,7.036585365853658,0
0.037512526029972,0.39851510524749756,0.0,0.0,0,0,0,18,0.4,1533,82,18.695121951219512,0
0.0436417183434549,0.3593118488788605,0.0,0.0,0,0,0,4,0.13333333333333333,702,214,3.2803738317757007,0
0.049124757822718274,0.4723122715950012,1.0,0.0,1,1,1,1,0.26666666666666666,255,270,0.9444444444444444,0
0.053027744762247794,0.4484587013721466,0.0,0.0,1,8,0,0,0.4666666666666667,1591,390,4.079487179487179,0
0.03232308112612133,0.31408920884132385,0.0,0.0,1,6,0,1,0.13333333333333333,659,440,1.4977272727272728,0
0.07382251143248683,0.38677695393562317,0.0,0.0,1,12,0,1,0.3333333333333333,521,532,0.9793233082706767,0
0.04560845718211857,0.3774823248386383,0.05263157894736842,0.0,1,19,1,7,0.4666666666666667,674,382,1.7643979057591623,0
0.025167466843840594,0.34564849734306335,0.2222222222222222,0.0,1,9,2,17,0.06666666666666667,324,553,0.5858951175406871,0
0.03754332952645019,0.45238032937049866,0.0,0.0,0,0,0,6,0.5,392,91,4.3076923076923075,0
0.039300052636236996,0.4388170540332794,0.3333333333333333,0.0,1,3,1,1,0.06666666666666667,489,582,0.8402061855670103,0
0.07762236123118202,0.399135947227478,0.25,0.0,1,4,1,2,0.6,527,478,1.102510460251046,0
0.07831105776876437,0.3418612778186798,0.0,0.0,1,1,0,19,0.4666666666666667,813,300,2.71,0
0.01554667549722348,0.4217813014984131,0.0,0.0,1,1,0,13,0.5,394,80,4.925,0
0.06587962413119614,0.44245466589927673,0.0,0.0,1,1,0,0,0.4666666666666667,304,156,1.9487179487179487,0
0.019488896147509916,0.39312511682510376,0.0,0.0,0,0,0,5,0.0,582,42,13.857142857142858,0
0.020543229434942464,0.3662256896495819,0.0,0.0,1,8,0,7,0.1,213,193,1.1036269430051813,0
0.029865364850892723,0.3112778067588806,0.0,0.0,0,0,0,12,0.13333333333333333,767,214,3.5841121495327104,0
0.03915410930315154,0.3848256766796112,0.0,0.0,1,1,0,25,0.2,615,300,2.05,0
0.09057138715578916,0.4047628939151764,0.16666666666666666,0.0,1,12,2,14,0.4666666666666667,409,532,0.768796992481203,0
0.0551148023137539,0.378811240196228,0.5,0.5,1,2,1,25,0.4666666666666667,615,476,1.2920168067226891,0
0.056101967833672016,0.4322124719619751,0.0,0.0,1,1,0,0,0.4666666666666667,589,575,1.0243478260869565,0
0.05802448399297348,0.38116782903671265,0.6666666666666666,0.0,1,3,2,18,0.4444444444444444,1533,194,7.902061855670103,0
0.05514756357485886,0.357420414686203,0.0,0.0,1,6,0,2,0.2,527,555,0.9495495495495495,0
0.05447913088470228,0.31313878297805786,0.0,0.0,1,3,0,21,0.6,990,774,1.2790697674418605,0
0.020145066177374653,0.3621727526187897,0.0,0.0,1,2,0,1,0.5714285714285714,1068,158,6.7594936708860756,0
0.057447191084141314,0.3551049828529358,0.3333333333333333,0.0,1,3,1,1,0.4666666666666667,684,810,0.8444444444444444,0
0.06399029064896483,0.4177801012992859,0.0,0.0,0,0,0,13,0.6666666666666666,899,465,1.9333333333333333,0
0.04885957388820119,0.4138845205307007,0.0,0.0,1,2,0,0,0.5,1591,183,8.693989071038251,0
0.026772810273013842,0.31668150424957275,1.0,0.0,1,2,2,13,0.26666666666666666,394,559,0.7048300536672629,0
0.058311562490038535,0.37722423672676086,0.5,0.0,1,8,4,7,0.4666666666666667,674,661,1.0196671709531013,0
0.08029871632390288,0.4063376784324646,0.3333333333333333,0.0,1,12,4,17,0.4666666666666667,352,532,0.6616541353383458,0
0.03800314383866308,0.38766440749168396,0.0,0.0,0,0,0,13,0.3,409,121,3.3801652892561984,0
0.045289108805832194,0.3598109781742096,0.6666666666666666,0.0,1,3,2,17,0.2222222222222222,352,194,1.8144329896907216,0
0.027588591193689845,0.4001290798187256,0.0,0.0,0,0,0,17,0.0,352,82,4.2926829268292686,0
0.03176865890239827,0.27835825085639954,0.3333333333333333,0.0,1,6,2,16,0.2,218,571,0.38178633975481613,0
0.07043037056607798,0.3750137984752655,0.4,0.0,1,5,2,15,0.4,1104,578,1.9100346020761245,0
0.027877798424307328,0.32981541752815247,0.6666666666666666,0.0,1,3,2,9,0.2222222222222222,295,194,1.5206185567010309,0
0.01321858626469526,0.3466181755065918,0.0,0.0,1,2,0,0,0.0,219,158,1.3860759493670887,0
0.06667540796759962,0.4628520607948303,0.6666666666666666,0.0,1,3,2,7,0.4666666666666667,683,582,1.1735395189003437,0
0.05108340968377724,0.38878026604652405,0.0,0.0,1,12,0,1,0.5333333333333333,519,532,0.9755639097744361,0
0.07103465537667483,0.3667841851711273,0.25,0.0,1,4,1,12,0.5454545454545454,1153,193,5.974093264248705,0
0.057002708309897974,0.28408554196357727,0.16666666666666666,0.0,1,6,1,10,0.3333333333333333,805,571,1.4098073555166375,0
0.03531383284416102,0.37477758526802063,0.5,0.0,1,2,1,2,0.26666666666666666,245,559,0.43828264758497315,0
0.05720742998683125,0.31284937262535095,0.0,0.0,1,5,0,2,0.6,527,1041,0.5062439961575408,0
0.040526133780236305,0.3375738263130188,0.25,0.0,1,4,1,6,0.06666666666666667,430,456,0.9429824561403509,0
0.05489187709637164,0.3745216727256775,0.0,0.0,0,0,0,2,0.5333333333333333,554,1008,0.5496031746031746,0
0.08426642656256306,0.4173767566680908,0.2777777777777778,0.0,1,18,5,14,0.4666666666666667,409,326,1.2546012269938651,0
0.06775371808191062,0.33335644006729126,0.0,0.0,1,3,0,11,0.6,2164,774,2.795865633074935,0
0.040182034380185944,0.3280326724052429,0.3333333333333333,0.0,1,3,1,8,0.2222222222222222,443,194,2.283505154639175,0
0.0374762591741719,0.27716323733329773,0.3333333333333333,0.0,1,3,1,9,0.3333333333333333,295,774,0.38113695090439276,0
0.03002139427769734,0.2867480516433716,0.0,0.0,1,3,0,20,0.4666666666666667,640,774,0.8268733850129198,0
0.07592486355916336,0.4598863124847412,0.35714285714285715,0.0,1,14,5,14,0.6666666666666666,665,611,1.088379705400982,0
0.029383304302513277,0.36436811089515686,0.0,0.0,0,0,0,14,0.2,680,121,5.619834710743802,0
0.02553434420522675,0.2967231571674347,0.0,0.0,1,6,0,3,0.13333333333333333,268,369,0.7262872628726287,0
0.030556966761392974,0.41135141253471375,0.0,0.0,1,1,0,1,0.25,255,113,2.256637168141593,0
0.04285857651941306,0.3693125247955322,0.25,0.0,1,4,1,7,0.13333333333333333,683,456,1.4978070175438596,0
0.06306631041126817,0.38755571842193604,0.5,0.5,1,2,1,18,0.6,929,476,1.9516806722689075,0
0.01176974829756854,0.37029460072517395,0.0,0.0,0,0,0,2,0.0,809,42,19.261904761904763,0
0.04885824467862077,0.38911956548690796,1.0,0.0,1,2,2,6,0.2,430,559,0.7692307692307693,0
0.03802338036859591,0.4035460650920868,0.0,0.0,0,0,0,1,0.3333333333333333,530,277,1.9133574007220218,0
0.08084202963897304,0.43677499890327454,1.0,0.0,1,1,1,1,0.6,517,810,0.6382716049382716,0
0.030743338981529245,0.31559351086616516,0.4,0.0,1,5,2,16,0.2,218,578,0.3771626297577855,0
0.009303086290936966,0.28955042362213135,0.0,0.0,1,2,0,2,0.25,641,73,8.780821917808218,0
0.0190780967926854,0.3924880623817444,0.375,0.0,1,8,3,17,0.2,324,193,1.6787564766839378,0
0.049128588520208794,0.26634788513183594,0.0,0.0,1,3,0,8,0.3333333333333333,736,774,0.9509043927648578,0
0.030603641890929414,0.3491741716861725,0.0,0.0,1,2,0,0,0.5714285714285714,1591,158,10.069620253164556,0
0.03506042289294394,0.42161187529563904,0.0,0.0,1,1,0,2,0.4,527,118,4.466101694915254,0
0.04939652085363314,0.40156349539756775,0.0,0.0,0,0,0,0,0.26666666666666666,883,231,3.8225108225108224,0
0.049750102640058746,0.29303428530693054,0.0,0.0,1,14,0,0,0.4666666666666667,590,611,0.9656301145662848,0
0.030788567839222514,0.41529518365859985,1.0,0.0,1,1,1,35,1.0,1940,34,57.05882352941177,0
0.050449634112873114,0.45765939354896545,0.0,0.0,1,1,0,0,0.4666666666666667,469,156,3.0064102564102564,0
0.03491943413521996,0.45053184032440186,0.5,0.0,1,2,1,11,0.5,727,73,9.95890410958904,0
0.06000301591645155,0.4480380713939667,0.0,0.0,1,15,0,2,0.4666666666666667,527,382,1.3795811518324608,0
0.08415870589183412,0.3620882034301758,0.6,0.0,1,5,3,18,0.6666666666666666,748,395,1.8936708860759495,0
0.04710821563313393,0.4038795530796051,0.25,0.0,1,4,1,7,0.5,674,96,7.020833333333333,0
0.041484896402661654,0.33573636412620544,0.0,0.0,1,1,0,14,0.4,680,300,2.2666666666666666,0
0.014316044393688866,0.28730976581573486,0.0,0.0,1,2,0,0,0.25,490,73,6.712328767123288,0
0.0535666269453399,0.4389605224132538,0.0,0.0,0,0,0,18,0.2,1533,121,12.669421487603305,0
0.03248075307655282,0.365818589925766,0.0,0.0,1,5,0,11,0.3333333333333333,524,492,1.065040650406504,0
0.07072479103024254,0.4341369867324829,0.14285714285714285,0.0,1,14,2,4,0.5333333333333333,559,611,0.9148936170212766,0
0.06282167515752042,0.519273042678833,0.5714285714285714,0.0,1,14,8,25,0.26666666666666666,615,520,1.1826923076923077,0
0.0252538804621791,0.3590210974216461,0.3333333333333333,0.0,1,3,1,11,0.1111111111111111,524,194,2.7010309278350517,0
0.054251146055557815,0.4515783190727234,0.21428571428571427,0.0,1,14,3,11,0.13333333333333333,612,520,1.176923076923077,0
0.038448491152107744,0.37073376774787903,0.0,0.0,0,0,0,1,0.26666666666666666,381,456,0.8355263157894737,0
0.05332084592407821,0.42683321237564087,0.0,0.0,1,3,0,0,0.26666666666666666,1152,582,1.9793814432989691,0
0.048896627421602896,0.2914070785045624,0.0,0.0,1,3,0,1,0.3333333333333333,521,774,0.6731266149870802,0
0.041485588789931145,0.48932337760925293,0.5,0.0,1,6,3,11,0.6363636363636364,524,226,2.3185840707964602,0
0.08537191297334819,0.4194447100162506,1.0,0.0,1,1,1,2,0.6666666666666666,954,431,2.2134570765661254,0
0.06948175973375258,0.36191415786743164,0.5,0.0,1,16,8,25,0.5333333333333333,615,1015,0.6059113300492611,0
0.03199481291573873,0.3533294200897217,0.2857142857142857,0.0,1,14,4,13,0.13333333333333333,276,520,0.5307692307692308,0
0.07191169393094489,0.441739559173584,0.07142857142857142,0.0,1,14,1,3,0.4666666666666667,808,611,1.3224222585924714,0
0.06151792085149668,0.4728914201259613,1.0,0.0,1,2,2,13,0.375,340,147,2.312925170068027,0
0.049354708785095125,0.3935530483722687,1.0,0.0,1,1,1,1,0.4,356,810,0.43950617283950616,0
0.03573540993332744,0.38020649552345276,0.0,0.0,0,0,0,17,0.0,352,121,2.909090909090909,0
0.03204958651055411,0.3231794834136963,0.0,0.0,1,4,0,3,0.36363636363636365,315,193,1.6321243523316062,0
0.06199435589272443,0.43027305603027344,0.0,0.0,1,1,0,1,0.5333333333333333,642,431,1.4895591647331787,0
0.05224957240135287,0.4351602792739868,0.6666666666666666,0.0,1,3,2,6,0.26666666666666666,430,582,0.738831615120275,0
0.022654439308170436,0.20324872434139252,0.16666666666666666,0.0,1,6,1,17,0.06666666666666667,324,636,0.5094339622641509,0
0.04766513905301571,0.3795962333679199,0.0,0.0,0,0,0,0,0.3333333333333333,498,456,1.0921052631578947,0
0.07944176096752913,0.3511620759963989,0.1875,0.0,1,16,3,10,0.6666666666666666,805,1015,0.7931034482758621,0
0.038255630924525996,0.3652573525905609,0.5,0.0,1,2,1,17,0.2727272727272727,324,171,1.894736842105263,0
0.04951017584971019,0.3736437261104584,0.0,0.0,1,2,0,4,0.3333333333333333,618,476,1.2983193277310925,0
0.039162745408343004,0.356027215719223,0.0,0.0,1,14,0,1,0.26666666666666666,1011,611,1.6546644844517184,0
0.03409158777539381,0.37289899587631226,0.0,0.0,0,0,0,39,0.0,2130,42,50.714285714285715,0
0.08824903304418402,0.5204346776008606,1.0,0.0,1,1,1,2,0.7333333333333333,1695,156,10.865384615384615,0
0.08215522067830842,0.35568639636039734,0.6666666666666666,0.0,1,3,2,13,0.6,899,810,1.1098765432098765,0
0.014737333320546431,0.29371267557144165,0.0,0.0,0,0,0,5,0.0,570,108,5.277777777777778,0
0.03925340347810592,0.2850102186203003,0.0,0.0,1,6,0,2,0.3333333333333333,527,571,0.9229422066549913,0
0.02769911549345407,0.36829352378845215,0.0,0.0,0,0,0,4,0.5,668,101,6.6138613861386135,0
0.07259128780614077,0.5086885690689087,0.5,0.0,1,8,4,7,0.5333333333333333,644,390,1.6512820512820512,0
0.03946669907657,0.3551950752735138,0.0,0.0,1,1,0,0,0.42857142857142855,1591,121,13.148760330578513,0
0.04844604863094539,0.3787325322628021,0.5,0.0,1,2,1,10,0.36363636363636365,805,171,4.707602339181286,0
0.07226184548881548,0.4269181489944458,1.0,0.0,1,1,1,2,0.3333333333333333,1058,431,2.4547563805104406,0
0.04054670198688899,0.34195250272750854,0.5,0.0,1,2,1,5,0.3333333333333333,1073,559,1.9194991055456172,0
0.06170281466200049,0.4012472331523895,0.8333333333333334,0.0,1,6,5,20,0.3333333333333333,619,369,1.6775067750677506,0
0.04049420778512229,0.4040425419807434,0.0,0.0,1,1,0,0,0.5,1591,113,14.079646017699115,0
0.04659568486281223,0.33646145462989807,0.0,0.0,1,2,0,16,0.3333333333333333,218,476,0.4579831932773109,0
0.07532075954553877,0.4353446364402771,0.4666666666666667,0.0,1,15,7,20,0.6666666666666666,619,382,1.6204188481675392,0
0.08906726919057628,0.4357324242591858,0.16666666666666666,0.0,1,12,2,2,0.5333333333333333,527,532,0.9906015037593985,0
0.03550676889907947,0.39080363512039185,0.0,0.0,1,8,0,11,0.26666666666666666,524,317,1.6529968454258674,0
0.027008166863091772,0.34004321694374084,0.0,0.0,1,1,0,9,0.2,295,300,0.9833333333333333,0
0.07620613362172048,0.3995038568973541,0.0,0.0,1,2,0,2,0.4666666666666667,527,476,1.1071428571428572,0
0.044138518024411766,0.35684168338775635,0.07142857142857142,0.0,1,14,1,1,0.2,730,611,1.1947626841243864,0
0.04429074328135014,0.39266443252563477,0.0,0.0,0,0,0,10,0.4,647,121,5.347107438016529,0
0.054214083935948364,0.3247036039829254,0.0,0.0,0,0,0,1,0.3333333333333333,656,456,1.4385964912280702,0
0.03640421680076064,0.2924049496650696,0.0,0.0,1,1,0,7,0.6,536,127,4.2204724409448815,0
0.027708352373360053,0.30585142970085144,0.0,0.0,1,3,0,9,0.2,487,774,0.6291989664082688,0
0.01624839596471482,0.3940170705318451,0.0,0.0,0,0,0,21,0.0,443,82,5.402439024390244,0
0.02709015001025973,0.3127385973930359,0.0,0.0,1,1,0,17,0.06666666666666667,324,428,0.7570093457943925,0
0.030847823356007324,0.3965360224246979,0.16666666666666666,0.0,1,6,1,9,0.13333333333333333,295,369,0.7994579945799458,0
0.09390868453520618,0.4986993372440338,1.0,0.0,1,1,1,1,0.6666666666666666,874,156,5.602564102564102,0
0.056374303797603005,0.34672752022743225,0.3333333333333333,0.0,1,3,1,1,0.3333333333333333,255,810,0.3148148148148148,0
0.04521653907887816,0.4134497344493866,1.0,0.0,1,1,1,1,0.6923076923076923,553,157,3.522292993630573,0
0.0752796389488643,0.39812132716178894,1.0,0.0,1,1,1,1,0.4666666666666667,436,810,0.5382716049382716,0
0.0688631322356453,0.39880627393722534,0.0,0.0,0,0,0,3,0.2,565,311,1.8167202572347267,0
0.04398945910018721,0.38939303159713745,0.0,0.0,0,0,0,6,0.4666666666666667,430,465,0.9247311827956989,0
0.059254113296944515,0.4070437252521515,0.0,0.0,0,0,0,5,0.5333333333333333,2112,300,7.04,0
0.05530318871751565,0.40798327326774597,0.625,0.0,1,8,5,17,0.5333333333333333,324,661,0.49016641452344933,0
0.00847949005168315,0.3707987368106842,0.0,0.0,0,0,0,7,0.0,674,46,14.652173913043478,0
0.031728170353981094,0.4416029453277588,0.0,0.0,0,0,0,7,0.2,1246,121,10.297520661157025,0
0.04295388888258494,0.3567473888397217,0.3333333333333333,0.0,1,3,1,7,0.1111111111111111,213,194,1.097938144329897,0
0.050571298431532026,0.4207921624183655,1.0,0.0,1,1,1,18,0.5714285714285714,748,124,6.032258064516129,0
0.03534475213061592,0.3581598401069641,0.0,0.0,0,0,0,11,0.0,663,42,15.785714285714286,0
0.06671786436452874,0.3262065052986145,0.75,0.0,1,16,12,20,0.4,662,1015,0.6522167487684729,0
0.04823657553249472,0.3416077792644501,0.5,0.0,1,3,1,2,0.3333333333333333,554,1079,0.5134383688600556,0
0.024092961915621595,0.2621198296546936,0.0,0.0,1,3,0,17,0.13333333333333333,324,774,0.4186046511627907,0
0.04746583641700818,0.3968677818775177,0.0,0.0,0,0,0,1,0.2,586,456,1.2850877192982457,0
0.044650717745006445,0.44611188769340515,0.5,0.0,1,2,1,7,0.45454545454545453,674,171,3.9415204678362574,0
0.05953871976545309,0.3522408604621887,0.0,0.0,1,1,0,17,0.4,488,300,1.6266666666666667,0
0.0316761859897772,0.38522008061408997,0.5,0.0,1,2,1,13,0.2857142857142857,899,158,5.689873417721519,0
0.07623594514703462,0.38278234004974365,0.0,0.0,0,0,0,5,0.6,2112,1038,2.0346820809248554,0
0.0408163965614905,0.4400195777416229,0.14285714285714285,0.0,1,7,1,2,0.5,527,139,3.79136690647482,0
0.054094346554358214,0.4745112657546997,0.3333333333333333,0.0,1,3,1,2,0.5333333333333333,554,582,0.9518900343642611,0
0.031774927387358896,0.3576909601688385,0.0,0.0,0,0,0,7,0.5,1246,101,12.336633663366337,0
0.039868826600967966,0.40984058380126953,0.5,0.0,1,2,1,32,0.75,1931,73,26.45205479452055,0
0.07937689959390855,0.5123154520988464,0.0,0.0,0,0,0,3,1.0,565,91,6.208791208791209,0
0.06786525861195898,0.4141542911529541,0.25,0.0,1,8,2,17,0.3333333333333333,352,468,0.7521367521367521,0
0.03300826077204269,0.38301679491996765,0.0,0.0,0,0,0,8,0.25,443,101,4.3861386138613865,0
0.034165716597487746,0.24596120417118073,0.3333333333333333,0.0,1,3,1,20,0.26666666666666666,619,438,1.41324200913242,0
0.04048968631262043,0.45935896039009094,0.0,0.0,1,1,0,5,0.5,1073,113,9.495575221238939,0
0.03831064450446122,0.3371802270412445,0.0,0.0,1,2,0,3,0.4,465,290,1.603448275862069,0
0.053490125509510815,0.423789918422699,0.0,0.0,1,1,0,0,0.3333333333333333,361,810,0.445679012345679,0
0.05898547863802939,0.40447062253952026,1.0,0.0,1,1,1,4,0.5333333333333333,786,270,2.911111111111111,0
0.021746100891236592,0.3958982527256012,0.0,0.0,0,0,0,9,0.3,295,121,2.43801652892562,0
0.05536074970997236,0.3679542541503906,0.0,0.0,1,1,0,7,0.2,674,300,2.2466666666666666,0
0.05626235951738774,0.4319065511226654,0.21428571428571427,0.0,1,14,3,11,0.3333333333333333,1144,611,1.872340425531915,0
0.03396952825870622,0.29429712891578674,0.3333333333333333,0.0,1,3,1,21,0.26666666666666666,443,774,0.5723514211886305,0
0.07196316466740446,0.4318886399269104,1.0,0.0,1,1,1,2,0.3333333333333333,1058,431,2.4547563805104406,0
0.05067990160638036,0.31764593720436096,0.0,0.0,0,0,0,9,0.2,751,214,3.5093457943925235,0
0.03449457414825069,0.2586102783679962,0.0,0.0,1,3,0,8,0.13333333333333333,659,774,0.851421188630491,0
0.03499284860723182,0.4297829568386078,0.0,0.0,0,0,0,6,0.26666666666666666,392,237,1.6540084388185654,0
0.056248641465394725,0.4504733383655548,0.0,0.0,1,1,0,1,0.6923076923076923,590,157,3.7579617834394905,0
0.028180796017847627,0.33251580595970154,0.0,0.0,1,2,0,1,0.4,489,290,1.686206896551724,0
0.04764007279219998,0.38226377964019775,0.0,0.0,1,1,0,0,0.4,1591,475,3.349473684210526,0
0.060694650651217555,0.33492863178253174,0.16666666666666666,0.0,1,6,1,3,0.26666666666666666,630,664,0.9487951807228916,0
0.025959024475961545,0.2865654230117798,0.3333333333333333,0.0,1,6,2,9,0.3333333333333333,295,571,0.5166374781085814,0
0.06606126760337977,0.340585321187973,0.0,0.0,1,3,0,0,0.4,1591,810,1.9641975308641975,0
0.024055571507536948,0.31671789288520813,0.0,0.0,1,1,0,2,0.25,809,113,7.15929203539823,0
0.08351906334452497,0.4740682542324066,0.21428571428571427,0.0,1,14,3,12,0.5333333333333333,1153,611,1.8870703764320786,0
0.10354219775826974,0.4899006187915802,1.0,0.0,1,1,1,2,0.8666666666666667,1058,156,6.782051282051282,0
0.04832726829978185,0.27505847811698914,0.0,0.0,1,1,0,4,0.6,810,127,6.377952755905512,0
0.03666183449832094,0.43368950486183167,0.0,0.0,0,0,0,1,0.3,519,121,4.289256198347108,0
0.024719833111140396,0.3604220449924469,0.0,0.0,1,2,0,1,0.2857142857142857,407,158,2.5759493670886076,0
0.042364205164301415,0.2962087392807007,0.16666666666666666,0.0,1,6,1,11,0.26666666666666666,524,877,0.5974914481185861,0
0.038916885820856444,0.24492251873016357,0.0,0.0,1,7,0,7,0.13333333333333333,674,715,0.9426573426573427,0
0.05667755764029372,0.3562595546245575,0.0,0.0,1,4,0,0,0.3333333333333333,1152,456,2.526315789473684,0
0.03860761405769264,0.4107998311519623,0.5,0.0,1,2,1,7,0.14285714285714285,644,158,4.075949367088608,0
0.04757461672685655,0.4220009446144104,0.0,0.0,1,1,0,16,0.5,655,113,5.79646017699115,0
0.041894893138724014,0.3448396921157837,0.0,0.0,1,4,0,2,0.2,809,456,1.7741228070175439,0
0.06815420675342819,0.4331134557723999,1.0,0.0,1,1,1,1,0.6,576,156,3.6923076923076925,0
0.0392461752546894,0.3099406063556671,0.0,0.0,1,14,0,0,0.13333333333333333,490,611,0.8019639934533551,0
0.0382898887324306,0.3355677127838135,0.0,0.0,1,2,0,6,0.13333333333333333,392,576,0.6805555555555556,0
0.042633225389290895,0.38096874952316284,0.0,0.0,1,1,0,7,0.26666666666666666,674,428,1.574766355140187,0
0.032472068988964216,0.4014278054237366,0.0,0.0,0,0,0,16,0.0,655,108,6.064814814814815,0
0.026038056070129347,0.39085790514945984,0.0,0.0,0,0,0,9,0.25,487,101,4.821782178217822,0
0.07818375038868029,0.4935711920261383,0.21428571428571427,0.0,1,14,3,11,0.4666666666666667,1003,520,1.9288461538461539,0
0.03654144513436447,0.2908903956413269,0.5,0.0,1,2,1,2,0.3333333333333333,809,559,1.447227191413238,0
0.06475037902120197,0.4063556492328644,0.0,0.0,1,3,0,0,0.26666666666666666,1591,582,2.7336769759450172,0
0.028695834165482537,0.28509974479675293,0.0,0.0,1,1,0,7,0.4,683,127,5.377952755905512,0
0.058998976658453516,0.5230855345726013,1.0,0.0,1,1,1,1,0.5,578,216,2.675925925925926,0
0.048686072569058846,0.4320021867752075,1.0,0.0,1,1,1,1,0.4666666666666667,578,156,3.7051282051282053,0
0.036562867640740015,0.4017244875431061,0.0,0.0,0,0,0,17,0.5,707,101,7.0,0
0.032340295607293915,0.3253799080848694,0.0,0.0,1,14,0,1,0.13333333333333333,659,611,1.0785597381342062,0
0.0256523166700851,0.3468164801597595,0.0,0.0,1,1,0,2,0.5,309,113,2.734513274336283,0
0.039396116920301455,0.321479469537735,0.0,0.0,1,1,0,3,0.2,268,300,0.8933333333333333,0
0.10033358632031121,0.42788517475128174,0.5,0.5,1,2,1,15,0.5333333333333333,1104,476,2.319327731092437,0
0.05143727393621984,0.3982999324798584,0.0,0.0,1,1,0,0,0.3333333333333333,759,431,1.7610208816705337,0
0.07833884972587213,0.4183492064476013,0.6666666666666666,0.0,1,3,2,11,0.7333333333333333,663,582,1.1391752577319587,0
0.0693232884750842,0.4734264314174652,1.0,0.0,1,1,1,10,0.4666666666666667,828,270,3.066666666666667,0
0.0428802265077936,0.4105952978134155,1.0,0.0,1,1,1,1,0.26666666666666666,356,156,2.282051282051282,0
0.02736373458638464,0.4127773642539978,1.0,0.0,1,1,1,1,0.13333333333333333,356,431,0.8259860788863109,0
0.0667146407312151,0.3510925769805908,0.5,0.0,1,16,8,14,0.4666666666666667,680,1015,0.6699507389162561,0
0.038795507447517814,0.4578845202922821,0.0,0.0,0,0,0,9,0.2857142857142857,1000,108,9.25925925925926,0
0.04859423265241801,0.38668182492256165,1.0,0.0,1,2,2,7,0.26666666666666666,1206,559,2.15742397137746,0
0.017834156256892053,0.5293102264404297,0.0,0.0,0,0,0,6,0.0,430,42,10.238095238095237,0
0.08719823620708832,0.3984900712966919,0.3333333333333333,0.0,1,12,4,12,0.4666666666666667,577,532,1.0845864661654134,0
0.03924854374382719,0.3629052937030792,0.8333333333333334,0.0,1,6,5,14,0.26666666666666666,680,369,1.8428184281842819,0
0.069574093662535,0.35267600417137146,0.5,0.0,1,6,3,10,0.4,583,440,1.325,0
0.03981688635449833,0.3061660826206207,0.0,0.0,1,6,0,1,0.13333333333333333,606,440,1.3772727272727272,0
0.07595745266828113,0.33332353830337524,0.6666666666666666,0.0,1,3,2,12,0.5333333333333333,1153,810,1.4234567901234567,0
0.04797647163552124,0.30335885286331177,0.3333333333333333,0.0,1,3,1,7,0.2,440,774,0.5684754521963824,0
0.07900980590324079,0.458629846572876,0.5555555555555556,0.0,1,18,10,25,0.5333333333333333,615,326,1.8865030674846626,0
0.05442846743914222,0.3921996057033539,0.0,0.0,1,1,0,0,0.3333333333333333,759,431,1.7610208816705337,0
0.05113287363100719,0.4528367519378662,0.13333333333333333,0.0,1,15,2,7,0.3333333333333333,674,380,1.7736842105263158,0
0.03141567851405053,0.31834420561790466,0.07142857142857142,0.0,1,14,1,2,0.2,309,611,0.5057283142389526,0
0.0522417388550931,0.2997770309448242,0.4,0.0,1,5,2,7,0.13333333333333333,194,578,0.3356401384083045,0
0.02519118612614859,0.4062758684158325,0.0,0.0,0,0,0,13,0.0,340,108,3.1481481481481484,0
0.06057286468108718,0.4205612540245056,1.0,0.0,1,1,1,2,0.4,742,431,1.7215777262180973,0
0.04463244043526178,0.2973316013813019,0.5,0.0,1,2,1,10,0.26666666666666666,583,559,1.042933810375671,0
0.03231524074200323,0.4297466278076172,0.0,0.0,0,0,0,1,0.2,521,82,6.353658536585366,0
0.057618669435113824,0.385354220867157,1.0,0.0,1,3,3,13,0.25,394,81,4.864197530864198,0
0.024116488783565145,0.3972361981868744,0.0,0.0,0,0,0,9,0.3,295,121,2.43801652892562,0
0.040650252714511406,0.31639429926872253,0.0,0.0,1,6,0,1,0.26666666666666666,521,571,0.9124343257443083,0
0.025451762159833344,0.2792247533798218,0.0,0.0,1,2,0,5,0.14285714285714285,570,158,3.607594936708861,0
0.05864826436035158,0.3545716404914856,0.16666666666666666,0.0,1,6,1,7,0.5333333333333333,674,319,2.1128526645768027,0
0.0223828149024128,0.37502166628837585,0.0,0.0,1,8,0,1,0.2,235,262,0.8969465648854962,0
0.013041949766102796,0.3260980546474457,0.0,0.0,0,0,0,0,0.0,1152,108,10.666666666666666,0
0.031067171151996892,0.3113570213317871,0.0,0.0,1,2,0,5,0.14285714285714285,608,158,3.848101265822785,0
0.008291044214002247,0.3077792227268219,0.0,0.0,1,2,0,2,0.25,256,73,3.506849315068493,0
0.035757813216650086,0.39602649211883545,0.0,0.0,0,0,0,2,0.375,527,101,5.217821782178218,0
0.036302792211577395,0.2730957865715027,0.0,0.0,1,4,0,7,0.4,674,216,3.1203703703703702,0
0.04123267468235521,0.4256523847579956,0.0,0.0,0,0,0,2,0.4,554,108,5.12962962962963,0
0.04027093381769718,0.34529855847358704,0.0,0.0,1,14,0,1,0.13333333333333333,1140,611,1.8657937806873977,0
0.04653097034121399,0.42098551988601685,0.5,0.0,1,2,1,7,0.2,644,311,2.0707395498392285,0
0.049880203181930864,0.3768654763698578,0.0,0.0,1,14,0,0,0.3333333333333333,790,611,1.292962356792144,0
0.025045819482797178,0.401923805475235,0.0,0.0,0,0,0,14,0.2,409,82,4.987804878048781,0
0.02713019793998997,0.36110180616378784,0.0,0.0,0,0,0,3,0.14285714285714285,315,108,2.9166666666666665,0
0.023257461441571047,0.4376910924911499,0.5,0.0,1,2,1,3,0.2857142857142857,315,158,1.9936708860759493,0
0.05705226232226607,0.3965480923652649,0.6666666666666666,0.0,1,6,4,16,0.4,218,369,0.5907859078590786,0
0.0369917862486039,0.3585960268974304,0.0,0.0,0,0,0,1,0.13333333333333333,578,258,2.24031007751938,0
0.012033845640012654,0.3633986711502075,0.0,0.0,1,1,0,1,0.14285714285714285,489,124,3.943548387096774,0
0.07317919540228307,0.36680492758750916,0.3333333333333333,0.0,1,6,2,11,0.4,1321,440,3.0022727272727274,0
0.07793202575901377,0.42175206542015076,1.0,0.0,1,1,1,7,0.8,644,475,1.3557894736842104,0
0.05954840673458894,0.49101415276527405,1.0,0.0,1,1,1,12,0.06666666666666667,1153,273,4.2234432234432235,0
0.04388976533762519,0.4179263114929199,0.75,0.0,1,8,6,20,0.2,619,193,3.2072538860103625,0
0.04851476279440944,0.28880706429481506,0.6,0.0,1,5,3,14,0.4,680,578,1.1764705882352942,0
0.04026946971142352,0.4294746518135071,0.0,0.0,0,0,0,0,0.13333333333333333,181,263,0.688212927756654,0
0.0489532576651668,0.443962961435318,0.0,0.0,1,1,0,0,0.6923076923076923,644,157,4.101910828025478,0
0.04257585757423371,0.43220892548561096,1.0,0.0,1,1,1,2,0.4666666666666667,742,156,4.756410256410256,0
0.03426995173841019,0.3817081153392792,0.0,0.0,0,0,0,9,0.4,777,121,6.421487603305785,0
0.05327640612641277,0.3502380847930908,0.0,0.0,1,2,0,3,0.2,268,476,0.5630252100840336,0
0.05999688216003477,0.42615586519241333,1.0,0.0,1,2,2,7,0.5,644,147,4.380952380952381,0
0.07852854743623851,0.4945225417613983,0.0,0.0,0,0,0,7,0.9333333333333333,1206,465,2.5935483870967744,0
0.04357972025559023,0.3880218267440796,0.0,0.0,0,0,0,6,0.4666666666666667,434,465,0.9333333333333333,0
0.03221316067543889,0.32813897728919983,0.0,0.0,0,0,0,13,0.25,276,101,2.732673267326733,0
0.027172581643416398,0.29237863421440125,0.0,0.0,1,4,0,0,0.36363636363636365,467,193,2.4196891191709846,0
0.06334902920213234,0.4833545684814453,0.5,0.0,1,14,7,20,0.5333333333333333,662,520,1.273076923076923,0
0.06007514970023917,0.3073478937149048,0.5,0.0,1,3,1,7,0.26666666666666666,536,1079,0.49675625579240035,0
0.043391479196441,0.3978801667690277,0.0,0.0,0,0,0,17,0.5,634,101,6.2772277227722775,0
0.05313861535413282,0.3691818118095398,0.3333333333333333,0.0,1,3,1,2,0.4444444444444444,527,194,2.716494845360825,0
0.08403530196103384,0.3624739646911621,0.6875,0.0,1,16,11,20,0.4666666666666667,619,1015,0.6098522167487684,0
0.06212354742376944,0.41452839970588684,1.0,0.0,1,1,1,1,0.5333333333333333,530,431,1.2296983758700697,0
0.03288379292730962,0.3466998040676117,0.0,0.0,0,0,0,10,0.5,805,101,7.97029702970297,0
0.01892400800775365,0.3715800344944,0.0,0.0,1,2,0,6,0.14285714285714285,430,158,2.721518987341772,0
0.04683664401381795,0.4349232614040375,0.07142857142857142,0.0,1,14,1,11,0.4,524,520,1.0076923076923077,0
0.048254493992633034,0.45891323685646057,1.0,0.0,1,1,1,1,0.4666666666666667,1657,270,6.137037037037037,0
0.04573664358193679,0.2867124676704407,0.0,0.0,1,3,0,2,0.2,527,700,0.7528571428571429,0
0.06662674207951096,0.3450106382369995,0.25,0.0,1,4,1,7,0.6666666666666666,674,317,2.1261829652996846,0
0.032648456011448064,0.33735191822052,1.0,0.0,1,2,2,10,0.4,781,559,1.3971377459749552,0
0.0619362403060772,0.3732891082763672,0.75,0.0,1,4,3,39,0.45454545454545453,2130,193,11.036269430051814,0
0.08313557313179361,0.40298256278038025,0.0,0.0,1,1,0,1,0.6,642,575,1.1165217391304347,0
0.029318680779292935,0.3953034281730652,0.125,0.0,1,8,1,2,0.2,527,193,2.7305699481865284,0
0.07260029180857852,0.3782833516597748,0.25,0.0,1,4,1,18,0.45454545454545453,748,193,3.8756476683937824,0
0.0713844361906254,0.3991240859031677,1.0,0.0,1,1,1,3,0.5333333333333333,565,330,1.7121212121212122,0
0.02116708537744592,0.3820969760417938,0.5,0.0,1,2,1,10,0.2857142857142857,781,158,4.943037974683544,0
0.04287473847977035,0.31995415687561035,1.0,0.0,1,2,2,7,0.3333333333333333,536,586,0.9146757679180887,0
0.053057945645120994,0.38043689727783203,1.0,0.0,1,2,2,11,0.25,663,73,9.082191780821917,0
0.046797939996457545,0.26183950901031494,0.3333333333333333,0.0,1,3,1,18,0.3333333333333333,929,438,2.1210045662100456,0
0.07353221083502552,0.41715455055236816,0.0,0.0,1,1,0,14,0.3333333333333333,409,300,1.3633333333333333,0
0.04067415185777382,0.34815508127212524,1.0,0.0,1,2,2,13,0.2,340,559,0.6082289803220036,0
0.06053511453113976,0.31282082200050354,0.0,0.0,0,0,0,3,0.26666666666666666,565,1038,0.5443159922928709,0
0.04998739588660451,0.2887827157974243,0.18181818181818182,0.0,1,11,2,7,0.3333333333333333,674,756,0.8915343915343915,0
0.04865831857941948,0.3095538318157196,0.0,0.0,1,4,0,7,0.3333333333333333,674,606,1.1122112211221122,0
0.019065311192502803,0.45036834478378296,0.0,0.0,0,0,0,7,0.14285714285714285,465,108,4.305555555555555,0
0.04885558573566896,0.2763270437717438,1.0,0.0,1,1,1,11,0.5,663,127,5.2204724409448815,0
0.025536958665206975,0.345615953207016,0.0,0.0,0,0,0,1,0.25,592,101,5.861386138613861,0
0.040288098114594995,0.3538847863674164,1.0,0.0,1,1,1,1,0.4,578,297,1.9461279461279462,0
0.02037633055999629,0.39347192645072937,0.5714285714285714,0.0,1,7,4,17,0.375,324,139,2.3309352517985613,0
0.07095283268837659,0.3949171304702759,0.0,0.0,1,1,0,0,0.5333333333333333,361,575,0.6278260869565218,0
0.02546165448746134,0.2865654230117798,0.3333333333333333,0.0,1,6,2,9,0.3333333333333333,295,571,0.5166374781085814,0
0.03585219552437556,0.33044445514678955,0.16666666666666666,0.0,1,6,1,17,0.3333333333333333,324,319,1.0156739811912225,0
0.04242490445151848,0.3474999666213989,0.0,0.0,1,6,0,3,0.13333333333333333,315,440,0.7159090909090909,0
0.023626369646920102,0.2392071634531021,0.0,0.0,1,3,0,11,0.3333333333333333,837,774,1.0813953488372092,0
0.07396129491299704,0.3487241864204407,0.5833333333333334,0.0,1,12,7,14,0.5333333333333333,680,532,1.2781954887218046,0
0.03491036434964343,0.26632776856422424,0.0,0.0,1,3,0,10,0.4,805,774,1.0400516795865633,0
0.0431377736403891,0.34780392050743103,0.5,0.0,1,2,1,7,0.26666666666666666,465,290,1.603448275862069,0
0.031165449442086136,0.38495388627052307,0.375,0.0,1,8,3,11,0.2,524,193,2.715025906735751,0
0.054142276453727475,0.44642385840415955,1.0,0.0,1,1,1,13,0.4,340,270,1.2592592592592593,0
0.06027547180869707,0.49283552169799805,1.0,0.0,1,1,1,32,0.5333333333333333,1931,270,7.151851851851852,0
0.04602308582620828,0.4021511971950531,0.0,0.0,0,0,0,13,0.2857142857142857,2230,108,20.64814814814815,0
0.06713953913889507,0.35864192247390747,0.23076923076923078,0.0,1,13,3,10,0.4,805,491,1.6395112016293278,0
0.028642771990723133,0.40655505657196045,0.0,0.0,0,0,0,5,0.0,760,42,18.095238095238095,1
0.04722735373702809,0.40575218200683594,0.125,0.0,1,8,1,9,0.13333333333333333,431,468,0.9209401709401709,1
0.05557138439918631,0.46332257986068726,0.06666666666666667,0.0,1,15,1,4,0.5333333333333333,668,382,1.7486910994764397,1
0.04887886575185819,0.3458153307437897,0.0,0.0,1,6,0,1,0.6,659,238,2.76890756302521,1
0.038915374142515786,0.447886198759079,1.0,0.0,1,1,1,1,0.6153846153846154,593,157,3.7770700636942673,1
0.04879222747917097,0.40260839462280273,0.5,0.0,1,12,6,25,0.35714285714285715,615,312,1.9711538461538463,1
0.023746092035143114,0.2650584280490875,0.0,0.0,1,1,0,4,0.2,282,127,2.220472440944882,1
0.029834777811037275,0.3767380118370056,1.0,0.0,1,2,2,5,0.3333333333333333,570,183,3.1147540983606556,1
0.009614901049813763,0.3253425657749176,0.0,0.0,1,2,0,1,0.25,517,73,7.082191780821918,1
0.07046849137414106,0.37599340081214905,0.0,0.0,0,0,0,14,0.4,409,246,1.6626016260162602,1
0.01065717149702363,0.3203674852848053,0.0,0.0,1,2,0,0,0.0,290,158,1.8354430379746836,1
0.04715751221381132,0.39785048365592957,0.0,0.0,1,1,0,0,0.4666666666666667,1152,519,2.2196531791907512,1
0.057354897835978455,0.4160877466201782,1.0,0.0,1,1,1,1,0.4,553,336,1.6458333333333333,1
0.027691157059032016,0.3359799087047577,0.0,0.0,0,0,0,3,0.5,270,91,2.967032967032967,1
0.053837929390004834,0.45332321524620056,0.0,0.0,0,0,0,2,0.4666666666666667,954,378,2.5238095238095237,1
0.04173907884086844,0.32818421721458435,1.0,0.0,1,2,2,10,0.4,781,586,1.3327645051194539,1
0.052789042622107686,0.3506270945072174,0.0,0.0,1,6,0,7,0.4666666666666667,186,369,0.5040650406504065,1
0.05392064802679096,0.41749146580696106,0.0,0.0,0,0,0,2,0.3333333333333333,619,456,1.3574561403508771,1
0.0698670239962245,0.4155798554420471,1.0,0.0,1,1,1,2,0.4666666666666667,1090,681,1.6005873715124816,1
0.01861316254922219,0.34468403458595276,0.0,0.0,1,2,0,1,0.25,1644,73,22.52054794520548,1
0.04813150748871465,0.3666428029537201,0.0,0.0,1,2,0,1,0.4666666666666667,1011,290,3.486206896551724,1
0.02923917238848387,0.5216270685195923,0.0,0.0,0,0,0,13,0.0,899,24,37.458333333333336,1
0.048277953932896495,0.2692786157131195,0.0,0.0,1,3,0,11,0.3333333333333333,602,774,0.7777777777777778,1
0.01822479986060714,0.499724417924881,0.0,0.0,0,0,0,0,0.0,1152,24,48.0,1
0.016218267147713454,0.4415881633758545,1.0,0.0,1,1,1,18,0.0,748,36,20.77777777777778,1
0.0515546808297888,0.38275033235549927,0.0,0.0,0,0,0,0,0.5333333333333333,870,328,2.652439024390244,1
0.043164219130262214,0.40645676851272583,0.125,0.0,1,8,1,10,0.3,647,193,3.3523316062176165,1
0.025935082451749625,0.26940569281578064,0.0,0.0,0,0,0,39,0.5,2130,172,12.383720930232558,1
0.08168435069910158,0.4841461479663849,0.3333333333333333,0.0,1,15,5,9,0.6666666666666666,816,382,2.136125654450262,1
0.057333206912607154,0.3618085980415344,0.0,0.0,1,4,0,8,0.4,837,606,1.381188118811881,1
0.011521300698581104,0.5403597950935364,0.0,0.0,0,0,0,1,0.0,590,11,53.63636363636363,1
0.05242689477259307,0.3721940219402313,0.125,0.0,1,8,1,2,0.5333333333333333,527,316,1.6677215189873418,1
0.04279955035212905,0.3047240376472473,0.0,0.0,1,3,0,12,0.13333333333333333,399,700,0.57,1
0.07459547039208521,0.43771839141845703,0.2631578947368421,0.0,1,19,5,15,0.6666666666666666,1104,382,2.8900523560209423,1
0.035049098646177744,0.47892293334007263,0.0,0.0,0,0,0,0,0.375,644,110,5.8545454545454545,1
0.057658897587452365,0.3971841633319855,0.5,0.0,1,4,2,2,0.4666666666666667,554,508,1.0905511811023623,1
0.06598022169930598,0.3987855911254883,0.1111111111111111,0.0,1,18,2,6,0.5333333333333333,610,326,1.8711656441717792,1
0.057152130006425744,0.317987859249115,0.0,0.0,1,1,0,2,0.4,954,438,2.1780821917808217,1
0.028776093438244645,0.33889102935791016,0.0,0.0,0,0,0,1,0.26666666666666666,381,231,1.6493506493506493,1
0.035845811399566226,0.46306702494621277,0.0,0.0,1,1,0,3,0.25,613,113,5.424778761061947,1
0.025991119501351242,0.3623388707637787,0.0,0.0,1,2,0,3,0.2727272727272727,268,171,1.567251461988304,1
0.033995731460004446,0.3067571520805359,1.0,0.0,1,1,1,12,0.4,864,127,6.803149606299213,1
0.044250352397998086,0.29559531807899475,0.3333333333333333,0.0,1,6,2,8,0.3333333333333333,875,571,1.5323992994746058,1
0.03322267090769538,0.3634644150733948,0.16666666666666666,0.0,1,6,1,8,0.2,597,369,1.6178861788617886,1
0.05634064070413066,0.42302313446998596,0.125,0.0,1,8,1,2,0.4,554,497,1.1146881287726358,1
0.05693161442161423,0.3534126281738281,0.0,0.0,1,1,0,0,0.4,358,301,1.1893687707641196,1
0.013460306482817761,0.3484310209751129,0.0,0.0,0,0,0,9,0.0,476,82,5.804878048780488,1
0.05898560639388859,0.33601289987564087,0.25,0.0,1,16,4,9,0.4,644,1015,0.6344827586206897,1
0.05519912099943696,0.3405391573905945,0.0,0.0,1,3,0,1,0.3333333333333333,542,810,0.6691358024691358,1
0.046263262204854605,0.4753324091434479,0.0,0.0,1,1,0,0,0.42857142857142855,1152,121,9.520661157024794,1
0.0606627827157466,0.35595494508743286,0.375,0.0,1,8,3,17,0.4,352,316,1.1139240506329113,1
0.013891415959713044,0.3178651034832001,0.1111111111111111,0.0,1,9,1,7,0.0,194,553,0.3508137432188065,1
0.04293440261767293,0.467378705739975,0.0,0.0,0,0,0,2,0.5,238,91,2.6153846153846154,1
0.052677213142530044,0.24828863143920898,0.16666666666666666,0.0,1,6,1,10,0.4,805,877,0.9179019384264538,1
0.04570590486214566,0.5173748731613159,0.0,0.0,0,0,0,13,0.4,899,108,8.324074074074074,1
0.03790358644305208,0.31690603494644165,0.4,0.0,1,5,2,20,0.4,662,492,1.3455284552845528,1
0.019978916026377063,0.32456862926483154,0.0,0.0,1,2,0,4,0.5,537,73,7.3561643835616435,1
0.030430717381811755,0.3789423704147339,0.0,0.0,0,0,0,0,0.26666666666666666,638,311,2.0514469453376205,1
0.06276007691649449,0.3583000898361206,0.0,0.0,0,0,0,0,0.4,1152,1008,1.1428571428571428,1
0.025515321424731483,0.35156846046447754,0.0,0.0,0,0,0,9,0.4,609,328,1.8567073170731707,1
0.016936893349350463,0.3583051264286041,0.0,0.0,1,2,0,1,0.25,295,73,4.041095890410959,1
0.02584849025105847,0.3623051047325134,0.0,0.0,0,0,0,2,0.16666666666666666,703,172,4.087209302325581,1
0.03552188714486132,0.4088422656059265,0.0,0.0,0,0,0,10,0.5,583,108,5.398148148148148,1
0.043622276394227985,0.3460511863231659,0.0,0.0,1,6,0,1,0.5333333333333333,501,279,1.7956989247311828,1
0.08215340294706011,0.43434280157089233,0.0,0.0,0,0,0,7,0.5333333333333333,644,393,1.638676844783715,1
0.0677592600631127,0.469680517911911,0.3333333333333333,0.0,1,3,1,5,0.4666666666666667,608,333,1.8258258258258258,1
0.010541492778961938,0.4031599164009094,0.0,0.0,1,8,0,1,0.1,519,193,2.6891191709844557,1
0.05772723380937119,0.34998637437820435,0.08333333333333333,0.0,1,12,1,7,0.2857142857142857,194,312,0.6217948717948718,1
0.027453090308515744,0.2973227798938751,1.0,0.0,1,2,2,5,0.0,570,586,0.9726962457337884,1
0.07108638992847183,0.4320163130760193,1.0,0.0,1,1,1,2,0.5333333333333333,1304,681,1.9148311306901615,1
0.018058100692531984,0.3823922872543335,0.0,0.0,0,0,0,5,0.0,741,42,17.642857142857142,1
0.041685920863794496,0.33958953619003296,0.2631578947368421,0.0,1,19,5,13,0.3333333333333333,276,382,0.7225130890052356,1
0.050024631035775084,0.40339553356170654,0.0,0.0,1,1,0,1,0.4,333,431,0.7726218097447796,1
0.0492801447271567,0.41424331068992615,0.16666666666666666,0.0,1,12,2,18,0.42857142857142855,535,312,1.7147435897435896,1
0.05042258090846503,0.3106648921966553,0.0,0.0,0,0,0,2,0.26666666666666666,809,1008,0.8025793650793651,1
0.06126564722565706,0.4721600115299225,0.6666666666666666,0.0,1,6,4,35,0.3333333333333333,1940,278,6.9784172661870505,1
0.03757206020233292,0.28758150339126587,0.6666666666666666,0.0,1,3,2,9,0.4,777,438,1.773972602739726,1
0.08148151983082386,0.34575125575065613,1.0,0.0,1,1,1,11,0.6,1321,728,1.8145604395604396,1
0.02465698304668621,0.4191312789916992,0.0,0.0,0,0,0,11,0.0,1144,42,27.238095238095237,1
0.05766562300680428,0.4825763404369354,0.3333333333333333,0.0,1,6,2,10,0.4666666666666667,583,278,2.097122302158273,1
0.021387287559201305,0.21745674312114716,0.0,0.0,1,6,0,16,0.13333333333333333,218,636,0.34276729559748426,1
0.06325869249734159,0.3679840862751007,0.3333333333333333,0.0,1,3,1,2,0.26666666666666666,1048,810,1.2938271604938272,1
0.1105814217595134,0.4310881197452545,0.47368421052631576,0.0,1,19,9,19,0.8,813,382,2.1282722513089007,1
0.0593048121701105,0.40057817101478577,0.0,0.0,1,1,0,0,0.4666666666666667,582,336,1.7321428571428572,1
0.05760906812330874,0.2968404293060303,0.0,0.0,1,3,0,0,0.4,775,810,0.9567901234567902,1
0.03739662389541899,0.4290890097618103,0.25,0.0,1,8,2,8,0.2,597,193,3.093264248704663,1
0.050351154152689634,0.3521471917629242,0.3,0.0,1,10,3,18,0.5333333333333333,929,717,1.295676429567643,1
0.06346155729767576,0.4418191611766815,0.13333333333333333,0.0,1,15,2,12,0.7333333333333333,706,382,1.8481675392670156,1
0.04925826804887125,0.3594990372657776,1.0,0.0,1,2,2,13,0.4,899,559,1.6082289803220036,1
0.04429488338711274,0.2985035479068756,1.0,0.0,1,1,1,1,0.26666666666666666,358,521,0.6871401151631478,1
0.06320846993671861,0.4924648404121399,0.13333333333333333,0.0,1,15,2,7,0.4,1006,382,2.6335078534031413,1
0.0578406742587681,0.3528600335121155,0.0,0.0,1,3,0,9,0.2,431,700,0.6157142857142858,1
0.06494242715994024,0.3444860875606537,0.18181818181818182,0.0,1,11,2,3,0.4,276,351,0.7863247863247863,1
0.024654791911285518,0.5052604675292969,0.0,0.0,0,0,0,1,0.14285714285714285,180,85,2.1176470588235294,1
0.016481112028781764,0.3952799141407013,0.0,0.0,1,1,0,0,0.5,1152,34,33.88235294117647,1
0.0464073243482305,0.30017632246017456,0.0,0.0,1,7,0,1,0.26666666666666666,659,1038,0.6348747591522158,1
0.05994911838305825,0.41797780990600586,0.5,0.0,1,8,4,25,0.4,615,468,1.314102564102564,1
0.046633369649667876,0.2922637164592743,0.3333333333333333,0.0,1,3,1,11,0.4,1003,438,2.2899543378995433,1
0.03651041563218712,0.2664736807346344,0.0,0.0,1,3,0,1,0.4,592,438,1.3515981735159817,1
0.0404430393854528,0.3589920103549957,0.5,0.0,1,2,1,5,0.3333333333333333,608,311,1.954983922829582,1
0.029546318230492856,0.3222711980342865,0.3333333333333333,0.0,1,6,2,11,0.4666666666666667,837,369,2.268292682926829,1
0.05248818619157336,0.4252185821533203,1.0,0.0,1,1,1,1,0.4,553,301,1.8372093023255813,1
0.04439250447352807,0.4315246343612671,0.0,0.0,1,1,0,1,0.25,530,113,4.6902654867256635,1
0.023317684003602533,0.41093093156814575,0.0,0.0,1,1,0,1,0.0,620,113,5.486725663716814,1
0.04682033865976322,0.3688608407974243,0.4,0.0,1,5,2,21,0.4,443,492,0.9004065040650406,1
0.05374420643652644,0.4284785985946655,0.0,0.0,1,1,0,0,0.26666666666666666,579,336,1.7232142857142858,1
0.04172949116321581,0.39942049980163574,0.0,0.0,0,0,0,0,0.26666666666666666,518,552,0.9384057971014492,1
0.01963967010133665,0.25451070070266724,0.6666666666666666,0.0,1,3,2,3,0.2,268,438,0.6118721461187214,1
0.0345684987879514,0.35970261693000793,0.0,0.0,0,0,0,6,0.5,698,172,4.058139534883721,1
0.0787455105742015,0.5062451362609863,1.0,0.0,1,1,1,3,0.7333333333333333,584,156,3.7435897435897436,1
0.07511956391410515,0.3904956579208374,0.5,0.5,1,2,1,8,0.3333333333333333,736,476,1.546218487394958,1
0.054855320020180606,0.4292663633823395,0.0,0.0,0,0,0,12,0.4,565,121,4.669421487603306,1
0.03812869500310887,0.3888852894306183,0.4444444444444444,0.0,1,9,4,25,0.26666666666666666,615,553,1.1121157323688968,1
0.05429881660273544,0.44973328709602356,0.13333333333333333,0.0,1,15,2,7,0.3333333333333333,502,380,1.3210526315789475,1
0.03906963605587524,0.2886694073677063,0.0,0.0,0,0,0,14,0.4,680,349,1.9484240687679084,1
0.029687238113588674,0.3406425714492798,0.3333333333333333,0.0,1,9,3,21,0.0,443,553,0.8010849909584087,1
0.04773330898266434,0.3918518126010895,0.5,0.0,1,6,3,25,0.3333333333333333,615,279,2.204301075268817,1
0.053272977946578384,0.3730142414569855,1.0,0.0,1,1,1,2,0.3333333333333333,657,810,0.8111111111111111,1
0.006358278866891328,0.5682872533798218,0.0,0.0,0,0,0,2,0.0,954,11,86.72727272727273,1
0.043715696578688096,0.3258703649044037,0.0,0.0,1,2,0,1,0.3333333333333333,680,290,2.3448275862068964,1
0.027966284726987985,0.31531184911727905,0.0,0.0,0,0,0,3,0.13333333333333333,270,328,0.823170731707317,1
0.034756006865769094,0.3328337073326111,0.0,0.0,1,6,0,1,0.4,969,571,1.6970227670753064,1
0.05826817877279107,0.3563474118709564,0.25,0.0,1,4,1,4,0.4,618,599,1.0317195325542572,1
0.027870208548939315,0.43013817071914673,0.0,0.0,1,1,0,0,0.25,614,113,5.433628318584071,1
0.08021474156025525,0.5055562257766724,0.3333333333333333,0.0,1,15,5,18,0.6,473,382,1.2382198952879582,1
0.024748482118238446,0.45134446024894714,0.0,0.0,0,0,0,5,0.4,1073,32,33.53125,1
0.034230064673772015,0.3484608232975006,0.5,0.0,1,2,1,1,0.2,684,559,1.223613595706619,1
0.017853048921668408,0.35529908537864685,0.0,0.0,1,8,0,1,0.2,521,193,2.699481865284974,1
0.05721455057379225,0.36054375767707825,0.0,0.0,0,0,0,0,0.4,603,549,1.098360655737705,1
0.05467266901462673,0.33831986784935,1.0,0.0,1,1,1,5,0.8,953,127,7.503937007874016,1
0.03699079276089217,0.3337215185165405,0.0,0.0,0,0,0,9,0.2,609,311,1.9581993569131833,1
0.07122715479697643,0.4703131318092346,0.0,0.0,1,3,0,1,0.7333333333333333,772,582,1.3264604810996563,1
0.06870779645549083,0.3983292877674103,1.0,0.0,1,1,1,1,0.26666666666666666,315,810,0.3888888888888889,1
0.0646460401331419,0.3957800567150116,0.0,0.0,1,1,0,1,0.4666666666666667,718,300,2.3933333333333335,1
0.08807821735720878,0.5243273973464966,0.0,0.0,0,0,0,2,0.5714285714285714,347,85,4.08235294117647,1
0.10883128813063354,0.5264305472373962,0.6666666666666666,0.0,1,3,2,5,0.7333333333333333,953,582,1.6374570446735395,1
0.05829607030237736,0.4517449140548706,0.5,0.0,1,6,3,13,0.4666666666666667,899,278,3.2338129496402876,1
0.028238847070325694,0.27161547541618347,0.0,0.0,1,3,0,5,0.2,614,774,0.7932816537467701,1
0.03386846554828747,0.32312139868736267,0.0,0.0,1,4,0,1,0.13333333333333333,287,456,0.6293859649122807,1
0.06797375162106557,0.46921083331108093,1.0,0.0,1,1,1,2,0.4,830,431,1.925754060324826,1
0.05652603994683015,0.4233996570110321,1.0,0.0,1,2,2,12,0.2,1153,311,3.707395498392283,1
0.012054820483074168,0.2868862450122833,0.0,0.0,1,1,0,1,0.06666666666666667,177,273,0.6483516483516484,1
0.08636793346263348,0.3760189712047577,0.8,0.0,1,5,4,13,0.6666666666666666,899,395,2.2759493670886077,1
0.04058298534235188,0.33969250321388245,0.0,0.0,1,2,0,1,0.5333333333333333,698,290,2.406896551724138,1
0.041737679221666865,0.40256795287132263,0.0,0.0,1,1,0,0,0.26666666666666666,603,336,1.7946428571428572,1
0.03171843106955002,0.41123661398887634,0.0,0.0,0,0,0,21,0.2,990,82,12.073170731707316,1
0.05653463427172395,0.4765718877315521,0.0,0.0,0,0,0,2,0.3333333333333333,1058,378,2.798941798941799,1
0.05341449167786163,0.3250381350517273,0.5,0.0,1,6,3,10,0.4666666666666667,647,571,1.1330998248686515,1
0.06591412047383552,0.41745463013648987,1.0,0.0,1,1,1,1,0.4666666666666667,766,810,0.945679012345679,1
0.028915625223183757,0.4864095151424408,0.0,0.0,0,0,0,2,0.0,1058,51,20.745098039215687,1
0.07444227819635536,0.5094980001449585,0.0,0.0,0,0,0,0,0.7142857142857143,591,85,6.952941176470588,1
0.025829894609750027,0.3658219873905182,0.0,0.0,0,0,0,7,0.0,194,46,4.217391304347826,1
0.03616089650420315,0.2752237915992737,1.0,0.0,1,2,2,39,0.26666666666666666,2130,586,3.63481228668942,1
0.05254084527028889,0.354504257440567,1.0,0.0,1,2,2,10,0.4666666666666667,828,559,1.481216457960644,1
0.02876582727275038,0.34447115659713745,0.0,0.0,1,8,0,2,0.26666666666666666,641,262,2.446564885496183,1
0.03117315523003454,0.395175963640213,0.0,0.0,1,1,0,8,0.5714285714285714,937,124,7.556451612903226,1
0.03768362798929487,0.27255722880363464,0.16666666666666666,0.0,1,6,1,20,0.06666666666666667,619,877,0.7058152793614595,1
0.01250308744167749,0.4120638370513916,0.0,0.0,0,0,0,8,0.0,443,46,9.630434782608695,1
0.0619284792214972,0.34897270798683167,0.3333333333333333,0.0,1,6,2,11,0.4,2164,571,3.7898423817863396,1
0.05546280681008642,0.4068484306335449,1.0,0.0,1,1,1,1,0.3333333333333333,728,681,1.0690161527165933,1
0.04000402389043913,0.45971617102622986,0.0,0.0,0,0,0,0,0.5,521,110,4.736363636363636,1
0.09537031926829634,0.42505010962486267,0.0,0.0,0,0,0,1,0.5333333333333333,590,549,1.0746812386156648,1
0.035041694175549414,0.3984600901603699,0.0,0.0,0,0,0,0,0.4,755,263,2.870722433460076,1
0.03397220853509817,0.2883509695529938,0.6666666666666666,0.0,1,3,2,21,0.2,443,438,1.0114155251141552,1
0.01811783015706152,0.3504214286804199,0.0,0.0,1,6,0,1,0.2,659,278,2.370503597122302,1
0.049559245521779705,0.340931236743927,0.125,0.0,1,8,1,14,0.4,680,468,1.452991452991453,1
0.05285033288133724,0.36182668805122375,0.25,0.0,1,12,3,20,0.35714285714285715,619,312,1.983974358974359,1
0.044368393291468224,0.323222815990448,0.0,0.0,1,1,0,0,0.26666666666666666,579,521,1.111324376199616,1
0.08717758952521595,0.4022684693336487,1.0,0.0,1,1,1,2,0.6,608,810,0.7506172839506173,1
0.04905920165590795,0.3500787615776062,0.0,0.0,0,0,0,1,0.4,585,214,2.7336448598130842,1
0.0954375154919377,0.466153085231781,1.0,0.0,1,1,1,15,0.8,1104,428,2.5794392523364484,1
0.055600536419167616,0.502013623714447,1.0,0.0,1,2,2,6,0.5,430,147,2.925170068027211,1
0.01185542612878733,0.5053452849388123,0.0,0.0,0,0,0,1,0.0,358,11,32.54545454545455,1
0.053890189984441846,0.325675368309021,0.1111111111111111,0.0,1,18,2,2,0.26666666666666666,527,852,0.6185446009389671,1
0.04958992016582188,0.3939003050327301,0.0,0.0,0,0,0,9,0.4,431,246,1.7520325203252032,1
0.0515577425729758,0.35331544280052185,0.0,0.0,1,3,0,18,0.2,535,700,0.7642857142857142,1
0.030694100333803157,0.30384209752082825,0.2222222222222222,0.0,1,9,2,15,0.2,1104,553,1.996383363471971,1
0.053574796313493885,0.5151750445365906,1.0,0.0,1,1,1,2,0.5,1058,216,4.898148148148148,1
0.03202807859842754,0.35731714963912964,0.375,0.0,1,8,3,17,0.3,433,193,2.243523316062176,1
0.05237803939856226,0.3832066059112549,0.0,0.0,1,1,0,0,0.26666666666666666,603,301,2.0033222591362128,1
0.008253637215401035,0.5366146564483643,0.0,0.0,0,0,0,1,0.0,489,24,20.375,1
0.06156148167763871,0.3499889075756073,0.2,0.0,1,5,1,3,0.3333333333333333,315,395,0.7974683544303798,1
0.021521530671071477,0.32977136969566345,0.0,0.0,1,2,0,1,0.26666666666666666,295,290,1.0172413793103448,1
0.051377250573107144,0.346733033657074,0.3333333333333333,0.0,1,6,2,21,0.4666666666666667,443,279,1.5878136200716846,1
0.016424476775192747,0.47357115149497986,0.0,0.0,0,0,0,1,0.0,620,42,14.761904761904763,1
0.0435648893913641,0.35638129711151123,0.3333333333333333,0.0,1,3,1,18,0.2857142857142857,535,269,1.9888475836431228,1
0.053906089126304374,0.37869125604629517,0.0,0.0,1,8,0,7,0.4666666666666667,1246,468,2.6623931623931623,1
0.041747260240061895,0.36493125557899475,0.5,0.0,1,2,1,11,0.4,524,575,0.9113043478260869,1
0.04266620158720182,0.4631655216217041,1.0,0.0,1,1,1,3,0.2857142857142857,315,121,2.603305785123967,1
0.08672964792445481,0.4618558883666992,0.2727272727272727,0.0,1,11,3,10,0.5333333333333333,583,351,1.660968660968661,1
0.06426961714524816,0.3682079315185547,1.0,0.0,1,1,1,13,0.6666666666666666,899,475,1.8926315789473684,1
0.030597549739778695,0.25730857253074646,0.3333333333333333,0.0,1,3,1,12,0.4666666666666667,713,774,0.9211886304909561,1
0.029806530566634317,0.3034234344959259,1.0,0.0,1,2,2,2,0.375,809,147,5.503401360544218,1
0.05818000375318513,0.4445923864841461,0.3333333333333333,0.0,1,6,2,18,0.4666666666666667,535,279,1.917562724014337,1
0.04239347866432225,0.4434560239315033,1.0,0.0,1,1,1,3,0.2,486,431,1.1276102088167053,1
0.037101988253186155,0.2933964133262634,0.0,0.0,1,3,0,20,0.13333333333333333,662,700,0.9457142857142857,1
0.05831763200435115,0.3726574778556824,1.0,0.0,1,1,1,1,0.4,576,336,1.7142857142857142,1
0.06852131167159169,0.38940173387527466,0.0,0.0,0,0,0,0,0.5333333333333333,589,574,1.0261324041811846,1
0.048315217847465876,0.34365764260292053,1.0,0.0,1,1,1,1,0.5,576,121,4.760330578512397,1
0.04210077759671154,0.3686780035495758,0.5,0.0,1,2,1,9,0.2727272727272727,295,171,1.7251461988304093,1
0.051784065640687126,0.3279567062854767,1.0,0.0,1,2,2,2,0.3333333333333333,688,586,1.174061433447099,1
0.07375276814720974,0.4605443477630615,0.2631578947368421,0.0,1,19,5,18,0.6666666666666666,1533,382,4.013089005235602,1
0.03166565497843822,0.34006214141845703,0.3333333333333333,0.0,1,9,3,4,0.26666666666666666,618,553,1.1175406871609403,1
0.04206547984999426,0.38129356503486633,1.0,0.0,1,1,1,3,0.4666666666666667,315,475,0.6631578947368421,1
0.08080189178376561,0.4331133961677551,0.125,0.0,1,8,1,18,0.4,1533,468,3.2756410256410255,1
0.035453609678011276,0.32018348574638367,0.0,0.0,1,1,0,1,0.13333333333333333,154,810,0.19012345679012346,1
0.029303133970879015,0.4083949625492096,0.0,0.0,1,6,0,2,0.06666666666666667,245,278,0.8812949640287769,1
0.042290394552054085,0.4034716486930847,0.0,0.0,0,0,0,0,0.4,596,456,1.3070175438596492,1
0.03892662965057232,0.40749475359916687,0.0,0.0,1,4,0,4,0.5,618,96,6.4375,1
0.01576323802047353,0.3351328372955322,0.0,0.0,1,1,0,1,0.2857142857142857,1140,124,9.193548387096774,1
0.05638966001756169,0.4896690547466278,0.0,0.0,0,0,0,1,0.4666666666666667,578,220,2.6272727272727274,1
0.021023483548646024,0.3381063938140869,0.0,0.0,0,0,0,2,0.13333333333333333,1090,328,3.323170731707317,1
0.03706978430985352,0.3053799867630005,0.4,0.0,1,5,2,14,0.3333333333333333,680,492,1.3821138211382114,1
0.10296619164090029,0.4822703003883362,1.0,0.0,1,1,1,2,0.6666666666666666,576,156,3.6923076923076925,1
0.07157218885300465,0.46981081366539,1.0,0.0,1,1,1,3,0.5333333333333333,486,810,0.6,1
0.05979111693185082,0.5183197259902954,0.0,0.0,1,1,0,0,0.6666666666666666,579,342,1.6929824561403508,1
0.04134731758594958,0.4711781144142151,0.0,0.0,1,1,0,0,0.3333333333333333,332,270,1.2296296296296296,1
0.06145277588405438,0.3776833415031433,1.0,0.0,1,2,2,13,0.4666666666666667,2230,559,3.9892665474060824,1
0.029147813880661434,0.4025859832763672,0.0,0.0,1,1,0,4,0.4,618,118,5.237288135593221,1
0.04852687733970473,0.3538866341114044,0.0,0.0,1,5,0,0,0.26666666666666666,1152,395,2.9164556962025316,1
0.05615212189205061,0.3748624324798584,1.0,0.0,1,1,1,2,0.6666666666666666,954,121,7.884297520661157,1
0.06523442474274217,0.42440858483314514,0.5,0.0,1,8,4,13,0.5333333333333333,899,262,3.431297709923664,1
0.05486312799173284,0.3478899598121643,0.0,0.0,1,3,0,0,0.26666666666666666,614,810,0.7580246913580246,1
0.050311932548619875,0.42403411865234375,0.0,0.0,1,2,0,8,0.5,639,73,8.753424657534246,1
0.03177124571874085,0.36137017607688904,0.0,0.0,0,0,0,4,0.3333333333333333,618,349,1.7707736389684814,1
0.012484128349020674,0.41654539108276367,0.0,0.0,0,0,0,20,0.0,640,46,13.91304347826087,1
0.07759733717116796,0.4780622124671936,0.0,0.0,0,0,0,0,0.6,582,376,1.547872340425532,1
0.11077571853148949,0.48660311102867126,0.8,0.0,1,15,12,36,0.8,714,382,1.869109947643979,1
0.04318305171985486,0.3906562030315399,0.5,0.0,1,8,4,16,0.5333333333333333,218,661,0.329803328290469,1
0.08070776544133516,0.36064496636390686,1.0,0.0,1,1,1,1,0.4,874,301,2.903654485049834,1
0.07200588435283331,0.3727395832538605,1.0,0.0,1,1,1,6,0.26666666666666666,434,519,0.8362235067437379,1
0.02533894582950105,0.2449030578136444,0.0,0.0,1,6,0,3,0.06666666666666667,268,636,0.42138364779874216,1
0.06600290635446196,0.3346748352050781,0.3333333333333333,0.0,1,3,1,1,0.3333333333333333,407,810,0.5024691358024691,1
0.10888191137342287,0.459820032119751,1.0,0.0,1,1,1,2,0.6666666666666666,783,342,2.289473684210526,1
0.041488930348339996,0.32424792647361755,0.5,0.0,1,2,1,3,0.2,465,586,0.7935153583617748,1
0.04308961798658937,0.3035867214202881,0.3333333333333333,0.0,1,6,2,6,0.26666666666666666,610,571,1.0683012259194395,1
0.043677078234587524,0.4388482868671417,0.0,0.0,1,1,0,0,0.5,1591,134,11.873134328358208,1
0.032244760885791236,0.32131972908973694,0.0,0.0,0,0,0,5,0.3333333333333333,182,172,1.058139534883721,1
0.020611777355613932,0.3761207163333893,0.2857142857142857,0.0,1,7,2,9,0.375,295,139,2.1223021582733814,1
0.053966873206570266,0.3764652907848358,0.0,0.0,1,1,0,4,0.3333333333333333,668,300,2.2266666666666666,1
0.02844632924398411,0.2600541114807129,0.0,0.0,1,1,0,5,0.13333333333333333,570,475,1.2,1
0.05471457630264071,0.46945133805274963,0.0,0.0,0,0,0,1,0.5555555555555556,578,162,3.567901234567901,1
0.03652541649933011,0.2574175298213959,0.5,0.0,1,2,1,10,0.13333333333333333,583,586,0.9948805460750854,1
0.03718757376566308,0.40816444158554077,0.0,0.0,0,0,0,11,0.2,663,108,6.138888888888889,1
0.0492643542333803,0.4490513801574707,1.0,0.0,1,1,1,1,0.5,578,98,5.8979591836734695,1
0.0345958121528336,0.35721784830093384,0.0,0.0,1,1,0,1,0.5,1068,113,9.451327433628318,1
0.03160582635573841,0.32965752482414246,0.0,0.0,1,5,0,1,0.13333333333333333,641,578,1.1089965397923875,1
0.03588216499597143,0.3425726890563965,0.0,0.0,1,2,0,1,0.4,1657,290,5.713793103448276,1
0.04046331399241919,0.2699800133705139,0.0,0.0,1,10,0,2,0.13333333333333333,527,748,0.7045454545454546,1
0.04786396469179296,0.5224197506904602,0.75,0.0,1,4,3,9,0.5,295,96,3.0729166666666665,1
0.0441376795160054,0.4155787527561188,0.0,0.0,1,2,0,1,0.3333333333333333,255,311,0.819935691318328,1
0.02273832154829359,0.36289694905281067,0.0,0.0,0,0,0,5,0.375,614,101,6.079207920792079,1
0.048467097086650465,0.44501447677612305,0.42857142857142855,0.0,1,7,3,25,0.625,615,139,4.424460431654676,1
0.0329959647637658,0.35742923617362976,0.6666666666666666,0.0,1,3,2,5,0.13333333333333333,570,582,0.979381443298969,1
0.08564590083689815,0.39445754885673523,1.0,0.0,1,1,1,2,0.5333333333333333,654,575,1.137391304347826,1
0.04987378318252938,0.4274733066558838,1.0,0.0,1,1,1,2,0.4,608,342,1.7777777777777777,1
0.018990326593576405,0.36905068159103394,0.0,0.0,0,0,0,2,0.2,245,32,7.65625,1
0.036780392549440544,0.26368799805641174,0.0,0.0,1,3,0,4,0.2,608,774,0.7855297157622739,1
0.04024804364395365,0.3078496754169464,0.0,0.0,0,0,0,8,0.4,443,349,1.2693409742120343,1
0.061210226990896316,0.3679885268211365,0.8333333333333334,0.0,1,6,5,14,0.6,680,387,1.7571059431524547,1
0.05193279390309933,0.33621835708618164,0.0,0.0,1,3,0,14,0.26666666666666666,409,700,0.5842857142857143,1
0.03570364501958475,0.3384186923503876,0.0,0.0,1,4,0,0,0.5454545454545454,332,193,1.7202072538860103,1
0.04596397034049109,0.39336642622947693,0.0,0.0,0,0,0,18,0.13333333333333333,604,246,2.4552845528455283,1
0.07752447708876807,0.38505151867866516,0.5,0.5,1,2,1,7,0.4666666666666667,440,476,0.9243697478991597,1
0.03316409080836264,0.401841938495636,0.0,0.0,1,1,0,0,0.13333333333333333,198,431,0.4593967517401392,1
0.02947035869913148,0.45362091064453125,1.0,0.0,1,1,1,10,0.2857142857142857,828,124,6.67741935483871,1
0.04128881383603245,0.28381216526031494,0.0,0.0,0,0,0,0,0.26666666666666666,541,214,2.52803738317757,1
0.03706117156160003,0.4486725926399231,0.0,0.0,0,0,0,2,0.3333333333333333,608,145,4.1931034482758625,1
0.07593606784764262,0.4098411500453949,0.0,0.0,0,0,0,1,0.8,642,549,1.169398907103825,1
0.0626140942003037,0.4262928068637848,1.0,0.0,1,1,1,2,0.6666666666666666,1058,121,8.743801652892563,1
0.0670754935107739,0.4118732511997223,0.3333333333333333,0.0,1,6,2,8,0.4666666666666667,443,387,1.144702842377261,1
0.014272609758854922,0.4455779790878296,0.0,0.0,0,0,0,2,0.0,608,11,55.27272727272727,1
0.0522522803902346,0.31346210837364197,0.0,0.0,1,4,0,18,0.5333333333333333,929,606,1.533003300330033,1
0.04671578570583651,0.30397331714630127,0.3,0.0,1,10,3,18,0.2,1533,986,1.554766734279919,1
0.01969548965350909,0.3537840247154236,0.0,0.0,1,1,0,0,0.5,490,34,14.411764705882353,1
0.09208641457720415,0.34684935212135315,0.4375,0.0,1,16,7,21,0.7333333333333333,990,1015,0.9753694581280788,1
0.0325292861777264,0.45605066418647766,0.0,0.0,1,5,0,7,0.42857142857142855,536,165,3.2484848484848485,1
0.04533115345969021,0.34942173957824707,0.0,0.0,0,0,0,0,0.4,759,258,2.941860465116279,1
0.047176719274263305,0.3379760980606079,0.0,0.0,1,3,0,12,0.4666666666666667,1131,774,1.4612403100775193,1
0.023789761750043926,0.3146030604839325,0.4,0.0,1,5,2,16,0.26666666666666666,218,492,0.44308943089430897,1
0.013847839467619751,0.1844083070755005,0.0,0.0,0,0,0,9,0.0,295,263,1.1216730038022813,1
0.05160383139881877,0.36249783635139465,0.5,0.0,1,6,3,20,0.5333333333333333,662,279,2.3727598566308243,1
0.03454698957494537,0.33505967259407043,0.6,0.0,1,5,3,20,0.3333333333333333,640,492,1.3008130081300813,1
0.05329433242386986,0.5126147270202637,0.0,0.0,0,0,0,1,0.5714285714285714,680,85,8.0,1
0.0766218251362137,0.36909541487693787,1.0,0.0,1,1,1,2,0.3333333333333333,1058,521,2.0307101727447217,1
0.06395187056903594,0.38965240120887756,0.0,0.0,0,0,0,12,0.2,399,246,1.6219512195121952,1
0.028337801260397297,0.31132638454437256,0.3333333333333333,0.0,1,9,3,18,0.2,1533,553,2.7721518987341773,1
0.0417184092372498,0.37413883209228516,0.0,0.0,0,0,0,2,0.3333333333333333,703,311,2.260450160771704,1
0.04662307248294823,0.2887866497039795,0.0,0.0,1,3,0,15,0.3333333333333333,722,774,0.9328165374677002,1
0.04709730320848991,0.2895197868347168,0.0,0.0,1,3,0,8,0.26666666666666666,837,438,1.9109589041095891,1
0.03506600348759116,0.36039888858795166,0.5,0.0,1,2,1,9,0.36363636363636365,777,171,4.543859649122807,1
0.01727500464360503,0.29949378967285156,0.3333333333333333,0.0,1,9,3,16,0.0,218,553,0.39421338155515373,1
0.05919318567446719,0.42129361629486084,0.0,0.0,0,0,0,2,0.3333333333333333,954,258,3.697674418604651,1
0.05924572812288847,0.32349252700805664,0.0,0.0,1,4,0,7,0.26666666666666666,213,606,0.35148514851485146,1
0.03371956693005471,0.30982205271720886,0.0,0.0,1,10,0,4,0.06666666666666667,618,986,0.6267748478701826,1
0.04284456145371068,0.3829076886177063,0.3333333333333333,0.0,1,12,4,9,0.5,295,312,0.9455128205128205,1
0.019414082673865202,0.3412657678127289,0.0,0.0,0,0,0,0,0.0,775,42,18.452380952380953,1
0.06196527361385029,0.46395567059516907,1.0,0.0,1,1,1,1,0.6923076923076923,695,157,4.426751592356688,1
0.07274552596529665,0.4002530872821808,1.0,0.0,1,1,1,1,0.4,573,810,0.7074074074074074,1
0.03546545993429749,0.36476072669029236,0.0,0.0,1,6,0,1,0.2,730,440,1.6590909090909092,1
0.03881960107428397,0.28550511598587036,0.0,0.0,0,0,0,0,0.26666666666666666,1209,214,5.649532710280374,1
0.029270629672967296,0.5056847333908081,0.0,0.0,1,1,0,8,1.0,937,34,27.558823529411764,1
0.033286175241899724,0.3505058288574219,0.0,0.0,0,0,0,0,0.3333333333333333,288,172,1.6744186046511629,1
0.03681405379798995,0.3091583847999573,0.0,0.0,0,0,0,12,0.5,1153,172,6.703488372093023,1
0.027312051899670734,0.33832818269729614,0.0,0.0,1,2,0,0,0.13333333333333333,255,559,0.4561717352415027,1
0.04080921498494903,0.4199446737766266,0.25,0.0,1,8,2,18,0.5,1533,193,7.94300518134715,1
0.08689517889507659,0.4372628331184387,0.3684210526315789,0.0,1,19,7,18,0.5333333333333333,604,382,1.581151832460733,1
0.04605181050633863,0.27700677514076233,1.0,0.0,1,1,1,9,0.8,1000,127,7.874015748031496,1
0.06193061487943801,0.4202844798564911,0.0,0.0,0,0,0,0,0.26666666666666666,571,456,1.2521929824561404,1
0.03002055159922394,0.30771028995513916,0.3333333333333333,0.0,1,3,1,1,0.2,586,810,0.7234567901234568,1
0.05050707450898192,0.5250977873802185,0.8,0.0,1,5,4,18,0.4444444444444444,748,97,7.711340206185567,1
0.02850530265101092,0.3761207163333893,0.2857142857142857,0.0,1,7,2,9,0.375,295,139,2.1223021582733814,1
0.04144420611654376,0.37537986040115356,0.0,0.0,0,0,0,2,0.26666666666666666,331,552,0.5996376811594203,1
0.024492206124576518,0.45577698945999146,0.0,0.0,0,0,0,0,0.4666666666666667,603,145,4.158620689655172,1
0.032997941817004696,0.36160850524902344,0.0,0.0,1,3,0,0,0.2222222222222222,515,194,2.654639175257732,1
0.09603206315783214,0.49490922689437866,0.0,0.0,1,1,0,1,0.6,590,308,1.9155844155844155,1
0.06466829008793594,0.4271477162837982,0.0,0.0,1,15,0,3,0.4666666666666667,599,382,1.568062827225131,1
0.052956469215254195,0.36893385648727417,0.3333333333333333,0.0,1,3,1,7,0.3333333333333333,502,194,2.5876288659793816,1
0.04785659994366198,0.4220139682292938,0.125,0.0,1,8,1,4,0.2,618,661,0.9349470499243571,1
0.05373289439216742,0.42483681440353394,0.0,0.0,1,1,0,1,0.4,969,300,3.23,1
0.0429874714063114,0.3467760980129242,0.0,0.0,0,0,0,20,0.3333333333333333,662,246,2.6910569105691056,1
0.027334502743838893,0.36337289214134216,0.5,0.0,1,2,1,6,0.5,1495,73,20.47945205479452,1
0.043989604021774494,0.42336541414260864,0.0,0.0,1,1,0,1,0.2,295,270,1.0925925925925926,1
0.05974346343323276,0.3432517349720001,0.0625,0.0,1,16,1,3,0.3333333333333333,558,1015,0.5497536945812808,1
0.09489654179577171,0.490825891494751,1.0,0.0,1,1,1,2,0.8,1695,342,4.956140350877193,1
0.03978744691219497,0.32372191548347473,0.0,0.0,1,1,0,0,0.26666666666666666,518,438,1.182648401826484,1
0.045448076037634906,0.54422926902771,0.0,0.0,0,0,0,0,0.75,870,91,9.56043956043956,1
0.05027936267411148,0.2614606022834778,0.0,0.0,1,6,0,18,0.26666666666666666,604,877,0.6887115165336374,1
0.04248988901210062,0.4477824568748474,1.0,0.0,1,1,1,1,0.3333333333333333,794,431,1.8422273781902552,1
0.06946669380961165,0.5426784753799438,0.0,0.0,0,0,0,1,0.8571428571428571,300,85,3.5294117647058822,1
0.03754458979339344,0.33985602855682373,0.0,0.0,1,1,0,1,0.4666666666666667,530,438,1.2100456621004567,1
0.08414312218494555,0.5322574973106384,0.625,0.0,1,8,5,7,0.8,790,390,2.0256410256410255,1
0.06703197442390511,0.36409905552864075,0.0,0.0,1,2,0,17,0.4666666666666667,433,476,0.9096638655462185,1
0.06045355153889122,0.39836663007736206,0.0,0.0,0,0,0,0,0.3333333333333333,759,552,1.375,1
0.020697849841471046,0.2119230031967163,0.0,0.0,1,1,0,0,0.06666666666666667,207,273,0.7582417582417582,1
0.04676718298009796,0.39092886447906494,0.0,0.0,1,1,0,3,0.3333333333333333,599,300,1.9966666666666666,1
0.04420586525471686,0.3852500319480896,0.0,0.0,1,19,0,1,0.6,501,382,1.3115183246073299,1
0.010601218544450524,0.4444093406200409,0.0,0.0,0,0,0,1,0.0,407,42,9.69047619047619,1
0.056239043322827906,0.42945897579193115,0.0,0.0,0,0,0,10,0.6666666666666666,828,465,1.7806451612903227,1
0.07354195679863353,0.41246363520622253,1.0,0.0,1,1,1,7,0.4666666666666667,790,519,1.5221579961464355,1
0.03908243925866282,0.37356629967689514,0.0,0.0,0,0,0,5,0.0,182,91,2.0,1
0.041220075301712907,0.47978127002716064,0.0,0.0,1,1,0,0,0.25,358,216,1.6574074074074074,1
0.019519478795133514,0.2997443675994873,0.0,0.0,1,4,0,2,0.2,309,456,0.6776315789473685,1
0.07907150293890428,0.41904115676879883,1.0,0.0,1,1,1,3,0.6666666666666666,1797,810,2.2185185185185183,1
0.06736392886944675,0.5139983296394348,1.0,0.0,1,2,2,7,0.375,683,147,4.64625850340136,1
0.0783948162374478,0.3467021882534027,0.6666666666666666,0.0,1,3,2,15,0.4666666666666667,1359,810,1.6777777777777778,1
0.09715987285844252,0.5531731843948364,0.5,0.0,1,6,3,15,0.8181818181818182,1104,226,4.884955752212389,1
0.044933929111544924,0.37647318840026855,0.5,0.5,1,2,1,8,0.26666666666666666,597,476,1.254201680672269,1
0.08718034960383972,0.39493003487586975,0.25,0.0,1,16,4,9,0.5333333333333333,816,1015,0.8039408866995074,1
0.08706767362699563,0.4727214276790619,1.0,0.0,1,1,1,2,0.6666666666666666,1695,336,5.044642857142857,1
0.027465157744836165,0.32025861740112305,0.0,0.0,1,4,0,0,0.18181818181818182,460,193,2.383419689119171,1
0.05607874493113245,0.3300015926361084,0.0,0.0,0,0,0,1,0.5333333333333333,1211,456,2.655701754385965,1
0.03379242259636265,0.3283901810646057,0.5,0.0,1,2,1,2,0.26666666666666666,809,586,1.3805460750853242,1
0.08110531975279728,0.3649953007698059,0.6,0.0,1,5,3,38,0.6666666666666666,1805,395,4.569620253164557,1
0.04231902449789562,0.3735390603542328,0.0,0.0,1,14,0,1,0.2,763,611,1.248772504091653,1
0.03854353028945944,0.4497271478176117,0.0,0.0,1,1,0,2,0.3333333333333333,554,249,2.2248995983935744,1
0.007700880508597335,0.46626001596450806,0.0,0.0,0,0,0,1,0.0,874,11,79.45454545454545,1
0.04607294992531245,0.4594956338405609,0.0,0.0,1,1,0,0,0.26666666666666666,655,431,1.519721577726218,1
0.10163275028222445,0.3907870352268219,0.0,0.0,0,0,0,5,0.6,582,1008,0.5773809523809523,1
0.05677665562917464,0.4088207483291626,0.0,0.0,0,0,0,1,0.3333333333333333,358,378,0.9470899470899471,1
0.06144825385831775,0.44732919335365295,0.0,0.0,1,1,0,6,0.14285714285714285,430,121,3.553719008264463,1
0.06513322587873621,0.37719810009002686,0.0,0.0,0,0,0,2,0.4666666666666667,1695,258,6.569767441860465,1
0.037646092045527754,0.4869178235530853,1.0,0.0,1,1,1,1,0.21428571428571427,578,152,3.8026315789473686,1
0.04261264843851067,0.3250002861022949,0.0,0.0,1,1,0,0,0.26666666666666666,518,521,0.9942418426103646,1
0.06367257795120537,0.33577728271484375,1.0,0.0,1,1,1,35,0.4666666666666667,1940,728,2.6648351648351647,1
0.04075731492181235,0.4269770085811615,0.0,0.0,0,0,0,10,0.2857142857142857,957,108,8.86111111111111,1
0.02726138225471135,0.3976224362850189,0.0,0.0,0,0,0,9,0.3333333333333333,609,172,3.5406976744186047,1
0.04647384941528929,0.4107830822467804,0.0,0.0,1,1,0,7,0.625,644,96,6.708333333333333,1
0.06505237859669122,0.4169357717037201,1.0,0.0,1,1,1,15,0.6666666666666666,1855,300,6.183333333333334,1
0.05450212574886818,0.5812538266181946,0.0,0.0,0,0,0,2,0.625,1058,110,9.618181818181819,1
0.04190401523733293,0.3325696289539337,0.0,0.0,1,3,0,0,0.3333333333333333,490,582,0.8419243986254296,1
0.04657446848266697,0.2607974708080292,0.5,0.0,1,6,3,12,0.3333333333333333,706,571,1.2364273204903677,1
0.046784514449573135,0.4487255811691284,1.0,0.0,1,1,1,22,0.2,1880,273,6.886446886446887,1
0.03464138174982335,0.44641852378845215,0.0,0.0,1,1,0,1,0.5384615384615384,679,157,4.32484076433121,1
0.055340458250246465,0.5433809757232666,0.0,0.0,1,1,0,7,0.5,683,113,6.04424778761062,1
0.055846550796402376,0.3878161907196045,0.0,0.0,1,1,0,1,0.3333333333333333,576,349,1.6504297994269341,1
0.06788178379209771,0.3068370819091797,0.0,0.0,1,5,0,14,0.6,409,1041,0.3928914505283381,1
0.08174120055010538,0.4123399257659912,0.0,0.0,0,0,0,0,0.5333333333333333,644,574,1.1219512195121952,1
0.04633116498330068,0.47886547446250916,1.0,0.0,1,1,1,1,0.5,180,216,0.8333333333333334,1
0.0,0.497957706451416,0.0,0.0,0,0,0,1,0.0,180,11,16.363636363636363,1
0.053444348755469606,0.4253171384334564,0.0,0.0,1,8,0,2,0.26666666666666666,527,317,1.662460567823344,1
0.07769272882848346,0.46549493074417114,1.0,0.0,1,6,6,36,0.4,714,369,1.934959349593496,1
0.03682118885364809,0.529289722442627,0.0,0.0,0,0,0,13,0.4,899,32,28.09375,1
0.03488634640328847,0.3357295095920563,0.0,0.0,1,6,0,4,0.3333333333333333,668,369,1.8102981029810299,1
0.027774811593294698,0.28819721937179565,0.16666666666666666,0.0,1,6,1,13,0.13333333333333333,276,636,0.4339622641509434,1
0.056044763724146074,0.2658703029155731,0.3333333333333333,0.0,1,3,1,3,0.4666666666666667,558,438,1.273972602739726,1
0.008166740562961123,0.6069651246070862,0.0,0.0,0,0,0,1,0.0,642,11,58.36363636363637,1
0.017799500889577748,0.4486478269100189,0.0,0.0,0,0,0,18,0.0,604,46,13.130434782608695,1
0.058887313749432436,0.38271233439445496,0.0,0.0,0,0,0,18,0.2,1533,246,6.2317073170731705,1
0.05400580278663042,0.5842190384864807,0.0,0.0,0,0,0,1,0.7142857142857143,485,85,5.705882352941177,1
0.015265242833964843,0.4146893322467804,0.0,0.0,1,2,0,0,0.42857142857142855,614,158,3.8860759493670884,1
0.040374570856724704,0.3608984351158142,0.5,0.0,1,6,3,11,0.13333333333333333,612,369,1.6585365853658536,1
0.046094899401632,0.5466340780258179,0.0,0.0,0,0,0,7,0.0,683,24,28.458333333333332,1
0.026458966740804665,0.38309237360954285,0.0,0.0,0,0,0,3,0.0,367,42,8.738095238095237,1
0.02096277567102606,0.2750747501850128,0.1111111111111111,0.0,1,9,1,3,0.0,268,553,0.484629294755877,1
0.03416732759971434,0.27598536014556885,0.3333333333333333,0.0,1,6,2,9,0.2,644,571,1.12784588441331,1
0.03529139056623039,0.3123279809951782,0.0,0.0,1,2,0,1,0.4,772,290,2.6620689655172414,1
0.022940550358435268,0.41028809547424316,0.0,0.0,0,0,0,19,0.0,813,46,17.67391304347826,1
0.025807727818507622,0.306880384683609,0.1,0.0,1,10,1,16,0.13333333333333333,218,986,0.2210953346855984,1
0.08141016870424649,0.4088548421859741,0.25,0.0,1,12,3,6,0.5333333333333333,610,532,1.1466165413533835,1
0.08082010958382024,0.3736763000488281,0.25,0.0,1,16,4,6,0.5333333333333333,610,1015,0.6009852216748769,1
0.06457967406631542,0.38505852222442627,0.0,0.0,0,0,0,15,0.5333333333333333,1104,349,3.163323782234957,1
0.08828231441728819,0.38938772678375244,0.6666666666666666,0.0,1,6,4,19,0.6,813,279,2.913978494623656,1
0.09458182059135727,0.41482114791870117,0.0,0.0,0,0,0,1,0.8,576,549,1.0491803278688525,1
0.050734675294665396,0.5009957551956177,0.0,0.0,0,0,0,7,0.4166666666666667,644,196,3.2857142857142856,1
0.04449517779020967,0.24256619811058044,0.42857142857142855,0.0,1,7,3,17,0.06666666666666667,352,696,0.5057471264367817,1
0.04837394887155583,0.3170621693134308,1.0,0.0,1,1,1,13,0.6,2230,127,17.559055118110237,1
0.059672828599412975,0.40624508261680603,0.0,0.0,1,1,0,2,0.26666666666666666,527,456,1.155701754385965,1
0.023817120207307852,0.3538305163383484,0.375,0.0,1,8,3,20,0.1,662,193,3.430051813471503,1
0.08418794513914547,0.464093953371048,0.0,0.0,1,1,0,0,0.6,439,156,2.8141025641025643,1
0.06613169636551527,0.32291337847709656,0.3333333333333333,0.0,1,3,1,19,0.4,841,774,1.0865633074935401,1
0.04477294534959799,0.3896521329879761,0.3,0.0,1,10,3,25,0.4666666666666667,615,717,0.8577405857740585,1
0.029978452059636288,0.25098276138305664,0.3,0.0,1,10,3,13,0.06666666666666667,276,986,0.2799188640973631,1
0.05807532275097812,0.42658641934394836,0.5,0.0,1,2,1,17,0.36363636363636365,433,171,2.5321637426900585,1
0.03685077890343238,0.25489112734794617,0.16666666666666666,0.0,1,6,1,9,0.13333333333333333,431,636,0.6776729559748428,1
0.07973177960749175,0.4280615746974945,0.2631578947368421,0.0,1,19,5,21,0.4666666666666667,443,382,1.1596858638743455,1
0.041061084479902796,0.32867416739463806,0.0,0.0,1,1,0,0,0.26666666666666666,361,521,0.6928982725527831,1
0.03042847206520099,0.4850085973739624,0.0,0.0,0,0,0,2,0.0,688,24,28.666666666666668,1
0.03582821073788841,0.28250375390052795,1.0,0.0,1,1,1,3,0.4,315,127,2.4803149606299213,1
0.06623968120800344,0.4173413813114166,0.10526315789473684,0.0,1,19,2,7,0.6,1246,382,3.261780104712042,1
0.04849281178837424,0.33289995789527893,0.0,0.0,1,1,0,0,0.3333333333333333,361,438,0.8242009132420092,1
0.03769509523863118,0.42478516697883606,0.25,0.0,1,4,1,2,0.6666666666666666,1350,330,4.090909090909091,1
0.03331817243687438,0.3144219219684601,0.0,0.0,1,2,0,1,0.26666666666666666,287,290,0.9896551724137931,1
0.0149135482842178,0.37363916635513306,0.0,0.0,1,9,0,1,0.06666666666666667,521,553,0.9421338155515371,1
0.0891948097124318,0.4057978689670563,1.0,0.0,1,1,1,1,0.4666666666666667,695,810,0.8580246913580247,1
0.035325926080521604,0.316250205039978,0.5,0.0,1,2,1,3,0.3333333333333333,613,290,2.113793103448276,1
0.05855929870709964,0.2955934405326843,0.0,0.0,1,11,0,2,0.6666666666666666,527,756,0.6970899470899471,1
0.0860527502798123,0.37281325459480286,0.0,0.0,1,2,0,8,0.5333333333333333,875,476,1.838235294117647,1
0.03504984728527145,0.3929979205131531,0.0,0.0,0,0,0,4,0.4,810,32,25.3125,1
0.047197769244654804,0.36801615357398987,0.0,0.0,1,2,0,1,0.4666666666666667,530,290,1.8275862068965518,1
0.044899158789789284,0.396134614944458,0.0,0.0,1,11,0,3,0.3333333333333333,315,351,0.8974358974358975,1
0.056900325100328344,0.37276792526245117,0.0,0.0,0,0,0,2,0.4666666666666667,1058,258,4.10077519379845,1
0.030169339181216132,0.34180521965026855,0.0,0.0,1,3,0,4,0.13333333333333333,618,700,0.8828571428571429,1
0.01829361498862679,0.42069876194000244,0.0,0.0,0,0,0,1,0.14285714285714285,407,108,3.7685185185185186,1
0.04890508386448056,0.34224554896354675,0.0,0.0,1,1,0,0,0.26666666666666666,759,438,1.7328767123287672,1
0.06546026753543421,0.3204731345176697,0.0,0.0,1,4,0,17,0.4666666666666667,352,317,1.110410094637224,1
0.0680983559705419,0.4471385180950165,0.375,0.0,1,8,3,32,0.6666666666666666,1931,262,7.370229007633588,1
0.01453203868843044,0.4323708713054657,0.0,0.0,0,0,0,16,0.0,218,46,4.739130434782608,1
0.07380394026320161,0.3379950225353241,0.0,0.0,1,4,0,15,0.4,1104,606,1.8217821782178218,1
0.01595992253749796,0.4185446500778198,0.0,0.0,0,0,0,4,0.0,918,42,21.857142857142858,1
0.0832913993882046,0.4811092019081116,0.3333333333333333,0.0,1,6,2,8,0.6,837,387,2.1627906976744184,1
0.017427504458060617,0.4200630187988281,0.0,0.0,0,0,0,0,0.125,589,110,5.3545454545454545,1
0.04072465928560076,0.3990105092525482,0.3333333333333333,0.0,1,6,2,9,0.4,751,369,2.035230352303523,1
0.011332711625447368,0.3068925738334656,0.0,0.0,1,2,0,1,0.25,1068,73,14.63013698630137,1
0.053067261199009376,0.4645206034183502,0.0,0.0,1,6,0,3,0.4666666666666667,276,238,1.1596638655462186,1
0.057785672329812,0.4750513434410095,0.0,0.0,0,0,0,2,0.3333333333333333,1058,378,2.798941798941799,1
0.058124236502162224,0.4462459087371826,0.0,0.0,1,1,0,0,0.8333333333333334,644,121,5.322314049586777,1
0.08448865675312406,0.5653272271156311,0.0,0.0,1,6,0,10,0.4666666666666667,583,238,2.4495798319327733,1
0.04939368350792642,0.2615192234516144,0.0,0.0,1,3,0,19,0.4,813,438,1.856164383561644,1
0.03813485564414302,0.39912816882133484,0.0,0.0,0,0,0,0,0.16666666666666666,755,172,4.3895348837209305,1
0.04519174805929424,0.5173748731613159,0.0,0.0,0,0,0,13,0.4,899,108,8.324074074074074,1
0.0591506064895618,0.4252054989337921,0.6666666666666666,0.0,1,6,4,9,0.4666666666666667,816,369,2.2113821138211383,1
0.009825500824477048,0.5413104295730591,0.0,0.0,0,0,0,1,0.0,576,11,52.36363636363637,1
0.04836560465497433,0.34935346245765686,1.0,0.0,1,2,2,13,0.4666666666666667,2230,290,7.689655172413793,1
0.033189847779246294,0.26531630754470825,0.1,0.0,1,10,1,7,0.06666666666666667,194,986,0.19675456389452334,1
0.049610035566438684,0.3940833806991577,0.0,0.0,1,1,0,0,0.4,1591,395,4.027848101265823,1
0.045684055580613205,0.37819039821624756,0.5,0.0,1,2,1,20,0.36363636363636365,640,171,3.742690058479532,1
0.07250108952204073,0.44866615533828735,0.0,0.0,1,1,0,0,0.4666666666666667,582,308,1.8896103896103895,1
0.040233771877267996,0.32819685339927673,0.3333333333333333,0.0,1,3,1,10,0.4,647,438,1.4771689497716896,1
0.09805314682251699,0.5155595541000366,0.0,0.0,1,1,0,0,0.6666666666666666,521,342,1.523391812865497,1
0.095690141585186,0.36950865387916565,0.42857142857142855,0.0,1,7,3,11,0.4666666666666667,663,1038,0.638728323699422,1
0.04582183216954678,0.38843029737472534,0.0,0.0,1,19,0,1,0.13333333333333333,521,382,1.3638743455497382,1
0.09877437389760813,0.5436556935310364,0.0,0.0,1,1,0,0,0.6666666666666666,655,156,4.198717948717949,1
0.05398506262510175,0.32902875542640686,0.0,0.0,1,3,0,9,0.4666666666666667,1256,774,1.6227390180878554,1
0.027534090991646352,0.299631804227829,0.0,0.0,0,0,0,2,0.4,809,32,25.28125,1
0.04729940775728201,0.3428591787815094,0.0,0.0,1,3,0,5,0.3333333333333333,660,774,0.8527131782945736,1
0.08188405345543466,0.4407808184623718,0.0,0.0,0,0,0,2,0.6,1058,552,1.9166666666666667,1
0.04996201308892951,0.422680139541626,0.0,0.0,0,0,0,18,0.4,473,121,3.909090909090909,1
0.04692825896372519,0.3422916829586029,0.3333333333333333,0.0,1,6,2,20,0.4,619,279,2.218637992831541,1
0.03390960404068655,0.38779449462890625,0.0,0.0,0,0,0,0,0.25,603,101,5.97029702970297,1
0.10055155138767904,0.46139389276504517,0.0,0.0,0,0,0,2,0.6666666666666666,1695,549,3.087431693989071,1
0.01729459702954831,0.35104113817214966,0.125,0.0,1,8,1,4,0.0,618,193,3.2020725388601035,1
0.011926196844204805,0.30011311173439026,0.0,0.0,0,0,0,5,0.2,570,108,5.277777777777778,1
0.02877791230315998,0.3664644956588745,0.0,0.0,0,0,0,6,0.375,705,101,6.98019801980198,1
0.058525901924843894,0.3846431374549866,0.0,0.0,1,1,0,0,0.6666666666666666,589,297,1.9831649831649831,1
0.036202383886725274,0.31056874990463257,0.3,0.0,1,10,3,13,0.06666666666666667,276,717,0.38493723849372385,1
0.04396691174502386,0.3060823678970337,0.0,0.0,0,0,0,21,0.2,1684,214,7.869158878504673,1
0.017840290085824287,0.2753928303718567,0.1111111111111111,0.0,1,9,1,8,0.0,443,553,0.8010849909584087,1
0.0552972796556648,0.354225754737854,0.3333333333333333,0.0,1,6,2,18,0.5333333333333333,1533,279,5.494623655913978,1
0.04491709587840132,0.3594953715801239,0.14285714285714285,0.0,1,7,1,2,0.13333333333333333,245,1038,0.23603082851637766,1
0.08609926895658114,0.4284980595111847,0.0,0.0,0,0,0,2,0.7333333333333333,1695,574,2.9529616724738674,1
0.051626166337468096,0.3447093665599823,1.0,0.0,1,1,1,1,0.4,358,297,1.2053872053872055,1
0.04067212553434929,0.37791872024536133,0.0,0.0,1,1,0,7,0.26666666666666666,1006,300,3.3533333333333335,1
0.08778756471215853,0.45847389101982117,1.0,0.0,1,3,3,10,0.6,828,582,1.422680412371134,1
0.040926815460701295,0.3932938575744629,0.0,0.0,1,1,0,0,0.25,518,216,2.3981481481481484,1
0.05973143867711254,0.3382774889469147,0.25,0.25,1,4,1,12,0.4666666666666667,399,606,0.6584158415841584,1
0.03639303972759017,0.32767143845558167,0.0,0.0,1,2,0,1,0.4,1640,290,5.655172413793103,1
0.07787040073312332,0.536767840385437,0.0,0.0,0,0,0,1,0.7142857142857143,576,85,6.776470588235294,1
0.07632230643187621,0.3521231710910797,0.8,0.0,1,5,4,35,0.5333333333333333,1940,395,4.9113924050632916,1
0.08178673426310683,0.3413305878639221,0.0,0.0,1,3,0,5,0.6,953,810,1.1765432098765432,1
0.06790870001481523,0.3562670052051544,1.0,0.0,1,1,1,11,0.6,663,475,1.3957894736842105,1
0.02897090301163785,0.24311009049415588,0.0,0.0,1,4,0,14,0.2,680,606,1.1221122112211221,1
0.048423986418779964,0.3801094889640808,0.5,0.0,1,2,1,17,0.5333333333333333,352,575,0.6121739130434782,1
0.045466287204505774,0.3341234028339386,1.0,0.0,1,2,2,6,0.26666666666666666,392,568,0.6901408450704225,1
0.0916519707008309,0.44058048725128174,0.5,0.0,1,4,2,15,0.6666666666666666,1104,478,2.309623430962343,1
0.09154041466807795,0.5038840770721436,1.0,0.0,1,1,1,2,0.8,954,342,2.789473684210526,1
0.022248592186113268,0.546345591545105,0.0,0.0,0,0,0,2,0.0,1695,11,154.0909090909091,1
0.0575259441999578,0.4218568801879883,0.0,0.0,1,1,0,0,0.5333333333333333,553,431,1.283062645011601,1
0.01898009734083626,0.26826557517051697,0.0,0.0,0,0,0,12,0.06666666666666667,767,231,3.3203463203463204,1
0.06878642894541256,0.46258023381233215,0.0,0.0,1,1,0,0,0.4,759,291,2.6082474226804124,1
0.03807061312091428,0.4031482934951782,0.0,0.0,0,0,0,1,0.3333333333333333,530,376,1.4095744680851063,1
0.045930929608669936,0.26686134934425354,0.6666666666666666,0.0,1,3,2,13,0.26666666666666666,409,438,0.9337899543378996,1
0.029521172276059948,0.3012929856777191,0.3333333333333333,0.0,1,6,2,13,0.2,276,279,0.989247311827957,1
0.045121610381915825,0.37069353461265564,0.0,0.0,0,0,0,4,0.3,668,121,5.520661157024794,1
0.05643551686588129,0.46276119351387024,0.06666666666666667,0.0,1,15,1,4,0.5333333333333333,668,382,1.7486910994764397,1
0.061480189106887996,0.35037440061569214,0.0,0.0,1,1,0,0,0.4,644,521,1.2360844529750479,1
0.0343113835503845,0.33620762825012207,0.0,0.0,1,1,0,10,0.14285714285714285,583,121,4.818181818181818,1
0.029371646070765953,0.3118017911911011,0.0,0.0,0,0,0,1,0.06666666666666667,381,328,1.1615853658536586,1
0.020929154111163865,0.4216151237487793,0.0,0.0,0,0,0,0,0.375,603,110,5.4818181818181815,1
0.06668844558321439,0.3800881505012512,0.3333333333333333,0.0,1,3,1,1,0.4666666666666667,1068,810,1.3185185185185184,1
0.02464900966793215,0.41410648822784424,0.0,0.0,0,0,0,4,0.14285714285714285,918,108,8.5,1
0.03309220588247198,0.3061194121837616,0.0,0.0,1,1,0,2,0.2,1064,127,8.377952755905511,1
0.03626519881827329,0.2917543351650238,0.0,0.0,1,6,0,2,0.26666666666666666,527,546,0.9652014652014652,1
0.02872499429650844,0.3918852210044861,0.0,0.0,0,0,0,2,0.0,809,24,33.708333333333336,1
0.024535544627150588,0.2732848525047302,0.0,0.0,1,1,0,1,0.3,407,127,3.204724409448819,1
0.036093628586275045,0.28284770250320435,0.0,0.0,0,0,0,12,0.26666666666666666,1153,231,4.991341991341991,1
0.07612357477686207,0.40523892641067505,1.0,0.0,1,1,1,1,0.6,591,810,0.7296296296296296,1
0.03159486099987664,0.3735964596271515,0.1111111111111111,0.0,1,9,1,13,0.26666666666666666,276,553,0.49909584086799275,1
0.08659179702531128,0.36652252078056335,0.375,0.0,1,16,6,17,0.5333333333333333,634,1015,0.6246305418719211,1
0.05938882760745012,0.2935402989387512,0.14285714285714285,0.0,1,7,1,3,0.13333333333333333,276,1038,0.2658959537572254,1
0.009944428677922204,0.3423730134963989,0.0,0.0,0,0,0,1,0.0,530,51,10.392156862745098,1
0.03603260172370146,0.31142255663871765,1.0,0.0,1,1,1,5,0.06666666666666667,570,519,1.0982658959537572,1
0.008774291448099682,0.27398818731307983,0.0,0.0,1,1,0,2,0.14285714285714285,309,124,2.4919354838709675,1
0.05044228720059213,0.3675808012485504,0.0,0.0,1,4,0,10,0.45454545454545453,957,193,4.958549222797927,1
0.08306725301910362,0.33872631192207336,1.0,0.0,1,1,1,5,0.5333333333333333,608,519,1.1714836223506744,1
0.06193290277311537,0.41862305998802185,0.13333333333333333,0.0,1,15,2,8,0.4,875,382,2.2905759162303663,1
0.06188924901835113,0.4822452664375305,0.0,0.0,0,0,0,1,0.6666666666666666,728,263,2.7680608365019013,1
0.04171097331593693,0.3724081516265869,0.0,0.0,0,0,0,7,0.26666666666666666,1246,246,5.065040650406504,1
0.059869940588297275,0.36899715662002563,0.0,0.0,1,5,0,1,0.5333333333333333,718,578,1.2422145328719723,1
0.04269793731993694,0.3968566656112671,0.25,0.0,1,8,2,4,0.3,810,143,5.664335664335664,1
0.05899014087634699,0.46628227829933167,0.25,0.0,1,8,2,15,0.5,1104,193,5.72020725388601,1
0.050980866451579294,0.3415124714374542,0.0,0.0,0,0,0,3,0.4,565,274,2.062043795620438,1
0.06162139950925289,0.44732919335365295,0.0,0.0,1,1,0,6,0.14285714285714285,434,121,3.5867768595041323,1
0.05121046543966163,0.3656727969646454,0.0,0.0,1,8,0,14,0.2,409,317,1.2902208201892744,1
0.061127646744182626,0.4427679181098938,1.0,0.0,1,1,1,1,0.4666666666666667,578,279,2.07168458781362,1
0.05120089389425003,0.43632927536964417,0.05263157894736842,0.0,1,19,1,8,0.5333333333333333,837,382,2.1910994764397906,1
0.05010036890030147,0.31746146082878113,0.0,0.0,1,3,0,2,0.26666666666666666,527,582,0.9054982817869416,1
0.08988397856596221,0.5277339220046997,0.0,0.0,0,0,0,0,0.5333333333333333,644,376,1.7127659574468086,1
0.03591890380120995,0.33955031633377075,0.5,0.0,1,2,1,1,0.2,1657,559,2.964221824686941,1
0.03323019314714936,0.3097228407859802,0.0,0.0,0,0,0,1,0.13333333333333333,1211,214,5.658878504672897,1
0.02551620990407551,0.3303682208061218,0.0,0.0,0,0,0,5,0.0,614,82,7.487804878048781,1
0.06753633200574502,0.4108806848526001,0.0,0.0,0,0,0,1,0.4666666666666667,576,378,1.5238095238095237,1
0.032135920144899265,0.3108412027359009,0.0,0.0,1,2,0,0,0.26666666666666666,181,576,0.3142361111111111,1
0.04985836321111513,0.3366212248802185,0.2,0.0,1,5,1,18,0.4,604,492,1.2276422764227641,1
0.07384188867589038,0.444685697555542,0.6666666666666666,0.0,1,6,4,17,0.4,433,369,1.1734417344173442,1
0.06099726210509179,0.38075265288352966,0.0,0.0,0,0,0,2,0.3333333333333333,783,574,1.3641114982578397,1
0.062011601632673656,0.3898774981498718,0.0,0.0,1,6,0,1,0.4666666666666667,521,387,1.3462532299741603,1
0.040316522306550424,0.40751224756240845,1.0,0.0,1,1,1,35,0.5714285714285714,1734,124,13.983870967741936,1
0.04830786442085271,0.37795594334602356,0.5,0.0,1,6,3,11,0.26666666666666666,524,434,1.207373271889401,1
0.03566050951208207,0.3698427677154541,0.0,0.0,0,0,0,12,0.25,1153,91,12.67032967032967,1
0.02737805992680229,0.39494767785072327,0.0,0.0,0,0,0,5,0.5,1073,108,9.935185185185185,1
0.04887194262830344,0.4488978385925293,0.5,0.0,1,2,1,5,0.375,582,147,3.9591836734693877,1
0.06351790945653064,0.42799240350723267,1.0,0.0,1,2,2,12,0.5833333333333334,1153,183,6.300546448087432,1
0.08311516526970818,0.44377750158309937,1.0,0.0,1,1,1,1,0.4,583,810,0.7197530864197531,1
0.05153791864527877,0.3434981405735016,0.25,0.0,1,4,1,3,0.3333333333333333,367,456,0.8048245614035088,1
0.06573626087795292,0.3872416019439697,0.75,0.0,1,8,6,39,0.5,2130,143,14.895104895104895,1
0.05107132716751384,0.4091225862503052,0.0,0.0,0,0,0,2,0.5,688,108,6.37037037037037,1
0.05623510738327557,0.3928025960922241,0.0,0.0,1,1,0,0,0.3333333333333333,759,301,2.521594684385382,1
0.04555983199261152,0.37867504358291626,0.2,0.0,1,15,3,11,0.4,837,382,2.1910994764397906,1
0.025149485469956056,0.32537010312080383,0.0,0.0,1,1,0,2,0.13333333333333333,309,273,1.1318681318681318,1
0.03157585408118022,0.41752538084983826,0.0,0.0,1,2,0,1,0.5714285714285714,542,158,3.430379746835443,1
0.018352642033839506,0.43968629837036133,0.0,0.0,0,0,0,12,0.2,864,82,10.536585365853659,1
0.02861634756207711,0.2432057112455368,0.0,0.0,1,6,0,4,0.13333333333333333,618,636,0.9716981132075472,1
0.07889348495908943,0.3858853578567505,0.2,0.0,1,5,1,4,0.4666666666666667,810,395,2.050632911392405,1
0.01611060239703422,0.2919958829879761,0.0,0.0,1,3,0,9,0.07142857142857142,295,269,1.096654275092937,1
0.0372266209392856,0.3086642324924469,1.0,0.0,1,3,2,25,0.13333333333333333,615,700,0.8785714285714286,1
0.08509019224262743,0.5007733702659607,0.6666666666666666,0.0,1,3,2,7,0.5333333333333333,790,582,1.3573883161512028,1
0.05789926911660345,0.42959946393966675,0.0,0.0,0,0,0,0,0.5333333333333333,870,263,3.307984790874525,1
0.025917560104063608,0.3524959087371826,0.0,0.0,0,0,0,0,0.25,1591,196,8.11734693877551,1
0.06469088454897012,0.4046490788459778,0.0,0.0,1,1,0,8,0.26666666666666666,736,300,2.453333333333333,1
0.02327018876171041,0.3797825574874878,0.0,0.0,0,0,0,2,0.25,698,101,6.910891089108911,1
0.03555756908782285,0.40629592537879944,1.0,0.0,1,1,1,1,0.46153846153846156,591,157,3.7643312101910826,1
0.047924369394726836,0.329805463552475,0.0,0.0,1,1,0,10,0.3333333333333333,583,475,1.2273684210526317,1
0.0584176659328232,0.3789820373058319,0.0,0.0,1,1,0,1,0.26666666666666666,333,810,0.4111111111111111,1
0.029371850917427,0.46639180183410645,0.0,0.0,1,1,0,13,1.0,899,34,26.441176470588236,1
0.0877667388522204,0.4063277244567871,0.375,0.0,1,8,3,15,0.4666666666666667,1104,468,2.358974358974359,1
0.01989067589212673,0.4622068703174591,0.0,0.0,0,0,0,2,0.25,331,110,3.0090909090909093,1
0.04024321376552983,0.39895889163017273,1.0,0.0,1,1,1,1,0.3333333333333333,259,431,0.6009280742459396,1
0.07930951093223636,0.45423150062561035,0.13333333333333333,0.0,1,15,2,11,0.6666666666666666,636,382,1.6649214659685865,1
0.027845178569901177,0.32471486926078796,0.0,0.0,1,12,0,8,0.21428571428571427,443,312,1.419871794871795,1
0.04323211781269486,0.3014709949493408,0.4,0.0,1,5,2,20,0.4,662,1041,0.6359269932756965,1
0.07414134146868717,0.4726632833480835,0.0,0.0,0,0,0,0,0.5333333333333333,1685,456,3.6951754385964914,1
0.03439756819882853,0.3554907441139221,0.0,0.0,0,0,0,1,1.0,358,51,7.019607843137255,1
0.06655189122540886,0.4516294598579407,0.0,0.0,1,1,0,0,0.4,755,681,1.1086637298091042,1
0.06018171086202828,0.3403795063495636,0.3333333333333333,0.0,1,6,2,15,0.26666666666666666,1104,555,1.9891891891891893,1
0.0289761210745463,0.22324393689632416,0.16666666666666666,0.0,1,6,1,14,0.0,680,636,1.069182389937107,1
0.0489625908059038,0.47226548194885254,0.0,0.0,0,0,0,0,0.75,638,91,7.010989010989011,1
0.03085285921396536,0.4201677143573761,0.0,0.0,1,1,0,7,0.26666666666666666,465,475,0.9789473684210527,1
0.07212055981708218,0.3511742055416107,0.0,0.0,1,1,0,12,0.4,706,300,2.3533333333333335,1
0.055965116253441555,0.4336874783039093,0.0,0.0,1,2,0,3,0.5454545454545454,558,171,3.263157894736842,1
0.061451549975673814,0.4387396574020386,0.0,0.0,1,3,0,2,0.4,527,289,1.8235294117647058,1
0.02585158551469367,0.4420550763607025,0.0,0.0,0,0,0,0,0.0,358,51,7.019607843137255,1
0.05197519735793628,0.38650617003440857,1.0,0.0,1,1,1,1,0.6,439,431,1.0185614849187936,1
0.04649794862485002,0.3290962278842926,1.0,0.0,1,1,1,1,0.3333333333333333,358,121,2.958677685950413,1
0.05574235975721042,0.4100109040737152,0.6666666666666666,0.0,1,6,4,17,0.4666666666666667,488,369,1.3224932249322494,1
0.06445239895641869,0.4917537569999695,0.0,0.0,0,0,0,2,0.2,654,277,2.3610108303249095,1
0.034244338276718536,0.3440307676792145,0.0,0.0,1,6,0,9,0.3333333333333333,295,387,0.7622739018087855,1
0.047307926293731706,0.36859971284866333,0.0,0.0,0,0,0,1,0.2,489,1008,0.4851190476190476,1
0.03439205177299405,0.3026643991470337,0.3333333333333333,0.0,1,9,3,18,0.13333333333333333,604,553,1.092224231464738,1
0.0561061403107913,0.34642210602760315,1.0,0.0,1,4,4,17,0.06666666666666667,464,456,1.0175438596491229,1
0.023573670700776823,0.3741004467010498,0.0,0.0,1,1,0,0,0.25,661,113,5.849557522123894,1
0.03222181990037257,0.36587250232696533,0.0,0.0,0,0,0,12,0.5,706,101,6.99009900990099,1
0.04084469387498898,0.3452581763267517,0.0,0.0,0,0,0,9,0.2,476,456,1.043859649122807,1
0.04436912494155533,0.4159407615661621,0.0,0.0,1,2,0,2,0.4166666666666667,1350,183,7.377049180327869,1
0.038523987756309684,0.4554968774318695,0.0,0.0,0,0,0,0,0.75,288,91,3.1648351648351647,1
0.040492312241925815,0.31483346223831177,0.0,0.0,1,4,0,1,0.4,501,606,0.8267326732673267,1
0.04256574108461564,0.29074713587760925,0.5,0.0,1,10,5,20,0.2,619,986,0.6277890466531441,1
0.06779894975360212,0.3959987759590149,0.0,0.0,1,1,0,12,0.2,565,300,1.8833333333333333,1
0.05469099950496098,0.43233799934387207,0.5,0.0,1,2,1,12,0.375,1153,147,7.843537414965986,1
0.023961496540179848,0.38070639967918396,0.0,0.0,0,0,0,8,0.0,736,82,8.975609756097562,1
0.04803212898345869,0.3600821793079376,0.0,0.0,1,2,0,10,0.25,583,147,3.9659863945578233,1
0.06928640776379043,0.3730161786079407,0.16666666666666666,0.0,1,12,2,5,0.4,614,532,1.1541353383458646,1
0.02959966932455877,0.48180413246154785,0.0,0.0,0,0,0,11,0.0,663,24,27.625,1
0.03125769864983765,0.27241063117980957,0.3333333333333333,0.0,1,6,2,20,0.4,640,877,0.7297605473204105,1
0.06807369449745455,0.3883450925350189,0.3333333333333333,0.0,1,6,2,12,0.3333333333333333,399,387,1.0310077519379846,1
0.045712434497226416,0.4098754823207855,0.25,0.0,1,12,3,20,0.42857142857142855,640,312,2.051282051282051,1
0.041784560583846705,0.33310478925704956,0.4,0.0,1,5,2,5,0.2,570,395,1.4430379746835442,1
0.05350303904134832,0.33756181597709656,0.08333333333333333,0.0,1,12,1,10,0.5714285714285714,805,312,2.5801282051282053,1
0.017774214907069433,0.4027354419231415,0.0,0.0,0,0,0,0,0.0,332,42,7.904761904761905,1
0.0601323107323599,0.49427667260169983,0.0,0.0,1,15,0,1,0.6,718,382,1.8795811518324608,1
0.047845563462221435,0.45820268988609314,0.0,0.0,1,1,0,4,0.45454545454545453,810,143,5.664335664335664,1
0.020633792439564456,0.2941798269748688,0.5,0.0,1,2,1,2,0.13333333333333333,309,559,0.552772808586762,1
0.05590937069095789,0.4481244683265686,1.0,0.0,1,2,2,7,0.375,1206,147,8.204081632653061,1
0.026742975908016185,0.37893328070640564,0.0,0.0,0,0,0,5,0.1,614,121,5.074380165289257,1
0.08181364337524864,0.5816817879676819,0.0,0.0,0,0,0,1,1.0,602,85,7.08235294117647,1
0.0782300592391808,0.4172537326812744,1.0,0.0,1,1,1,2,0.3333333333333333,1058,301,3.514950166112957,1
0.05860678216150971,0.38049691915512085,1.0,0.0,1,1,1,1,0.4666666666666667,578,526,1.0988593155893536,1
0.04558756231626873,0.40215423703193665,0.0,0.0,0,0,0,0,0.26666666666666666,548,456,1.2017543859649122,1
0.05245703605768077,0.34217900037765503,0.0,0.0,0,0,0,2,0.4,331,574,0.5766550522648084,1
0.05295247986089947,0.34243518114089966,0.3333333333333333,0.0,1,3,1,4,0.3333333333333333,668,194,3.443298969072165,1
0.061190939127822565,0.4681859314441681,0.0,0.0,0,0,0,7,0.6666666666666666,790,465,1.6989247311827957,1
0.07216105351963395,0.3661138415336609,0.5,0.0,1,4,2,18,0.4666666666666667,1533,599,2.5592654424040067,1
0.019932576100262216,0.40342119336128235,0.0,0.0,1,6,0,1,0.06666666666666667,255,278,0.9172661870503597,1
0.0424754978974321,0.4976252615451813,0.0,0.0,1,1,0,0,0.26666666666666666,603,204,2.9558823529411766,1
0.08401258529838926,0.4602842330932617,0.0,0.0,1,1,0,1,0.4666666666666667,521,428,1.2172897196261683,1
0.05247166921111384,0.33110174536705017,0.0,0.0,1,4,0,0,0.26666666666666666,590,456,1.293859649122807,1
0.05470390908971803,0.46268177032470703,1.0,0.0,1,1,1,2,0.3333333333333333,1695,79,21.455696202531644,1
0.0710722462547113,0.3890540897846222,1.0,0.0,1,1,1,3,0.6,686,810,0.8469135802469135,1
0.020074846417903462,0.2469627857208252,0.16666666666666666,0.0,1,6,1,17,0.06666666666666667,324,546,0.5934065934065934,1
0.05485910825861787,0.36300796270370483,0.0,0.0,1,1,0,18,0.3333333333333333,473,300,1.5766666666666667,1
0.0355472288326428,0.30158761143684387,0.0,0.0,1,4,0,20,0.4,640,606,1.056105610561056,1
0.06463202985695246,0.3233354091644287,1.0,0.0,1,1,1,1,0.3333333333333333,874,521,1.6775431861804222,1
0.05227285062919976,0.34919509291648865,0.75,0.0,1,4,3,10,0.3333333333333333,1177,456,2.581140350877193,1
0.04627496686609939,0.3196704685688019,0.2,0.0,1,5,1,5,0.3333333333333333,614,578,1.0622837370242215,1
0.06798122067467186,0.3576832711696625,1.0,0.0,1,1,1,2,0.26666666666666666,1695,521,3.253358925143954,1
0.05797720908508453,0.2901018559932709,0.16666666666666666,0.0,1,6,1,18,0.4,1533,877,1.7480045610034207,1
0.018162681041049202,0.42891502380371094,0.0,0.0,0,0,0,14,0.0,680,46,14.782608695652174,1
0.023049190331878185,0.393458753824234,0.0,0.0,0,0,0,1,0.23076923076923078,530,248,2.1370967741935485,1
0.07320709504729855,0.40176206827163696,1.0,0.0,1,1,1,2,0.4666666666666667,576,810,0.7111111111111111,1
0.06249345927156851,0.29959577322006226,0.0,0.0,1,5,0,7,0.4666666666666667,213,1041,0.20461095100864554,1
0.060581596539027074,0.4097895324230194,0.25,0.0,1,12,3,15,0.42857142857142855,1104,312,3.5384615384615383,1
0.0359648726301968,0.3546382784843445,0.0,0.0,0,0,0,1,0.26666666666666666,180,258,0.6976744186046512,1
0.04310726731718685,0.34570443630218506,0.3333333333333333,0.0,1,6,2,11,0.2,1371,571,2.401050788091068,1
0.05257509766708757,0.27981001138687134,0.6363636363636364,0.0,1,11,7,17,0.4666666666666667,324,756,0.42857142857142855,1
0.050327917078157716,0.3234204351902008,0.5,0.0,1,2,1,5,0.4666666666666667,1073,586,1.8310580204778157,1
0.07670546080707277,0.41063904762268066,1.0,0.0,1,1,1,2,0.4666666666666667,954,336,2.8392857142857144,1
0.0547664804652733,0.5004164576530457,0.0,0.0,0,0,0,0,0.5333333333333333,589,376,1.5664893617021276,1
0.0419353045150743,0.4399881362915039,0.0,0.0,0,0,0,1,0.3,718,121,5.933884297520661,1
0.061489188091261554,0.37115156650543213,0.0,0.0,1,1,0,7,0.5333333333333333,440,300,1.4666666666666666,1
0.042887431732742703,0.3529202342033386,0.5,0.0,1,2,1,5,0.13333333333333333,570,452,1.261061946902655,1
0.04078043120479843,0.43293944001197815,0.3333333333333333,0.0,1,15,5,9,0.3333333333333333,295,380,0.7763157894736842,1
0.05095211433671129,0.42659199237823486,1.0,0.0,1,1,1,2,0.2,602,431,1.396751740139211,1
0.032129723399072364,0.41600632667541504,0.0,0.0,0,0,0,1,0.25,576,110,5.236363636363636,1
0.03950536617362661,0.29477179050445557,1.0,0.0,1,2,2,39,0.4666666666666667,2130,559,3.810375670840787,1
0.10011633032731442,0.5417382717132568,0.16666666666666666,0.0,1,6,1,12,0.8666666666666667,1153,238,4.84453781512605,1
0.009415807310365397,0.2747352421283722,0.0,0.0,1,2,0,1,0.25,171,73,2.3424657534246576,1
0.04114265590753141,0.29896417260169983,0.2,0.0,1,5,1,20,0.5333333333333333,640,1041,0.6147934678194045,1
0.030054312161153757,0.41255998611450195,0.0,0.0,0,0,0,12,0.0,580,42,13.80952380952381,1
0.08619232303809386,0.4663430452346802,1.0,0.0,1,1,1,2,0.6666666666666666,1695,336,5.044642857142857,1
0.03724818223844061,0.26848965883255005,0.0,0.0,0,0,0,0,0.2,604,214,2.822429906542056,1
0.06895870263939413,0.5197247862815857,1.0,0.0,1,1,1,1,0.4,578,370,1.5621621621621622,1
0.06154098134214704,0.343565434217453,0.0,0.0,0,0,0,7,0.6,536,1008,0.5317460317460317,1
0.03457530502203553,0.2766275405883789,0.4,0.0,1,5,2,9,0.3333333333333333,295,1041,0.28338136407300674,1
0.10126252834438795,0.5121636390686035,1.0,0.0,1,1,1,2,0.6,654,156,4.1923076923076925,1
0.04187943592562339,0.38442572951316833,0.0,0.0,0,0,0,9,0.5,609,91,6.6923076923076925,1
0.016661889920999613,0.3733847141265869,0.0,0.0,0,0,0,2,0.3333333333333333,238,172,1.3837209302325582,1
0.036126947403346356,0.2741106152534485,0.0,0.0,0,0,0,13,0.4,771,456,1.6907894736842106,1
0.017399476494693523,0.32069894671440125,0.0,0.0,1,2,0,1,0.25,724,73,9.917808219178083,1
0.03489227308291236,0.4117867648601532,0.0,0.0,0,0,0,0,0.2,361,378,0.955026455026455,1
0.01928712596975246,0.4177986979484558,0.5,0.0,1,2,1,1,0.375,489,147,3.326530612244898,1
0.07606320012262227,0.5383964776992798,1.0,0.0,1,1,1,1,0.625,553,216,2.560185185185185,1
0.045920149187088644,0.4297453761100769,1.0,0.0,1,1,1,1,0.13333333333333333,634,431,1.4709976798143851,1
0.03165747833153902,0.3699062764644623,0.3333333333333333,0.0,1,3,1,20,0.2857142857142857,640,269,2.379182156133829,1
0.04617625601601832,0.44939735531806946,0.0,0.0,1,1,0,1,0.7692307692307693,643,157,4.095541401273885,1
0.01809060984361977,0.3201506733894348,0.0,0.0,1,1,0,0,0.3333333333333333,361,79,4.569620253164557,1
0.10225597970713152,0.46375274658203125,1.0,0.0,1,1,1,1,0.6666666666666666,874,342,2.5555555555555554,1
0.024396586122114004,0.33617356419563293,0.0,0.0,1,1,0,7,0.2,465,127,3.661417322834646,1
0.03776598628368181,0.3188091218471527,0.0,0.0,1,1,0,2,0.2,809,475,1.7031578947368422,1
0.06436977400706428,0.40561890602111816,0.0,0.0,0,0,0,0,0.4666666666666667,521,574,0.9076655052264808,1
0.03887404801178731,0.35737624764442444,0.0,0.0,0,0,0,0,0.2,1020,456,2.236842105263158,1
0.02415631010710468,0.3992794156074524,0.0,0.0,1,1,0,2,0.5,605,113,5.353982300884955,1
0.01709111728610177,0.31157737970352173,0.0,0.0,1,1,0,1,0.0,154,431,0.35730858468677495,1
0.03556790239361839,0.26711568236351013,0.3333333333333333,0.0,1,3,1,19,0.26666666666666666,550,774,0.710594315245478,1
0.05372753521837066,0.28062698245048523,0.0,0.0,1,4,0,7,0.3333333333333333,194,606,0.3201320132013201,1
0.0658030677012058,0.46638455986976624,0.0,0.0,1,1,0,1,0.3333333333333333,642,291,2.2061855670103094,1
0.05058692224431595,0.3362988531589508,0.3333333333333333,0.0,1,3,1,1,0.26666666666666666,558,810,0.6888888888888889,1
0.07138595448170273,0.4851148724555969,0.0,0.0,1,1,0,0,0.5333333333333333,683,431,1.5846867749419953,1
0.06534718735348255,0.39394620060920715,0.0,0.0,0,0,0,19,0.26666666666666666,813,246,3.3048780487804876,1
0.06326461893749892,0.357561856508255,0.5,0.0,1,4,2,8,0.13333333333333333,857,456,1.8793859649122806,1
0.05478594214404583,0.4492188096046448,0.0,0.0,0,0,0,12,0.7,1153,108,10.675925925925926,1
0.025072893487363013,0.3179921805858612,0.0,0.0,1,1,0,1,0.3,698,127,5.496062992125984,1
0.018034121804221752,0.3680838942527771,0.0,0.0,1,8,0,1,0.2,592,193,3.0673575129533677,1
0.04848379310795137,0.4353286623954773,0.0,0.0,0,0,0,0,0.5333333333333333,883,263,3.3574144486692017,1
0.014104394395919909,0.3207452893257141,0.0,0.0,1,1,0,0,0.13333333333333333,224,431,0.5197215777262181,1
0.05317112654779475,0.24925115704536438,0.0,0.0,1,6,0,19,0.3333333333333333,813,877,0.927023945267959,1
0.06592241504692181,0.38916483521461487,0.0,0.0,1,2,0,1,0.4666666666666667,521,476,1.0945378151260505,1
0.03393924947109315,0.36609360575675964,0.5,0.0,1,2,1,23,0.5,2043,73,27.986301369863014,1
0.0675510348401756,0.32327204942703247,0.0,0.0,0,0,0,5,0.7333333333333333,1073,1008,1.064484126984127,1
0.06216802914486859,0.5295664072036743,0.75,0.0,1,4,3,6,0.3333333333333333,430,330,1.303030303030303,1
0.037027198930171215,0.2857641577720642,0.4,0.0,1,10,4,14,0.2,680,986,0.6896551724137931,1
0.02219833138176796,0.27577072381973267,0.0,0.0,1,2,0,0,0.25,590,73,8.082191780821917,1
0.0489171596754795,0.3464137017726898,0.5,0.0,1,2,1,1,0.2,255,586,0.4351535836177474,1
0.054799260361780115,0.3193836808204651,0.25,0.25,1,4,1,18,0.5333333333333333,604,606,0.9966996699669967,1
0.04466051110008209,0.3632165789604187,0.0,0.0,1,3,0,1,0.3333333333333333,519,194,2.6752577319587627,1
0.04760511815504633,0.32306772470474243,0.5,0.0,1,2,1,10,0.4,828,290,2.8551724137931034,1
0.08615944429938832,0.5572899580001831,0.0,0.0,1,6,0,10,0.4666666666666667,583,238,2.4495798319327733,1
0.05114414783027159,0.40636205673217773,0.0,0.0,0,0,0,1,0.4666666666666667,530,549,0.9653916211293261,1
0.019347301329221987,0.39349788427352905,0.0,0.0,1,1,0,9,0.0,295,41,7.195121951219512,1
0.013443537022629137,0.3529784083366394,0.0,0.0,1,8,0,0,0.1,515,193,2.66839378238342,1
0.04413945608348863,0.4562700390815735,0.0,0.0,0,0,0,0,0.4,603,376,1.6037234042553192,1
0.03892915178753028,0.31165722012519836,1.0,0.0,1,1,1,5,0.4,760,127,5.984251968503937,1
0.047519911502364356,0.38605812191963196,0.0,0.0,0,0,0,1,0.3333333333333333,578,452,1.2787610619469028,1
0.05301577284686817,0.3356512784957886,0.5,0.0,1,10,5,20,0.26666666666666666,619,717,0.8633193863319386,1
0.027310797411987373,0.2874768078327179,0.0,0.0,1,6,0,1,0.13333333333333333,501,636,0.7877358490566038,1
0.06597433805984122,0.48951688408851624,1.0,0.0,1,4,4,7,0.5333333333333333,790,330,2.393939393939394,1
0.05647983845303091,0.38700079917907715,1.0,0.0,1,1,1,1,0.5,553,121,4.570247933884297,1
0.041891672208480626,0.429221510887146,0.0,0.0,1,1,0,9,0.6666666666666666,431,41,10.512195121951219,1
0.021697969740229923,0.4558885991573334,0.0,0.0,0,0,0,7,0.0,213,46,4.630434782608695,1
0.05340172916272869,0.4208948612213135,0.0,0.0,1,1,0,0,0.3333333333333333,361,336,1.0744047619047619,1
0.09675513250094642,0.5180168747901917,1.0,0.0,1,1,1,1,0.7333333333333333,583,156,3.7371794871794872,1
0.0531433001218453,0.40434369444847107,0.0,0.0,0,0,0,7,0.26666666666666666,1006,456,2.206140350877193,1
0.05646525453895645,0.4533807635307312,0.5,0.0,1,2,1,7,0.375,536,147,3.6462585034013606,1
0.02977766171579489,0.3245890140533447,1.0,0.0,1,1,1,1,0.2,530,301,1.760797342192691,1
0.024628903828565148,0.4251474440097809,0.0,0.0,0,0,0,8,0.0,736,121,6.082644628099174,1
0.034658481866666785,0.24013467133045197,0.16666666666666666,0.0,1,6,1,9,0.2,295,877,0.3363740022805017,1
0.0330044139792977,0.3392186462879181,1.0,0.0,1,2,2,7,0.3333333333333333,683,559,1.221824686940966,1
0.05415506460066015,0.5028619766235352,0.06666666666666667,0.0,1,15,1,3,0.26666666666666666,558,380,1.4684210526315788,1
0.019324525848829675,0.3583337068557739,0.0,0.0,0,0,0,9,0.375,1283,101,12.702970297029703,1
0.035670567718557714,0.3848474323749542,0.0,0.0,0,0,0,0,0.13333333333333333,288,328,0.8780487804878049,1
0.047454758914078084,0.3822583258152008,0.0,0.0,1,1,0,7,0.4,683,475,1.4378947368421053,1
0.08065221929499491,0.46572086215019226,1.0,0.0,1,1,1,1,0.5333333333333333,680,575,1.182608695652174,1
0.04083756278948295,0.3719013035297394,0.0,0.0,0,0,0,3,0.625,599,101,5.930693069306931,1
0.05698182310118507,0.5156766772270203,0.0,0.0,1,1,0,0,0.5,521,216,2.412037037037037,1
0.019276536746245385,0.36599600315093994,0.0,0.0,0,0,0,2,0.2,527,64,8.234375,1
0.050447841251069936,0.34457066655158997,0.0,0.0,1,12,0,1,0.3333333333333333,641,532,1.2048872180451127,1
0.0357356392542204,0.298725426197052,0.0,0.0,1,1,0,39,0.7142857142857143,2130,121,17.60330578512397,1
0.0831751646811019,0.5732284784317017,0.0,0.0,0,0,0,2,0.8,954,145,6.5793103448275865,1
0.027151279542559675,0.3054811656475067,0.0,0.0,1,10,0,1,0.2,501,986,0.5081135902636917,1
0.047776044748704616,0.3832070827484131,0.0,0.0,1,1,0,0,0.26666666666666666,364,810,0.44938271604938274,1
0.024025095634347567,0.2984265089035034,0.0,0.0,1,2,0,1,0.13333333333333333,620,290,2.1379310344827585,1
0.04961304022853931,0.3905361592769623,1.0,0.0,1,2,2,14,0.5,665,73,9.10958904109589,1
0.036831771936544994,0.39452290534973145,0.0,0.0,0,0,0,13,0.5,504,101,4.99009900990099,1
0.036092654107370004,0.35590264201164246,0.0,0.0,1,2,0,1,0.3333333333333333,684,290,2.3586206896551722,1
0.01153175504557752,0.363288551568985,0.0,0.0,1,2,0,0,0.25,787,73,10.780821917808218,1
0.06811219995951771,0.33469584584236145,0.0,0.0,1,1,0,1,0.4,576,438,1.3150684931506849,1
0.038261144200254116,0.3296242654323578,0.0,0.0,0,0,0,1,0.3333333333333333,578,518,1.1158301158301158,1
0.03506383071811842,0.3347827196121216,0.0,0.0,0,0,0,2,0.2,245,1008,0.24305555555555555,1
0.06411157096972339,0.305270254611969,0.3333333333333333,0.0,1,6,2,10,0.3333333333333333,583,664,0.8780120481927711,1
0.06592766749323481,0.4181835651397705,0.0,0.0,1,2,0,1,0.6,969,476,2.0357142857142856,1
0.048820001333376634,0.38211867213249207,0.3333333333333333,0.0,1,12,4,9,0.5,295,312,0.9455128205128205,1
0.018021191434383,0.27661216259002686,0.0,0.0,0,0,0,13,0.06666666666666667,276,246,1.1219512195121952,1
0.06887301808148032,0.43477925658226013,0.0,0.0,0,0,0,0,0.6666666666666666,579,549,1.0546448087431695,1
0.07169383479504342,0.3196726441383362,0.4,0.0,1,5,2,12,0.6,399,1041,0.38328530259365995,1
0.03965768428249099,0.3973408639431,0.0,0.0,0,0,0,7,0.625,808,101,8.0,1
0.08636203110942776,0.34642794728279114,0.3333333333333333,0.0,1,3,1,8,0.5333333333333333,857,810,1.0580246913580247,1
0.037196623657186345,0.330921471118927,0.0,0.0,0,0,0,0,0.2,361,258,1.3992248062015504,1
0.056277258933467376,0.3606811463832855,0.875,0.0,1,8,7,35,0.4,1940,143,13.566433566433567,1
0.012146813001499827,0.36081528663635254,0.0,0.0,1,2,0,2,0.25,625,73,8.561643835616438,1
0.022292606880399406,0.3046622574329376,0.0,0.0,1,2,0,2,0.25,527,73,7.219178082191781,1
0.05517992418556137,0.4277828633785248,0.0,0.0,0,0,0,1,0.4666666666666667,578,415,1.3927710843373493,1
0.052137291804100316,0.3247223198413849,1.0,0.0,1,1,1,39,0.4,2130,681,3.1277533039647576,1
0.028368489191045353,0.3743637502193451,0.0,0.0,1,1,0,0,0.3333333333333333,361,121,2.9834710743801653,1
0.072251318102814,0.4253235161304474,1.0,0.0,1,2,2,13,0.8333333333333334,899,183,4.912568306010929,1
0.03351014031724027,0.2901764512062073,0.0,0.0,1,5,0,3,0.2,268,1041,0.2574447646493756,1
0.03713820033659415,0.28446805477142334,0.0,0.0,0,0,0,1,0.3333333333333333,680,214,3.177570093457944,1
0.050329127668239694,0.4522278904914856,0.8333333333333334,0.0,1,6,5,12,0.3333333333333333,577,369,1.5636856368563685,1
0.03208130482994915,0.3639654219150543,0.0,0.0,1,2,0,7,0.5,1269,73,17.383561643835616,1
0.05765602169567957,0.3916688859462738,0.07142857142857142,0.0,1,14,1,1,0.4,951,611,1.5564648117839608,1
0.023747702849718475,0.3258960545063019,1.0,0.0,1,1,1,17,0.13333333333333333,324,456,0.7105263157894737,1
0.039364927956323376,0.43668460845947266,0.0,0.0,1,1,0,1,0.0,652,113,5.769911504424779,1
0.07103500953608202,0.3880594074726105,0.3,0.0,1,10,3,12,0.4666666666666667,399,717,0.5564853556485355,1
0.06720563808525433,0.39437487721443176,0.0,0.0,1,18,0,1,0.4666666666666667,718,326,2.2024539877300615,1
0.0441992358578006,0.45982035994529724,0.0,0.0,0,0,0,11,0.2,2164,82,26.390243902439025,1
0.0295665605568551,0.39120587706565857,0.75,0.0,1,4,3,5,0.26666666666666666,570,330,1.7272727272727273,1
0.05208130558938194,0.5170252919197083,1.0,0.0,1,1,1,2,0.5,1058,216,4.898148148148148,1
0.065732116241277,0.4029788374900818,0.0,0.0,1,1,0,3,0.4666666666666667,465,519,0.8959537572254336,1
0.021967763811806644,0.2962464392185211,0.0,0.0,1,1,0,1,0.5,1657,127,13.047244094488189,1
0.047053412639761365,0.25618112087249756,0.16666666666666666,0.0,1,6,1,7,0.26666666666666666,213,877,0.24287343215507412,1
0.06092245037151106,0.34004732966423035,0.0,0.0,0,0,0,0,0.3333333333333333,759,565,1.343362831858407,1
0.05771284147542532,0.3583860695362091,1.0,0.0,1,1,1,1,0.3333333333333333,576,301,1.9136212624584719,1
0.031212280780525497,0.3716820776462555,0.0,0.0,1,5,0,1,0.2,521,492,1.0589430894308942,1
0.04874198100697694,0.37905147671699524,0.0,0.0,0,0,0,4,0.4,747,231,3.2337662337662336,1
0.05578497773462549,0.371431440114975,0.0,0.0,1,1,0,1,0.6666666666666666,521,41,12.707317073170731,1
0.07501650958173169,0.3956030011177063,0.0,0.0,0,0,0,1,0.4,590,552,1.068840579710145,1
0.04873336541590068,0.49917536973953247,1.0,0.0,1,1,1,1,0.26666666666666666,578,253,2.2845849802371543,1
0.04793079832379216,0.33974385261535645,0.0,0.0,1,1,0,17,0.4666666666666667,707,300,2.3566666666666665,1
0.05389866840540914,0.34352922439575195,0.0,0.0,1,14,0,2,0.2,640,611,1.0474631751227497,1
0.004709688714057195,0.4884995222091675,0.0,0.0,0,0,0,0,0.0,518,11,47.09090909090909,1
0.010857774330630747,0.43994903564453125,0.0,0.0,1,1,0,3,0.0,630,36,17.5,1
0.05054943713790636,0.39270034432411194,0.0,0.0,0,0,0,1,0.2,521,246,2.1178861788617884,1
0.06756685488647084,0.33483004570007324,0.0,0.0,0,0,0,7,0.4,683,1008,0.6775793650793651,1
0.03456225859150882,0.42909273505210876,0.0,0.0,0,0,0,9,0.375,321,101,3.1782178217821784,1
0.02928163723136426,0.3551253080368042,0.0,0.0,0,0,0,1,0.0,578,65,8.892307692307693,1
0.04749309698099973,0.4188368022441864,0.25,0.0,1,4,1,18,0.6666666666666666,929,96,9.677083333333334,1
0.07143868693823387,0.4612566828727722,0.21428571428571427,0.0,1,14,3,17,0.4,634,520,1.2192307692307693,1
0.07245725214492614,0.5672173500061035,1.0,0.0,1,1,1,1,0.6666666666666666,553,125,4.424,1
0.03247193378858556,0.3979930579662323,0.0,0.0,1,1,0,2,0.25,527,113,4.663716814159292,1
0.042932164749949535,0.3362184464931488,0.0,0.0,0,0,0,18,0.3333333333333333,929,246,3.7764227642276422,1
0.043164219130262214,0.4065071642398834,0.125,0.0,1,8,1,10,0.3,647,193,3.3523316062176165,1
0.046619460478098056,0.33102646470069885,0.3333333333333333,0.0,1,3,1,5,0.26666666666666666,741,810,0.9148148148148149,1
0.0313729081018738,0.3773467242717743,0.0,0.0,1,6,0,0,0.3333333333333333,515,369,1.3956639566395663,1
0.0613743811104636,0.3699577748775482,1.0,0.0,1,1,1,7,0.13333333333333333,683,519,1.3159922928709056,1
0.04222845422935436,0.369123250246048,1.0,0.0,1,1,1,1,0.3333333333333333,530,291,1.8213058419243986,1
0.02376107350515685,0.3124808967113495,0.0,0.0,0,0,0,1,0.2,726,456,1.5921052631578947,1
0.0383062728975428,0.3838377296924591,0.0,0.0,1,2,0,3,0.5,808,73,11.068493150684931,1
0.062129898851717776,0.4299704432487488,0.13333333333333333,0.0,1,15,2,12,0.4666666666666667,577,382,1.5104712041884816,1
0.04269485481845745,0.2995970547199249,0.0,0.0,1,6,0,0,0.26666666666666666,1152,664,1.7349397590361446,1
0.0135954623758656,0.4140808582305908,0.0,0.0,0,0,0,0,0.0,614,42,14.619047619047619,1
0.035081179949167804,0.2859968841075897,0.0,0.0,0,0,0,3,0.4,270,311,0.8681672025723473,1
0.053359687480406384,0.3272191882133484,0.0,0.0,1,3,0,8,0.2,837,700,1.1957142857142857,1
0.06788355324219066,0.4827045202255249,0.0,0.0,1,1,0,1,0.6,746,431,1.7308584686774942,1
0.04413995751465237,0.509674072265625,0.0,0.0,0,0,0,7,0.6,1206,32,37.6875,1
0.05478162908350926,0.402822345495224,0.5,0.0,1,8,4,19,0.13333333333333333,542,262,2.068702290076336,1
0.05080784480226055,0.5290029048919678,0.0,0.0,0,0,0,1,0.5,586,91,6.43956043956044,1
0.031617694454247995,0.3989204466342926,0.0,0.0,0,0,0,1,1.0,874,51,17.137254901960784,1
0.01339639506168926,0.36252468824386597,0.0,0.0,0,0,0,1,0.0,652,108,6.037037037037037,1
0.024724036459071577,0.5225515365600586,0.0,0.0,0,0,0,0,0.0,603,11,54.81818181818182,1
0.05592017028761824,0.4244116544723511,0.0,0.0,0,0,0,10,0.6666666666666666,828,465,1.7806451612903227,1
0.07025112524474546,0.33440348505973816,0.0,0.0,1,1,0,5,0.5333333333333333,608,475,1.28,1
0.02156148836011487,0.3983078896999359,0.0,0.0,1,1,0,20,0.3333333333333333,640,41,15.609756097560975,1
0.038344750734379776,0.3592507541179657,0.5,0.0,1,4,2,20,0.5333333333333333,662,478,1.3849372384937237,1
0.0338982652219523,0.26168718934059143,0.0,0.0,1,3,0,1,0.3333333333333333,521,438,1.1894977168949772,1
0.02035397111405195,0.3600029945373535,0.25,0.0,1,8,2,13,0.1,409,193,2.1191709844559585,1
0.027797020821909112,0.37624433636665344,0.0,0.0,1,8,0,1,0.3333333333333333,730,262,2.786259541984733,1
0.0661464409843897,0.35401085019111633,0.0,0.0,0,0,0,2,0.3333333333333333,277,456,0.6074561403508771,1
0.06632944706121156,0.48830124735832214,0.0,0.0,1,9,0,2,0.4,527,306,1.7222222222222223,1
0.04707079653703873,0.30616939067840576,0.6666666666666666,0.0,1,3,2,18,0.42857142857142855,929,269,3.453531598513011,1
0.06993545252075603,0.3993142545223236,0.3333333333333333,0.0,1,6,2,15,0.5333333333333333,1104,279,3.956989247311828,1
0.02797626954158004,0.2844390869140625,0.0,0.0,1,6,0,3,0.13333333333333333,558,571,0.9772329246935202,1
0.02496095848983052,0.325236439704895,0.0,0.0,0,0,0,0,0.3333333333333333,620,328,1.8902439024390243,1
0.04274289300954995,0.5264069437980652,0.0,0.0,0,0,0,1,0.2857142857142857,578,132,4.378787878787879,1
0.04750290126929017,0.373524934053421,0.0,0.0,0,0,0,0,0.4,650,231,2.813852813852814,1
0.04659076386860487,0.34458479285240173,0.3333333333333333,0.0,1,3,1,7,0.5,1246,269,4.631970260223048,1
0.040693970563081217,0.4229448437690735,0.125,0.0,1,8,1,7,0.2,1246,193,6.455958549222798,1
0.02302197641893407,0.32685422897338867,0.0,0.0,1,1,0,3,0.2857142857142857,315,124,2.5403225806451615,1
0.03641746898666334,0.4192821979522705,0.0,0.0,1,2,0,1,0.45454545454545453,501,171,2.9298245614035086,1
0.015559404418066474,0.4331166744232178,0.0,0.0,0,0,0,1,0.0,530,11,48.18181818181818,1
0.07440220126083831,0.43822723627090454,0.26666666666666666,0.0,1,15,4,7,0.5333333333333333,440,382,1.1518324607329844,1
0.04923410228100674,0.43842819333076477,1.0,0.0,1,1,1,2,0.375,331,216,1.5324074074074074,1
0.04102895562479062,0.3018724024295807,0.3,0.0,1,10,3,18,0.13333333333333333,929,986,0.9421906693711968,1
0.03881163371740946,0.3217267692089081,0.0,0.0,1,8,0,0,0.26666666666666666,490,262,1.8702290076335877,1
0.04790530206951353,0.42052486538887024,0.0,0.0,0,0,0,0,0.3333333333333333,358,378,0.9470899470899471,1
0.024355440348520597,0.25551632046699524,0.2,0.0,1,5,1,13,0.13333333333333333,276,1041,0.26512968299711814,1
0.08487456038975347,0.5031000971794128,0.0,0.0,1,1,0,1,0.4666666666666667,590,336,1.755952380952381,1
0.016638369790599124,0.2891983985900879,0.0,0.0,0,0,0,13,0.0,340,78,4.358974358974359,1
0.034146620511802055,0.38896089792251587,0.0,0.0,1,2,0,0,0.4166666666666667,1152,183,6.295081967213115,1
0.05852071349284464,0.45002204179763794,1.0,0.0,1,1,1,1,0.4666666666666667,578,306,1.8888888888888888,1
0.06053452359920896,0.3432075083255768,0.16666666666666666,0.0,1,6,1,10,0.26666666666666666,647,555,1.1657657657657658,1
0.09441780415704924,0.48223406076431274,0.6666666666666666,0.0,1,6,4,18,0.7333333333333333,1533,387,3.9612403100775193,1
0.02896477850735518,0.41493120789527893,1.0,0.0,1,1,1,1,0.06666666666666667,620,270,2.2962962962962963,1
0.08576994405095717,0.3896583020687103,0.25,0.0,1,8,2,14,0.13333333333333333,409,468,0.8739316239316239,1
0.022014003257988763,0.314723402261734,0.0,0.0,1,2,0,12,0.5,580,73,7.945205479452055,1
0.026403407081623503,0.3734755218029022,0.0,0.0,1,2,0,5,0.5,760,73,10.41095890410959,1
0.053846061897321086,0.43609073758125305,0.0,0.0,1,1,0,0,0.5384615384615384,609,157,3.878980891719745,1
0.04091704951577553,0.3810286521911621,0.0,0.0,0,0,0,9,0.2,644,214,3.0093457943925235,1
0.05221364818092523,0.3622056245803833,0.0,0.0,0,0,0,18,0.26666666666666666,535,246,2.1747967479674797,1
0.0717415641575191,0.4229796230792999,1.0,0.0,1,1,1,1,0.4666666666666667,874,336,2.6011904761904763,1
0.044148472305726584,0.3993114233016968,0.0,0.0,1,6,0,1,0.4,235,238,0.9873949579831933,1
0.057031225756398046,0.42716947197914124,1.0,0.0,1,1,1,2,0.8333333333333334,1695,121,14.008264462809917,1
0.03525045103209193,0.3706992566585541,0.3333333333333333,0.0,1,9,3,12,0.26666666666666666,399,553,0.7215189873417721,1
0.020228983751597325,0.49201059341430664,0.0,0.0,0,0,0,0,0.0,361,11,32.81818181818182,1
0.06361577428106234,0.4956970810890198,0.0,0.0,0,0,0,2,0.7333333333333333,1695,145,11.689655172413794,1
0.03788925502401374,0.37699761986732483,1.0,0.0,1,1,1,2,0.26666666666666666,608,336,1.8095238095238095,1
0.05870996120442596,0.3560280501842499,0.5,0.0,1,2,1,2,0.3333333333333333,554,650,0.8523076923076923,1
0.06691037505079642,0.40447643399238586,0.5,0.0,1,2,1,5,0.4,2112,568,3.7183098591549295,1
0.044413135120912675,0.29913780093193054,0.0,0.0,1,5,0,8,0.3333333333333333,443,1041,0.425552353506244,1
0.06462817446710374,0.5024369359016418,0.0,0.0,1,1,0,0,0.4666666666666667,521,291,1.7903780068728523,1
0.05034420978379819,0.35989710688591003,0.3333333333333333,0.0,1,6,2,17,0.4,352,434,0.8110599078341014,1
0.059240855321490454,0.41849786043167114,0.0,0.0,0,0,0,4,0.6,702,263,2.6692015209125475,1
0.049925877731308486,0.3619943857192993,0.0,0.0,1,6,0,0,0.06666666666666667,529,440,1.2022727272727274,1
0.08463161645480011,0.3905547857284546,1.0,0.0,1,1,1,2,0.4666666666666667,1058,438,2.415525114155251,1
0.04989598888349096,0.43366992473602295,0.0,0.0,1,2,0,3,0.4166666666666667,315,183,1.721311475409836,1
0.02605599528197099,0.31891384720802307,0.3333333333333333,0.0,1,3,1,21,0.2857142857142857,443,269,1.6468401486988848,1
0.038176366260952596,0.4247053861618042,0.0,0.0,0,0,0,0,0.4,883,328,2.692073170731707,1
0.063831914600153,0.40531790256500244,0.0,0.0,1,1,0,1,0.6,674,431,1.5638051044083527,1
0.027909234670104643,0.35252493619918823,0.0,0.0,0,0,0,0,0.2,518,145,3.5724137931034483,1
0.03646188351025105,0.3211296796798706,0.0,0.0,1,2,0,1,0.13333333333333333,586,290,2.0206896551724136,1
0.04655695079691986,0.2920319736003876,0.3333333333333333,0.0,1,6,2,17,0.2,352,546,0.6446886446886447,1
0.055557871825906054,0.36723169684410095,1.0,0.0,1,1,1,2,0.4,238,681,0.34948604992657856,1
0.03689670644690118,0.32313624024391174,0.0,0.0,1,4,0,3,0.2727272727272727,585,193,3.0310880829015545,1
0.03199673035842762,0.27663740515708923,0.0,0.0,1,1,0,39,0.6,2130,127,16.771653543307085,1
0.045695896353766925,0.3181798756122589,0.0,0.0,1,5,0,1,0.4666666666666667,501,1041,0.4812680115273775,1
0.046081540520833485,0.3673311173915863,0.0,0.0,0,0,0,4,0.3333333333333333,702,172,4.0813953488372094,1
0.023282103149954,0.38309237360954285,0.0,0.0,0,0,0,3,0.0,367,42,8.738095238095237,1
0.025683085205416303,0.358527809381485,0.0,0.0,0,0,0,2,0.3333333333333333,1304,172,7.5813953488372094,1
0.05730034292528338,0.4376694858074188,0.4,0.0,1,15,6,17,0.4666666666666667,707,382,1.850785340314136,1
0.06908585119123647,0.5177929997444153,0.3333333333333333,0.0,1,6,2,11,0.4,1321,278,4.751798561151079,1
0.03999954886256118,0.32125675678253174,0.0,0.0,1,5,0,0,0.26666666666666666,467,395,1.1822784810126583,1
0.042821751375437436,0.37786000967025757,0.3333333333333333,0.0,1,6,2,11,0.26666666666666666,2164,369,5.86449864498645,1
0.06583285482507797,0.4220467209815979,0.0,0.0,0,0,0,1,0.26666666666666666,590,666,0.8858858858858859,1
0.03735734907839786,0.39911091327667236,0.0,0.0,0,0,0,0,0.4,469,145,3.2344827586206897,1
0.06343053904055154,0.4657122790813446,1.0,0.0,1,1,1,1,0.6923076923076923,695,157,4.426751592356688,1
0.024522100085849607,0.28131523728370667,1.0,0.0,1,2,2,5,0.06666666666666667,570,559,1.0196779964221825,1
0.029230286852169145,0.26954972743988037,0.0,0.0,1,4,0,13,0.13333333333333333,276,606,0.45544554455445546,1
0.04165471529987097,0.3804704546928406,0.0,0.0,1,5,0,2,0.5333333333333333,527,285,1.8491228070175438,1
0.047323498325000775,0.3926066756248474,0.0,0.0,1,1,0,9,0.13333333333333333,476,300,1.5866666666666667,1
0.08065214251904651,0.455736368894577,0.375,0.0,1,8,3,9,0.6,1000,262,3.816793893129771,1
0.09377203965524128,0.5059369206428528,0.0,0.0,0,0,0,0,0.7142857142857143,609,85,7.1647058823529415,1
0.06469215767587964,0.4371880292892456,0.0,0.0,0,0,0,0,0.26666666666666666,650,456,1.4254385964912282,1
0.06562626294651748,0.3942190706729889,1.0,0.0,1,1,1,2,0.3333333333333333,703,681,1.0323054331864905,1
0.05762602784481109,0.45207875967025757,0.0,0.0,0,0,0,2,0.4666666666666667,1695,378,4.484126984126984,1
0.05298054698895361,0.410259485244751,0.5,0.0,1,2,1,7,0.5,683,183,3.73224043715847,1
0.04926332500876211,0.46544286608695984,0.0,0.0,1,1,0,5,0.5,760,113,6.725663716814159,1
0.050006831489279716,0.3514857888221741,0.0,0.0,1,1,0,0,0.6666666666666666,863,300,2.8766666666666665,1
0.01712706931161395,0.2712308168411255,0.0,0.0,1,2,0,1,0.2857142857142857,586,158,3.7088607594936707,1
0.05457342346122187,0.48634493350982666,0.0,0.0,0,0,0,0,0.26666666666666666,358,376,0.9521276595744681,1
0.04443935560348773,0.3360712230205536,0.0,0.0,0,0,0,0,0.26666666666666666,288,231,1.2467532467532467,1
0.0396234292370766,0.4354194700717926,0.0,0.0,0,0,0,0,0.4666666666666667,589,145,4.062068965517241,1
0.04516130521701106,0.3438470661640167,0.0,0.0,1,1,0,10,0.4666666666666667,781,475,1.6442105263157896,1
0.0535928324863202,0.387948215007782,0.2,0.0,1,15,3,9,0.4,476,382,1.2460732984293195,1
0.022783116096075213,0.36052006483078003,0.3333333333333333,0.0,1,9,3,20,0.2,640,553,1.1573236889692586,1
0.07244529709704656,0.44824206829071045,1.0,0.0,1,1,1,3,0.8461538461538461,584,157,3.7197452229299364,1
0.03562965739589589,0.402386873960495,0.0,0.0,0,0,0,1,0.8333333333333334,586,172,3.4069767441860463,1
0.0503665123014948,0.41457608342170715,0.0,0.0,1,1,0,0,0.5,521,121,4.305785123966942,1
0.03721077838202384,0.3836860656738281,0.0,0.0,1,6,0,1,0.4,592,369,1.6043360433604337,1
0.022322995227981063,0.5587114691734314,0.0,0.0,0,0,0,2,0.0,1695,11,154.0909090909091,1
0.08759348472660095,0.4555109143257141,0.0,0.0,1,1,0,0,0.8,582,342,1.7017543859649122,1
0.0523370969855234,0.4537990093231201,0.0,0.0,0,0,0,7,0.4,440,121,3.6363636363636362,1
0.05242692747384102,0.4017176032066345,0.0,0.0,1,1,0,0,0.3333333333333333,521,349,1.492836676217765,1
0.06071135042324307,0.4256860911846161,0.0,0.0,1,8,0,2,0.6,527,661,0.7972768532526475,1
0.10167484824065734,0.588147759437561,0.0,0.0,0,0,0,1,0.8571428571428571,526,85,6.188235294117647,1
0.05947094137475445,0.3858200013637543,0.0,0.0,1,1,0,0,0.4,451,810,0.5567901234567901,1
0.01979217788314456,0.23131823539733887,0.0,0.0,0,0,0,8,0.0,579,82,7.060975609756097,1
0.03767603013526113,0.43944859504699707,0.0,0.0,1,8,0,11,0.2,612,193,3.1709844559585494,1
0.025276967387746107,0.40439701080322266,0.0,0.0,1,2,0,1,0.42857142857142855,530,158,3.3544303797468356,1
0.06277374588795454,0.5174965262413025,0.75,0.0,1,4,3,6,0.3333333333333333,434,330,1.3151515151515152,1
0.02930936999773415,0.3929094672203064,0.125,0.0,1,8,1,8,0.2,443,193,2.295336787564767,1
0.0298165162271752,0.3494632840156555,0.0,0.0,0,0,0,2,0.16666666666666666,1090,172,6.337209302325581,1
0.018850981794942767,0.4020358920097351,0.0,0.0,0,0,0,2,0.0,608,51,11.92156862745098,1
0.02438345098478723,0.3538384437561035,0.0,0.0,1,6,0,0,0.13333333333333333,1152,278,4.143884892086331,1
0.027628835934446542,0.3704986572265625,0.375,0.0,1,8,3,21,0.2,443,193,2.295336787564767,1
0.030442994413580914,0.34235304594039917,0.0,0.0,1,6,0,1,0.26666666666666666,519,369,1.4065040650406504,1
0.05057594520802147,0.36346572637557983,0.0,0.0,0,0,0,0,0.26666666666666666,579,258,2.244186046511628,1
0.07865095843694474,0.4054427444934845,1.0,0.0,1,1,1,3,0.6,584,810,0.7209876543209877,1
0.04545674008498765,0.33098796010017395,0.0,0.0,1,1,0,0,0.26666666666666666,358,297,1.2053872053872055,1
0.03253843941768812,0.3782269358634949,0.0,0.0,1,8,0,1,0.1,501,193,2.5958549222797926,1
0.08723013207969182,0.44414666295051575,1.0,0.0,1,1,1,1,0.5333333333333333,526,810,0.6493827160493827,1
0.04020026726351154,0.26918989419937134,0.0,0.5,1,7,1,2,0.2,527,715,0.737062937062937,1
0.06943252670928511,0.45591530203819275,1.0,0.0,1,3,3,12,0.5333333333333333,864,582,1.4845360824742269,1
0.040784581399340485,0.4206199049949646,0.0,0.0,1,1,0,1,0.2857142857142857,255,121,2.1074380165289255,1
0.03232086735581919,0.34248173236846924,0.0,0.0,1,5,0,1,0.2,501,492,1.0182926829268293,1
0.03759696125535905,0.3976512849330902,0.2,0.0,1,5,1,4,0.4,618,492,1.2560975609756098,1
0.03853705883900215,0.2633015811443329,0.0,0.0,1,13,0,8,0.3333333333333333,443,415,1.0674698795180724,1
0.03003960054873955,0.43549036979675293,0.0,0.0,1,1,0,0,0.25,469,216,2.1712962962962963,1
0.05351565910478081,0.445560097694397,0.6666666666666666,0.0,1,3,2,7,0.13333333333333333,465,582,0.7989690721649485,1
0.022692460035769683,0.29223331809043884,0.0,0.0,1,1,0,1,0.5,1640,127,12.913385826771654,1
0.03032558375946341,0.4423534572124481,0.0,0.0,0,0,0,2,0.3,1350,108,12.5,1
0.04827130904492492,0.32563602924346924,0.2857142857142857,0.0,1,7,2,11,0.4,524,696,0.7528735632183908,1
0.03859892521256395,0.3762216567993164,0.375,0.0,1,8,3,19,0.1,542,143,3.7902097902097904,1
0.035966295681497965,0.22377505898475647,0.0,0.0,1,6,0,7,0.06666666666666667,213,636,0.33490566037735847,1
0.05528246268532273,0.2983766198158264,0.3333333333333333,0.0,1,3,1,5,0.26666666666666666,760,810,0.9382716049382716,1
0.04021119346906977,0.38046133518218994,0.0,0.0,1,3,0,1,0.13333333333333333,295,582,0.506872852233677,1
0.0417562484395039,0.3542088270187378,0.3333333333333333,0.0,1,9,3,19,0.13333333333333333,813,553,1.4701627486437614,1
0.059043737591571915,0.3295232355594635,0.4,0.0,1,5,2,18,0.4666666666666667,535,1041,0.5139289145052833,1
0.03849818518255649,0.3924744725227356,0.5,0.0,1,8,4,13,0.26666666666666666,276,661,0.4175491679273828,1
0.046076779025678305,0.33103686571121216,0.5,0.0,1,2,1,23,0.4,2043,290,7.044827586206897,1
0.047199108174816005,0.4121944308280945,0.0,0.0,0,0,0,0,0.26666666666666666,541,456,1.1864035087719298,1
0.0904092987405582,0.45304545760154724,0.875,0.0,1,8,7,35,0.6666666666666666,1734,262,6.6183206106870225,1
0.06403864244228295,0.32934510707855225,0.23076923076923078,0.0,1,13,3,15,0.4,1104,415,2.6602409638554216,1
0.053012863681642056,0.3117559850215912,1.0,0.0,1,1,1,11,0.26666666666666666,727,728,0.9986263736263736,1
0.07506671723984554,0.4000529944896698,0.09090909090909091,0.0,1,11,1,4,0.6666666666666666,810,351,2.3076923076923075,1
0.08084278859946221,0.45069167017936707,1.0,0.0,1,1,1,2,0.6,954,291,3.2783505154639174,1
0.03396056731231025,0.25214657187461853,0.0,0.0,1,2,0,0,0.4,590,290,2.0344827586206895,1
0.04323944491433801,0.41381263732910156,0.0,0.0,0,0,0,0,0.3076923076923077,579,248,2.3346774193548385,1
0.060737535497553743,0.4408420920372009,0.0,0.0,1,1,0,0,0.26666666666666666,579,291,1.9896907216494846,1
0.035514002206012016,0.410190224647522,0.0,0.0,0,0,0,5,0.375,542,101,5.366336633663367,1
0.021645774360274428,0.3521426320075989,0.0,0.0,1,1,0,13,0.42857142857142855,2230,124,17.983870967741936,1
0.05899014087634699,0.4620932936668396,0.25,0.0,1,8,2,15,0.5,1104,193,5.72020725388601,1
0.029087463847051034,0.43667349219322205,0.0,0.0,0,0,0,2,0.375,1695,110,15.409090909090908,1
0.06558820745724779,0.4167243242263794,0.0,0.0,1,1,0,0,0.4,759,336,2.2589285714285716,1
0.01101574070806223,0.44243669509887695,0.25,0.0,1,8,2,9,0.2,295,193,1.528497409326425,1
0.045910442754790746,0.3882787525653839,1.0,0.0,1,2,2,9,0.3333333333333333,1000,559,1.7889087656529516,1
0.04561955984124493,0.4422060549259186,0.42857142857142855,0.0,1,7,3,18,0.625,929,139,6.683453237410072,1
0.03892066473380455,0.4249000549316406,1.0,0.0,1,1,1,18,0.4,1533,118,12.991525423728813,1
0.0589269250128656,0.41479364037513733,0.5,0.0,1,2,1,11,0.4,663,287,2.3101045296167246,1
0.0505367097277709,0.350221186876297,0.16666666666666666,0.0,1,6,1,12,0.4,580,440,1.3181818181818181,1
0.03728554459604544,0.4068528115749359,1.0,0.0,1,1,1,10,0.13333333333333333,828,273,3.032967032967033,1
0.04969335239475502,0.3598983585834503,0.0,0.0,0,0,0,0,0.4,603,574,1.0505226480836236,1
0.04541757464604737,0.47961315512657166,1.0,0.0,1,1,1,6,0.26666666666666666,1495,273,5.476190476190476,1
0.039747217542825494,0.46690624952316284,0.0,0.0,0,0,0,1,0.4666666666666667,578,233,2.48068669527897,1
0.028448564486918522,0.31446313858032227,0.0,0.0,1,6,0,2,0.06666666666666667,256,440,0.5818181818181818,1
0.045579869128344386,0.28101426362991333,0.0,0.0,1,6,0,7,0.26666666666666666,1246,877,1.4207525655644242,1
0.038585773413025826,0.44106173515319824,0.0,0.0,0,0,0,2,0.3333333333333333,1304,328,3.975609756097561,1
0.021874965529492762,0.35000649094581604,0.0,0.0,1,1,0,2,0.06666666666666667,256,273,0.9377289377289377,1
0.09763778443180815,0.3753953278064728,0.6,0.0,1,5,3,12,0.5333333333333333,1153,395,2.918987341772152,1
0.025822083540717022,0.19273442029953003,0.0,0.0,0,0,0,0,0.09090909090909091,1591,78,20.397435897435898,1
0.050850545517417245,0.3595133423805237,0.0,0.0,1,1,0,5,0.3333333333333333,614,300,2.046666666666667,1
0.0386977599126838,0.39159873127937317,0.0,0.0,0,0,0,0,0.26666666666666666,755,328,2.301829268292683,1
0.04191118703783662,0.3796948194503784,0.0,0.0,1,6,0,0,0.7333333333333333,1152,238,4.840336134453781,1
0.018383533162402797,0.6066957712173462,0.0,0.0,0,0,0,0,1.0,1591,29,54.86206896551724,1
0.04501741698806528,0.3147513270378113,0.0,0.0,1,1,0,15,0.2,743,300,2.4766666666666666,1
0.04470152561756201,0.4233301281929016,0.0,0.0,1,1,0,12,0.5,580,113,5.132743362831858,1
0.03335311604780046,0.25262996554374695,0.2,0.0,1,10,2,17,0.13333333333333333,324,748,0.43315508021390375,1
0.058985449389750554,0.3378148674964905,1.0,0.0,1,1,1,10,0.26666666666666666,583,519,1.1233140655105973,1
0.06310436157077709,0.5188743472099304,1.0,0.0,1,1,1,2,0.625,1695,216,7.847222222222222,1
0.05135046704211521,0.3543577194213867,0.0,0.0,1,1,0,10,0.5,1305,113,11.548672566371682,1
0.0750346058645515,0.30123230814933777,0.0,0.0,0,0,0,11,0.8,663,1008,0.6577380952380952,1
0.08266651240914229,0.49766215682029724,0.0,0.0,0,0,0,1,0.6666666666666666,590,145,4.068965517241379,1
0.03159479534936863,0.37999144196510315,0.0,0.0,1,1,0,1,0.0,171,113,1.5132743362831858,1
0.05376950799548041,0.2923577129840851,0.2,0.0,1,5,1,18,0.2,929,679,1.3681885125184094,1
0.07243390848496024,0.49367576837539673,0.0,0.0,0,0,0,0,0.4666666666666667,591,277,2.1335740072202167,1
0.03395357371532709,0.3970085084438324,0.0,0.0,0,0,0,14,0.5,731,101,7.237623762376238,1
0.045654424516601934,0.3572389781475067,0.0,0.0,0,0,0,0,0.26666666666666666,578,456,1.2675438596491229,1
0.06977473682213811,0.4211922585964203,0.07142857142857142,0.0,1,14,1,5,0.3333333333333333,614,520,1.1807692307692308,1
0.039112051561880655,0.42231836915016174,1.0,0.0,1,1,1,3,0.7692307692307693,1797,157,11.445859872611464,1
0.019547870591191167,0.28055503964424133,0.0,0.0,1,3,0,7,0.14285714285714285,194,269,0.7211895910780669,1
0.0642012849322784,0.3471234440803528,0.75,0.0,1,4,3,10,0.26666666666666666,828,456,1.8157894736842106,1
0.030662663189187006,0.3691411316394806,0.0,0.0,1,2,0,1,0.42857142857142855,330,158,2.088607594936709,1
0.09862974856905855,0.46560314297676086,1.0,0.0,1,8,8,30,0.7333333333333333,2104,262,8.030534351145038,1
0.048257025860298425,0.31837478280067444,0.3333333333333333,0.0,1,6,2,8,0.4,443,279,1.5878136200716846,1
0.042477873689155704,0.42232567071914673,0.0,0.0,0,0,0,0,0.3333333333333333,759,378,2.007936507936508,1
0.029441809446087187,0.30405959486961365,0.5,0.0,1,6,3,11,0.2,612,571,1.0718038528896672,1
0.02057941720973319,0.44784268736839294,0.0,0.0,0,0,0,18,0.0,535,46,11.630434782608695,1
0.04401976148486611,0.2987223267555237,0.0,0.0,0,0,0,14,0.2,680,246,2.7642276422764227,1
0.03113529494803494,0.23818029463291168,0.16666666666666666,0.0,1,6,1,9,0.2,295,877,0.3363740022805017,1
0.0378420994735893,0.274740070104599,0.0,0.0,1,1,0,1,0.6,772,127,6.078740157480315,1
0.08243789528692796,0.4014618992805481,0.0,0.0,0,0,0,0,0.7333333333333333,759,549,1.3825136612021858,1
0.029385005623398307,0.38139984011650085,0.0,0.0,1,6,0,1,0.3333333333333333,969,369,2.6260162601626016,1
0.03855145277802286,0.3664711117744446,0.0,0.0,1,10,0,4,0.2,618,717,0.8619246861924686,1
0.043517888725335664,0.3013453781604767,0.0,0.0,1,5,0,1,0.2,606,395,1.5341772151898734,1
0.024774368707879562,0.43096888065338135,0.0,0.0,0,0,0,1,0.375,578,84,6.880952380952381,1
0.03764318835241117,0.44555801153182983,0.0,0.0,1,1,0,3,0.5,1189,113,10.52212389380531,1
0.03251030480811984,0.48070937395095825,1.0,0.0,1,1,1,39,1.0,2130,34,62.64705882352941,1
0.03478438382971164,0.3919544517993927,1.0,0.0,1,1,1,22,0.42857142857142855,1880,124,15.161290322580646,1
0.0508229685564897,0.4292053282260895,1.0,0.0,1,1,1,2,0.5384615384615384,657,157,4.1847133757961785,1
0.016953317525800482,0.36965683102607727,0.0,0.0,0,0,0,2,0.3333333333333333,238,172,1.3837209302325582,1
0.03760141837647481,0.2528832256793976,0.16666666666666666,0.0,1,6,1,3,0.13333333333333333,268,877,0.3055872291904219,1
0.07571284257741527,0.3621664047241211,1.0,0.0,1,1,1,13,0.6,899,519,1.7321772639691715,1
0.05722603968389542,0.3198400139808655,0.0,0.0,1,6,0,10,0.5333333333333333,805,319,2.523510971786834,1
0.054340373753343524,0.39799150824546814,0.5,0.0,1,2,1,9,0.5454545454545454,431,171,2.52046783625731,1
0.04416745826722146,0.4079667329788208,0.0,0.0,1,1,0,0,0.3333333333333333,518,336,1.5416666666666667,1
0.02180403549779257,0.3578040301799774,0.0,0.0,1,2,0,0,0.5714285714285714,775,158,4.905063291139241,1
0.03394213078850387,0.2877662479877472,0.0,0.0,1,6,0,1,0.3333333333333333,519,571,0.9089316987740805,1
0.03283373692260878,0.2714352607727051,0.0,0.0,0,0,0,2,0.13333333333333333,709,456,1.5548245614035088,1
0.06186744585128843,0.37170764803886414,0.15384615384615385,0.0,1,13,2,18,0.5333333333333333,1533,415,3.693975903614458,1
0.016514126157373916,0.41504842042922974,0.0,0.0,1,1,0,1,0.5,659,34,19.38235294117647,1
0.035626820607659336,0.3684331178665161,0.0,0.0,0,0,0,39,0.8,2130,108,19.72222222222222,1
0.07493737639704616,0.483359158039093,1.0,0.0,1,1,1,4,0.4666666666666667,702,270,2.6,1
0.04887674611584941,0.43454232811927795,0.0,0.0,0,0,0,1,0.4666666666666667,586,263,2.2281368821292777,1
0.05150639602183118,0.4370134174823761,0.6666666666666666,0.0,1,3,2,3,0.3333333333333333,367,582,0.6305841924398625,1
0.024586556910814166,0.26728999614715576,0.0,0.0,1,6,0,16,0.26666666666666666,218,877,0.24857468643101482,1
0.030474857614489682,0.30159392952919006,0.0,0.0,0,0,0,2,0.13333333333333333,633,263,2.406844106463878,1
0.029813886560137656,0.39457130432128906,0.0,0.0,1,1,0,2,0.14285714285714285,809,121,6.68595041322314,1
0.0388439405535649,0.3835809826850891,0.4444444444444444,0.0,1,9,4,18,0.3333333333333333,535,553,0.9674502712477396,1
0.03764394134280116,0.46001896262168884,0.0,0.0,0,0,0,0,0.375,759,110,6.9,1
0.065374621734925,0.5178272128105164,0.42857142857142855,0.0,1,7,3,7,0.625,1246,139,8.964028776978417,1
0.033724633013673844,0.3444730341434479,0.25,0.0,1,8,2,20,0.2,640,193,3.316062176165803,1
0.0434381744117878,0.31512323021888733,1.0,0.0,1,2,2,5,0.3333333333333333,953,290,3.286206896551724,1
0.031431099968273486,0.3568043112754822,0.3333333333333333,0.0,1,6,2,8,0.3333333333333333,659,369,1.7859078590785908,1
0.03776268001230141,0.35745036602020264,0.0,0.0,1,1,0,3,0.3333333333333333,465,475,0.9789473684210527,1
0.03884848850426935,0.2373790442943573,0.0,0.0,1,6,0,18,0.26666666666666666,929,877,1.0592930444697835,1
0.09536322010830908,0.3744410574436188,0.7142857142857143,0.0,1,7,5,35,0.4666666666666667,1940,1038,1.8689788053949903,1
0.034432129919941615,0.3575606048107147,0.0,0.0,1,8,0,4,0.13333333333333333,618,317,1.9495268138801263,1
0.08655409676911639,0.43651556968688965,0.4666666666666667,0.0,1,15,7,21,0.6666666666666666,990,382,2.5916230366492146,1
0.06581587268445756,0.40832653641700745,1.0,0.0,1,1,1,1,0.3333333333333333,574,810,0.7086419753086419,1
0.06146393595034671,0.2991516888141632,0.0,0.0,1,5,0,10,0.5333333333333333,805,1041,0.7732949087415946,1
0.0789497676532067,0.37193959951400757,0.2857142857142857,0.0,1,7,2,4,0.26666666666666666,810,1038,0.7803468208092486,1
0.027445833146359587,0.5213649272918701,0.0,0.0,0,0,0,2,0.0,1048,42,24.952380952380953,1
0.031163489770949248,0.3058539628982544,0.3333333333333333,0.0,1,6,2,17,0.13333333333333333,324,434,0.7465437788018433,1
0.0526516515575343,0.3365599811077118,0.5,0.3333333333333333,1,7,3,11,0.6,524,474,1.1054852320675106,1
0.022424250879171746,0.3956764042377472,0.0,0.0,0,0,0,1,0.3,969,121,8.008264462809917,1
0.049993131182848614,0.26474595069885254,0.0,0.0,1,6,0,1,0.3333333333333333,521,877,0.5940706955530216,1
0.029192121110883727,0.3092098534107208,0.0,0.0,1,4,0,9,0.3333333333333333,295,478,0.6171548117154811,1
0.0655799214646807,0.4057961702346802,0.0,0.0,1,14,0,4,0.4666666666666667,546,611,0.8936170212765957,1
0.05541618173816315,0.3543202579021454,0.25,0.0,1,4,1,5,0.5454545454545454,953,193,4.937823834196891,1
0.07365750829130825,0.39364978671073914,0.5,0.0,1,2,1,5,0.5833333333333334,608,183,3.3224043715846996,1
0.04141813969098153,0.39391762018203735,0.0,0.0,1,1,0,0,0.5555555555555556,518,125,4.144,1
0.028258083683918644,0.42872193455696106,0.0,0.0,0,0,0,9,1.0,295,46,6.413043478260869,1
0.0258250982610288,0.5118798613548279,0.0,0.0,0,0,0,1,0.0,255,24,10.625,1
0.04450195352728427,0.4486050307750702,0.0,0.0,1,1,0,2,0.6363636363636364,1350,143,9.44055944055944,1
0.03648718386899493,0.29738491773605347,0.0,0.0,1,5,0,8,0.3333333333333333,443,492,0.9004065040650406,1
0.041562360067251336,0.2796817719936371,0.0,0.0,1,6,0,1,0.2,501,877,0.5712656784492588,1
0.05516240725594131,0.4232597351074219,0.16666666666666666,0.0,1,6,1,7,0.3333333333333333,440,369,1.1924119241192412,1
0.0485347572383509,0.4280482530593872,0.3333333333333333,0.0,1,3,1,1,0.3333333333333333,684,582,1.175257731958763,1
0.02562743367042035,0.42547017335891724,0.0,0.0,1,1,0,0,0.5,467,34,13.735294117647058,1
0.0349404288820476,0.25404226779937744,0.0,0.0,1,6,0,0,0.2,863,571,1.5113835376532399,1
0.011209627959483145,0.29640865325927734,0.0,0.0,1,2,0,0,0.25,460,73,6.301369863013699,1
0.049019135848764016,0.37099334597587585,0.0,0.0,1,1,0,0,0.3333333333333333,1152,475,2.425263157894737,1
0.05199290396375663,0.3835058808326721,0.0,0.0,0,0,0,0,0.5333333333333333,870,328,2.652439024390244,1
0.013887808966897936,0.2582017779350281,0.0,0.0,0,0,0,7,0.09090909090909091,536,78,6.871794871794871,1
0.042076808693932065,0.2541094422340393,1.0,0.0,1,1,1,16,0.5,655,127,5.15748031496063,1
0.0481915110842011,0.38686665892601013,0.0,0.0,0,0,0,25,0.26666666666666666,615,246,2.5,1
0.05966177414444209,0.42837706208229065,0.5,0.0,1,2,1,12,0.6363636363636364,577,171,3.374269005847953,1
0.026736764073622545,0.3281826078891754,0.0,0.0,0,0,0,12,0.2,706,82,8.609756097560975,1
0.057233779282085256,0.3696785569190979,1.0,0.0,1,1,1,2,0.4,238,681,0.34948604992657856,1
0.05877828686286024,0.40842193365097046,0.0,0.0,0,0,0,7,0.4666666666666667,536,393,1.3638676844783715,1
0.07193147771156454,0.48314839601516724,0.26666666666666666,0.0,1,15,4,15,0.5333333333333333,1104,380,2.905263157894737,1
0.054780811431861934,0.3987729549407959,0.5,0.0,1,2,1,2,0.26666666666666666,688,287,2.397212543554007,1
0.07152832002813753,0.48917102813720703,0.0,0.0,0,0,0,0,0.5333333333333333,755,311,2.427652733118971,1
0.060949747626349436,0.37128058075904846,0.0,0.0,1,1,0,0,0.6666666666666666,582,297,1.9595959595959596,1
0.06278534744254502,0.4894507825374603,1.0,0.0,1,1,1,1,0.26666666666666666,287,270,1.0629629629629629,1
0.04225899116564886,0.348198801279068,0.0,0.0,1,15,0,0,0.26666666666666666,863,382,2.2591623036649215,1
0.07882071269983636,0.527168333530426,0.13333333333333333,0.0,1,15,2,11,0.5333333333333333,1371,382,3.589005235602094,1
0.05751375383434032,0.3254411816596985,0.0,0.0,0,0,0,2,0.4,688,1008,0.6825396825396826,1
0.08634482121494057,0.3823745548725128,0.8,0.0,1,5,4,30,0.6666666666666666,2104,395,5.326582278481013,1
0.0196677761884591,0.25300124287605286,0.3333333333333333,0.0,1,3,1,9,0.26666666666666666,295,438,0.6735159817351598,1
0.05583348371253387,0.3631892204284668,0.0,0.0,1,2,0,13,0.18181818181818182,409,171,2.391812865497076,1
0.02343681106255274,0.4894498288631439,0.0,0.0,0,0,0,10,0.4,781,32,24.40625,1
0.05709363348196484,0.341985285282135,0.0,0.0,1,1,0,0,0.4,589,521,1.1305182341650672,1
0.05892421070691568,0.39494040608406067,0.0,0.0,0,0,0,0,0.3333333333333333,759,552,1.375,1
0.04304020639625104,0.3668527901172638,0.5,0.0,1,6,3,10,0.4666666666666667,1449,369,3.926829268292683,1
0.06338648150866755,0.4156223237514496,0.0,0.0,0,0,0,0,0.3333333333333333,1209,456,2.651315789473684,1
0.05814704188550732,0.3673315942287445,0.0,0.0,1,14,0,1,0.4666666666666667,775,611,1.2684124386252045,1
0.02926945445474534,0.3910534381866455,0.0,0.0,0,0,0,39,0.6,2130,32,66.5625,1
0.061943739777201655,0.33245593309402466,0.6666666666666666,0.0,1,3,2,12,0.4,580,810,0.7160493827160493,1
0.08794426185032805,0.3512900173664093,0.0,0.0,1,2,0,19,0.5333333333333333,813,476,1.7079831932773109,1
0.06594811321581216,0.3686258792877197,0.0,0.0,1,1,0,36,0.4666666666666667,714,300,2.38,1
0.040693970563081217,0.42191553115844727,0.125,0.0,1,8,1,7,0.2,1246,193,6.455958549222798,1
0.03663999939632056,0.27187079191207886,0.1111111111111111,0.0,1,9,1,10,0.26666666666666666,805,553,1.4556962025316456,1
0.029419206645053084,0.37041401863098145,1.0,0.0,1,1,1,9,0.26666666666666666,487,300,1.6233333333333333,1
0.056044181534442884,0.3677090108394623,0.0,0.0,0,0,0,1,0.8333333333333334,656,172,3.813953488372093,1
0.051199628086200766,0.5009673833847046,0.0,0.0,0,0,0,7,0.4,683,32,21.34375,1
0.03734753704614819,0.39165326952934265,0.0,0.0,0,0,0,10,0.0,1177,42,28.023809523809526,1
0.03657161515290722,0.270786315202713,0.0,0.0,0,0,0,39,0.3333333333333333,2130,263,8.098859315589353,1
0.031211811058289986,0.43202081322669983,0.125,0.0,1,8,1,3,0.2,558,193,2.8911917098445596,1
0.042175122812649436,0.3590698540210724,0.0,0.0,1,1,0,0,0.4666666666666667,579,297,1.9494949494949494,1
0.020340627662329667,0.37388476729393005,0.0,0.0,1,6,0,1,0.26666666666666666,489,278,1.7589928057553956,1
0.04099308844014846,0.35681313276290894,1.0,0.0,1,1,1,2,0.3333333333333333,608,297,2.047138047138047,1
0.0634524669601737,0.39806225895881653,0.0,0.0,0,0,0,1,0.4666666666666667,797,456,1.7478070175438596,1
0.028934051155203207,0.27995389699935913,0.0,0.0,1,4,0,0,0.36363636363636365,590,193,3.05699481865285,1
0.09332873266011267,0.5606915354728699,0.0,0.0,1,1,0,0,0.6666666666666666,644,308,2.090909090909091,1
0.0557956947166329,0.4227342903614044,0.0,0.0,1,1,0,0,0.6,582,291,2.0,1
0.05861358202285824,0.45777997374534607,0.0,0.0,1,1,0,3,0.5454545454545454,465,143,3.2517482517482517,1
0.07215164293696669,0.3678634464740753,0.0,0.0,1,2,0,1,0.4666666666666667,592,476,1.2436974789915967,1
0.034199016653077396,0.40073221921920776,0.0,0.0,1,1,0,0,0.2,290,270,1.0740740740740742,1
0.05082964232505619,0.44839000701904297,1.0,0.0,1,1,1,13,0.5,340,134,2.537313432835821,1
0.05071079961070853,0.40539872646331787,0.3333333333333333,0.0,1,3,1,1,0.4,1657,582,2.8470790378006874,1
0.06909011842720045,0.40875205397605896,0.3157894736842105,0.0,1,19,6,18,0.5333333333333333,929,382,2.431937172774869,1
0.07088819556372167,0.3802744150161743,0.5,0.0,1,3,1,6,0.3333333333333333,434,1079,0.40222428174235403,1
0.053754022680753605,0.42582225799560547,0.0,0.0,0,0,0,1,0.13333333333333333,358,376,0.9521276595744681,1
0.05148540208230451,0.3918761610984802,0.0,0.0,1,1,0,15,0.5,1359,113,12.026548672566372,1
0.08353890827235703,0.5161421298980713,0.0,0.0,0,0,0,1,0.4666666666666667,590,376,1.5691489361702127,1
0.015888711924780176,0.31455764174461365,0.0,0.0,0,0,0,5,0.125,791,101,7.8316831683168315,1
0.07123761424313316,0.399644672870636,0.0,0.0,0,0,0,1,0.5333333333333333,874,552,1.5833333333333333,1
0.03573728737694024,0.4045957624912262,0.16666666666666666,0.0,1,18,3,9,0.4,295,326,0.9049079754601227,1
0.04454802134901377,0.4982438087463379,0.0,0.0,1,1,0,13,0.5,340,80,4.25,1
0.03354528950177559,0.24523840844631195,0.0,0.0,1,3,0,4,0.13333333333333333,776,774,1.0025839793281655,1
0.055134669667213386,0.4466983377933502,0.0,0.0,0,0,0,1,0.5333333333333333,874,378,2.312169312169312,1
0.027241597752266103,0.532468855381012,0.0,0.0,0,0,0,2,0.0,331,11,30.09090909090909,1
0.038955059418996726,0.4770370423793793,0.0,0.0,0,0,0,17,0.0,464,42,11.047619047619047,1
0.022019826696323422,0.2473638355731964,0.0,0.0,0,0,0,9,0.2,751,231,3.2510822510822512,1
0.03699883456673018,0.3748388886451721,0.0,0.0,0,0,0,12,0.4,1153,32,36.03125,1
0.07202348362781895,0.3775971531867981,0.0,0.0,1,1,0,12,0.4,1153,475,2.4273684210526314,1
0.0655514816985331,0.3546020984649658,0.3333333333333333,0.0,1,3,1,7,0.3333333333333333,683,810,0.8432098765432099,1
0.04067162481834101,0.43418022990226746,1.0,0.0,1,1,1,1,0.46153846153846156,300,157,1.910828025477707,1
0.05478291321452336,0.31341949105262756,0.5,0.0,1,2,1,9,0.5333333333333333,1000,290,3.4482758620689653,1
0.05056464137982765,0.49985238909721375,1.0,0.0,1,1,1,17,0.5,464,113,4.106194690265487,1
0.08508124222561525,0.36893394589424133,0.6,0.0,1,5,3,39,0.6666666666666666,2130,395,5.3924050632911396,1
0.07404304618214108,0.45620641112327576,0.5,0.0,1,2,1,12,0.45454545454545453,399,171,2.3333333333333335,1
0.0577239305449604,0.49949100613594055,0.16666666666666666,0.0,1,6,1,8,0.45454545454545453,837,226,3.7035398230088497,1
0.07042536095034023,0.41892436146736145,1.0,0.0,1,1,1,2,0.6,1695,438,3.8698630136986303,1
0.04456491981167604,0.32396137714385986,0.0,0.0,1,4,0,1,0.3333333333333333,521,599,0.8697829716193656,1
0.055570863760098545,0.4565545320510864,0.0,0.0,0,0,0,2,0.4666666666666667,1695,378,4.484126984126984,1
0.04433338636187612,0.4011848568916321,0.0,0.0,0,0,0,0,0.26666666666666666,1591,393,4.048346055979644,1
0.08200963584185852,0.4828987419605255,1.0,0.0,1,1,1,1,0.625,576,216,2.6666666666666665,1
0.05642054497649655,0.3996008634567261,0.0,0.0,0,0,0,2,0.4666666666666667,238,263,0.9049429657794676,1
0.06624197722698223,0.37647879123687744,0.0,0.0,0,0,0,2,0.4666666666666667,1695,258,6.569767441860465,1
0.03393613020423,0.42104387283325195,1.0,0.0,1,1,1,2,0.26666666666666666,608,204,2.980392156862745,1
0.03988949776970779,0.31346815824508667,0.0,0.0,1,3,0,1,0.2222222222222222,1211,194,6.242268041237113,1
0.05395299590530515,0.38713571429252625,0.0,0.0,1,18,0,7,0.4666666666666667,502,326,1.539877300613497,1
0.06422026004211186,0.42115458846092224,0.2857142857142857,0.0,1,7,2,19,0.75,813,139,5.848920863309353,1
0.06905540708651658,0.5190252661705017,0.0,0.0,0,0,0,0,0.5333333333333333,521,145,3.593103448275862,1
0.054176658840572094,0.31231406331062317,0.0,0.0,1,3,0,5,0.4666666666666667,542,774,0.7002583979328165,1
0.09019272300894474,0.4357694387435913,1.0,0.0,1,1,1,4,0.4,702,681,1.0308370044052864,1
0.017386241230017436,0.4200112819671631,0.0,0.0,0,0,0,1,0.0,295,42,7.023809523809524,1
0.04898145541851692,0.3860083818435669,0.0,0.0,0,0,0,0,0.4,761,456,1.668859649122807,1
0.06434911656285291,0.4051721692085266,0.0,0.0,1,1,0,0,0.26666666666666666,521,301,1.7308970099667773,1
0.019722003846732214,0.32871851325035095,0.0,0.0,1,2,0,2,0.13333333333333333,809,311,2.6012861736334405,1
0.03648544760380801,0.383404940366745,0.5,0.0,1,2,1,3,0.4166666666666667,465,183,2.540983606557377,1
0.046095702420622484,0.3224777579307556,0.0,0.0,1,7,0,1,0.4,636,1038,0.6127167630057804,1
0.06918489070545435,0.4751113951206207,0.0,0.0,1,1,0,0,0.6666666666666666,603,342,1.763157894736842,1
0.040517445064228615,0.3700900077819824,0.0,0.0,1,4,0,1,0.26666666666666666,501,478,1.0481171548117154,1
0.037676781822798995,0.3487655520439148,0.0,0.0,1,4,0,1,0.13333333333333333,407,456,0.8925438596491229,1
0.04821350410641139,0.492037296295166,0.375,0.0,1,8,3,6,0.4,430,390,1.1025641025641026,1
0.06622859528470416,0.3893205523490906,0.0,0.0,1,1,0,1,0.3333333333333333,590,301,1.9601328903654485,1
0.06546785274081347,0.37533220648765564,0.0,0.0,1,16,0,1,0.6,969,1015,0.954679802955665,1
0.085444492962178,0.3853408992290497,1.0,0.0,1,1,1,2,0.4666666666666667,1058,438,2.415525114155251,1
0.0341757995588007,0.24769534170627594,0.0,0.0,1,3,0,14,0.4,680,438,1.552511415525114,1
0.08150439423007744,0.452894389629364,0.2631578947368421,0.0,1,19,5,18,0.6666666666666666,535,382,1.4005235602094241,1
0.06838140911979833,0.4382055401802063,0.18181818181818182,0.0,1,11,2,11,0.5333333333333333,727,351,2.0712250712250713,1
0.02464493643891119,0.34714919328689575,0.1111111111111111,0.0,1,9,1,7,0.2,213,553,0.38517179023508136,1
0.03394514480254564,0.45426565408706665,1.0,0.0,1,1,1,2,0.3333333333333333,954,79,12.075949367088608,1
0.027324671571127584,0.36557742953300476,0.0,0.0,1,1,0,1,0.2,724,273,2.652014652014652,1
0.06751797219761695,0.34127742052078247,0.0,0.0,1,5,0,8,0.6666666666666666,837,1041,0.8040345821325648,1
0.072784448021461,0.39902782440185547,0.0,0.0,1,1,0,4,0.5333333333333333,810,475,1.7052631578947368,1
0.10508106563241505,0.4458927512168884,0.5,0.0,1,6,3,18,0.7333333333333333,604,387,1.5607235142118863,1
0.03557091525444367,0.2686708867549896,0.25,0.0,1,4,1,17,0.26666666666666666,352,216,1.6296296296296295,1
0.05256161811852496,0.4643124043941498,0.5,0.0,1,4,2,18,0.5,1533,96,15.96875,1
0.03742327521279791,0.3072270154953003,0.3333333333333333,0.0,1,3,1,3,0.2857142857142857,268,269,0.9962825278810409,1
0.04820918675197461,0.3364866375923157,0.16666666666666666,0.0,1,6,1,4,0.26666666666666666,618,387,1.5968992248062015,1
0.05685458732497412,0.3638083040714264,0.6666666666666666,0.0,1,6,4,10,0.3333333333333333,828,440,1.8818181818181818,1
0.035332691259711495,0.25853902101516724,0.0,0.0,1,4,0,2,0.3333333333333333,527,216,2.439814814814815,1
0.03037523754320429,0.32037222385406494,0.0,0.0,1,4,0,3,0.2,268,606,0.44224422442244227,1
0.04380935644653359,0.43024614453315735,0.0,0.0,1,5,0,0,0.2857142857142857,1591,165,9.642424242424243,1
0.05109339549695124,0.38528794050216675,0.3333333333333333,0.0,1,3,1,4,0.3333333333333333,282,582,0.4845360824742268,1
0.040088573012194824,0.36207443475723267,0.5,0.0,1,2,1,4,0.3333333333333333,786,290,2.7103448275862068,1
0.06909336708945202,0.38053032755851746,0.16666666666666666,0.0,1,12,2,5,0.4,614,532,1.1541353383458646,1
0.06519537671341048,0.5101077556610107,1.0,0.0,1,1,1,13,0.8181818181818182,899,143,6.286713286713287,1
0.05500634727206719,0.3507843315601349,0.0,0.0,1,3,0,1,0.2857142857142857,521,269,1.936802973977695,1
0.048241464768905236,0.39826536178588867,0.14285714285714285,0.0,1,14,2,5,0.26666666666666666,488,611,0.7986906710310966,1
0.04004186527375364,0.31923171877861023,0.0,0.0,1,2,0,1,0.4,407,290,1.403448275862069,1
0.030525754906786252,0.30769965052604675,0.4,0.0,1,10,4,7,0.26666666666666666,674,489,1.378323108384458,1
0.03770297533926643,0.5566138625144958,0.0,0.0,0,0,0,7,0.0,1206,24,50.25,1
0.03453863723040487,0.4154505729675293,0.0,0.0,0,0,0,4,0.2,866,82,10.560975609756097,1
0.054631638715685875,0.3567992150783539,0.4,0.0,1,5,2,18,0.4666666666666667,1533,492,3.1158536585365852,1
0.05501500921874475,0.44364452362060547,0.0,0.0,1,1,0,0,0.6,603,308,1.9577922077922079,1
0.05647364621049901,0.3242075443267822,0.125,0.0,1,8,1,2,0.3333333333333333,527,754,0.6989389920424404,1
0.044597984554415014,0.36193007230758667,0.0,0.0,0,0,0,0,0.4,759,258,2.941860465116279,1
0.03767603013526113,0.43442875146865845,0.0,0.0,1,8,0,11,0.2,612,193,3.1709844559585494,1
0.06666210805776918,0.49693360924720764,0.3333333333333333,0.0,1,3,1,1,0.6,407,582,0.6993127147766323,1
0.08555706493355418,0.38251927495002747,0.23076923076923078,0.0,1,13,3,7,0.4666666666666667,440,491,0.8961303462321792,1
0.056553320624199335,0.45354101061820984,0.2,0.0,1,15,3,11,0.6666666666666666,1003,380,2.639473684210526,1
0.08447290431367763,0.4284980595111847,0.0,0.0,0,0,0,2,0.7333333333333333,1695,574,2.9529616724738674,1
0.029515687144959134,0.40877121686935425,0.0,0.0,0,0,0,2,1.0,1695,51,33.23529411764706,1
0.01341327548307002,0.34313076734542847,0.0,0.0,0,0,0,0,0.0,518,51,10.156862745098039,1
0.041549240805383574,0.46562400460243225,0.0,0.0,1,1,0,0,0.375,759,216,3.513888888888889,1
0.033878210274632184,0.3887917101383209,0.0,0.0,1,1,0,2,0.36363636363636365,809,143,5.6573426573426575,1
0.018281254019755954,0.40260371565818787,0.0,0.0,1,1,0,1,0.13333333333333333,1140,273,4.175824175824176,1
0.022852229937502112,0.40190964937210083,0.0,0.0,0,0,0,1,0.2,255,32,7.96875,1
0.06704112778552264,0.3410387933254242,1.0,0.0,1,1,1,4,0.4,810,728,1.1126373626373627,1
0.03205000338943794,0.32910239696502686,0.0,0.0,0,0,0,0,0.4,603,258,2.3372093023255816,1
0.04641329458541351,0.2804897725582123,1.0,0.0,1,2,2,5,0.4,608,586,1.0375426621160408,1
0.10873332634911963,0.452049195766449,0.0,0.0,1,1,0,1,0.3333333333333333,702,810,0.8666666666666667,1
0.0920634439865005,0.422553688287735,0.0,0.0,1,1,0,0,0.4666666666666667,605,810,0.7469135802469136,1
0.041742855270484415,0.38427749276161194,0.0,0.0,1,1,0,39,0.6363636363636364,2130,143,14.895104895104895,1
0.024829352573257843,0.2480468451976776,0.0,0.0,1,3,0,0,0.13333333333333333,219,810,0.27037037037037037,1
0.012542158317277303,0.4120059311389923,0.0,0.0,0,0,0,20,0.0,640,46,13.91304347826087,1
0.03275567977180321,0.406314492225647,0.0,0.0,1,1,0,0,0.46153846153846156,591,157,3.7643312101910826,1
0.03789095332281106,0.3665199875831604,0.16666666666666666,0.0,1,6,1,9,0.4,476,369,1.2899728997289972,1
0.04105495247321088,0.35432425141334534,0.25,0.0,1,4,1,17,0.26666666666666666,324,313,1.035143769968051,1
0.059255305395180376,0.4088224768638611,0.6666666666666666,0.0,1,6,4,17,0.26666666666666666,634,369,1.7181571815718157,1
0.01952293828621517,0.32568415999412537,0.0,0.0,1,1,0,5,0.14285714285714285,570,121,4.710743801652892,1
0.037378350212068326,0.3622663617134094,0.0,0.0,0,0,0,0,0.2,498,263,1.8935361216730038,1
0.03589642399936865,0.36288943886756897,0.0,0.0,0,0,0,0,0.2,872,231,3.774891774891775,1
0.06420982877969739,0.40549594163894653,0.3333333333333333,0.0,1,3,1,14,0.5,409,269,1.520446096654275,1
0.04086965729880999,0.23665396869182587,0.0,0.0,1,6,0,19,0.13333333333333333,813,636,1.278301886792453,1
0.045362576629341636,0.34135901927948,0.0,0.0,0,0,0,1,0.4,656,328,2.0,1
0.041652259985623455,0.4032738506793976,0.5,0.0,1,2,1,7,0.4666666666666667,1206,311,3.877813504823151,1
0.0895498483229784,0.545820951461792,0.16666666666666666,0.0,1,6,1,11,0.6,663,238,2.7857142857142856,1
0.0377469855905852,0.46476998925209045,1.0,0.0,1,1,1,30,1.0,2104,34,61.88235294117647,1
0.029465967727909506,0.31830066442489624,0.0,0.0,1,9,0,9,0.13333333333333333,431,553,0.779385171790235,1
0.010474950292767462,0.43246781826019287,0.0,0.0,0,0,0,1,0.2,489,32,15.28125,1
0.07792269600511609,0.4393959641456604,0.0,0.0,1,1,0,0,0.4,579,308,1.87987012987013,1
0.0290149470024894,0.36620134115219116,0.2,0.0,1,5,1,9,0.3333333333333333,431,492,0.8760162601626016,1
0.04730282873227128,0.33592456579208374,0.0,0.0,1,4,0,2,0.4,527,317,1.662460567823344,1
0.04571497008052662,0.3425063490867615,0.1,0.0,1,10,1,18,0.26666666666666666,535,986,0.5425963488843814,1
0.027260206341014684,0.5099261999130249,0.0,0.0,0,0,0,7,0.0,790,24,32.916666666666664,1
0.03312095134087353,0.3817891776561737,0.0,0.0,0,0,0,3,0.3333333333333333,367,465,0.789247311827957,1
0.04327125814706469,0.23747895658016205,0.0,0.0,1,3,0,2,0.2,527,810,0.6506172839506172,1
0.10901663915397766,0.43127137422561646,0.0,0.0,1,1,0,0,0.6,439,810,0.5419753086419753,1
0.07468816358188163,0.42742714285850525,0.0,0.0,0,0,0,2,0.6,1695,552,3.0706521739130435,1
0.03786416509335076,0.2454489916563034,0.0,0.0,1,6,0,8,0.13333333333333333,443,877,0.5051311288483467,1
0.06709074653987955,0.5370032787322998,1.0,0.0,1,1,1,3,0.5333333333333333,486,156,3.1153846153846154,1
0.06569878012415038,0.369935542345047,0.0,0.0,1,1,0,1,0.5333333333333333,656,681,0.9632892804698973,1
0.03167595855474178,0.5578039884567261,0.0,0.0,0,0,0,3,0.0,465,24,19.375,1
0.04025872551833741,0.28435975313186646,0.0,0.0,1,3,0,1,0.3333333333333333,295,810,0.36419753086419754,1
0.04535918317483572,0.3986741006374359,0.0,0.0,0,0,0,2,0.4,608,378,1.6084656084656084,1
0.03198604403146716,0.44186222553253174,0.0,0.0,0,0,0,10,0.0,957,42,22.785714285714285,1
0.03181483553604135,0.41901636123657227,0.0,0.0,1,1,0,10,0.45454545454545453,781,143,5.461538461538462,1
0.06315633399945984,0.3940567970275879,0.07142857142857142,0.0,1,14,1,1,0.5333333333333333,815,611,1.3338788870703764,1
0.05348604989638451,0.31559547781944275,1.0,0.0,1,1,1,10,0.5,828,127,6.519685039370079,1
0.07725746943185989,0.41642940044403076,1.0,0.0,1,1,1,2,0.3333333333333333,1058,301,3.514950166112957,1
0.05922221942506156,0.46589547395706177,0.0,0.0,1,1,0,4,0.75,702,113,6.212389380530974,1
0.05769051404325457,0.32986950874328613,0.3333333333333333,0.0,1,6,2,13,0.3333333333333333,1032,571,1.8073555166374782,1
0.033493250058901664,0.26780837774276733,0.0,0.0,1,3,0,17,0.3333333333333333,433,438,0.9885844748858448,1
0.08974801318134581,0.5705320835113525,0.0,0.0,0,0,0,2,0.7142857142857143,613,85,7.211764705882353,1
0.026918715173475143,0.37980028986930847,0.0,0.0,0,0,0,1,1.0,576,51,11.294117647058824,1
0.017483530096511227,0.28379517793655396,0.0,0.0,1,3,0,13,0.2,276,700,0.3942857142857143,1
0.0735414260216413,0.3416721224784851,0.0,0.0,1,1,0,21,0.5333333333333333,990,300,3.3,1
0.015269655442486093,0.33906716108322144,0.25,0.0,1,8,2,13,0.1,276,193,1.4300518134715026,1
0.04568054676938141,0.4203436076641083,0.0,0.0,0,0,0,0,0.3333333333333333,759,378,2.007936507936508,1
0.05728989314464373,0.3806270360946655,0.25,0.0,1,8,2,20,0.26666666666666666,662,468,1.4145299145299146,1
0.0416352907327388,0.23913253843784332,0.0,0.0,1,6,0,7,0.2,194,636,0.3050314465408805,1
0.005480655062231676,0.48425644636154175,0.0,0.0,0,0,0,0,0.0,469,11,42.63636363636363,1
0.03679987548809435,0.3924778997898102,0.0,0.0,1,1,0,0,0.45454545454545453,1152,143,8.055944055944057,1
0.03598023631295895,0.4393426477909088,0.0,0.0,0,0,0,0,1.0,644,51,12.627450980392156,1
0.05750752983710164,0.29256367683410645,0.0,0.0,1,6,0,8,0.26666666666666666,837,877,0.9543899657924744,1
0.03851266903516519,0.40370243787765503,0.0,0.0,0,0,0,1,0.4666666666666667,646,328,1.9695121951219512,1
0.02786807527738522,0.37522372603416443,0.0,0.0,0,0,0,5,0.2,614,121,5.074380165289257,1
0.023961241728495487,0.3864508271217346,0.0,0.0,0,0,0,2,0.23076923076923078,608,248,2.4516129032258065,1
0.04173735426329106,0.5358491539955139,0.0,0.0,0,0,0,0,1.0,582,51,11.411764705882353,1
0.04540899709027947,0.3723222613334656,0.0,0.0,1,6,0,11,0.3333333333333333,636,369,1.7235772357723578,1
0.03148347019473878,0.39010751247406006,0.0,0.0,1,1,0,9,0.5714285714285714,1000,124,8.064516129032258,1
0.04492371024226408,0.5211498737335205,1.0,0.0,1,1,1,1,0.13333333333333333,1011,270,3.7444444444444445,1
0.04130723984183145,0.30375877022743225,0.0,0.0,1,3,0,7,0.3333333333333333,1246,438,2.8447488584474887,1
0.08186818232178562,0.43415698409080505,0.5,0.0,1,2,1,2,0.8,688,452,1.5221238938053097,1
0.07198033805593385,0.46339577436447144,0.5,0.0,1,2,1,6,0.4666666666666667,430,452,0.9513274336283186,1
0.07939224756176075,0.4358179569244385,0.15789473684210525,0.0,1,19,3,14,0.5333333333333333,409,382,1.0706806282722514,1
0.01940868865942799,0.3747648000717163,0.0,0.0,0,0,0,0,0.14285714285714285,332,108,3.074074074074074,1
0.05082319534353932,0.5178837180137634,0.0,0.0,1,1,0,8,0.5,857,113,7.584070796460177,1
0.04065530570831539,0.4832116663455963,1.0,0.0,1,1,1,35,0.2,1734,273,6.351648351648351,1
0.07529978572402089,0.32075825333595276,0.0,0.0,0,0,0,4,0.6666666666666666,810,1008,0.8035714285714286,1
0.014766688135721552,0.37975838780403137,0.0,0.0,0,0,0,9,0.2,487,82,5.939024390243903,1
0.04332885165569857,0.2700170576572418,0.0,0.0,1,3,0,9,0.4,751,438,1.7146118721461188,1
0.03425435514651361,0.36405712366104126,0.3333333333333333,0.0,1,6,2,16,0.26666666666666666,218,279,0.7813620071684588,1
0.07479706965635996,0.36120668053627014,1.0,0.0,1,1,1,4,0.4666666666666667,866,300,2.8866666666666667,1
0.09270764634781156,0.5038840770721436,1.0,0.0,1,1,1,2,0.8,954,342,2.789473684210526,1
0.03386793111849576,0.3218716084957123,0.0,0.0,0,0,0,2,0.2,1304,263,4.9581749049429655,1
0.06652572063967319,0.49627235531806946,0.2,0.0,1,15,3,10,0.5333333333333333,647,382,1.693717277486911,1
0.04394550559677831,0.372882217168808,0.0,0.0,1,2,0,2,0.4,605,290,2.086206896551724,1
0.04160260787138207,0.2832223176956177,0.3333333333333333,0.0,1,6,2,12,0.26666666666666666,577,571,1.010507880910683,1
0.058643594163764,0.5223575830459595,0.0,0.0,0,0,0,0,0.5714285714285714,759,85,8.929411764705883,1
0.06832089306971731,0.446169376373291,0.0,0.0,1,4,0,14,0.3333333333333333,409,96,4.260416666666667,1
0.02702152238606829,0.373657763004303,0.0,0.0,1,1,0,9,0.06666666666666667,200,300,0.6666666666666666,1
0.03928546279576304,0.31650224328041077,1.0,0.0,1,1,1,32,0.6,1931,127,15.204724409448819,1
0.04758309899378675,0.4695877432823181,0.0,0.0,1,1,0,23,0.5,2043,113,18.079646017699115,1
0.08089236080119341,0.42473724484443665,1.0,0.0,1,1,1,3,0.4,675,810,0.8333333333333334,1
0.040397607142288995,0.24277544021606445,0.3333333333333333,0.0,1,6,2,3,0.2,276,664,0.41566265060240964,1
0.059284605861895774,0.32189834117889404,0.2,0.0,1,5,1,15,0.3333333333333333,1104,679,1.625920471281296,1
0.05454497623460862,0.4357627332210541,0.0,0.0,1,2,0,8,0.45454545454545453,837,171,4.894736842105263,1
0.02945069170650804,0.38234782218933105,0.0,0.0,0,0,0,13,0.2,1032,82,12.585365853658537,1
0.024355954486933257,0.3168168067932129,0.0,0.0,1,6,0,0,0.3333333333333333,863,369,2.3387533875338753,1
0.016615454458500163,0.30281588435173035,0.0,0.0,0,0,0,13,0.06666666666666667,276,349,0.7908309455587392,1
0.024360810543125534,0.43310436606407166,0.0,0.0,0,0,0,1,0.0,1011,42,24.071428571428573,1
0.04555959068925894,0.3733879327774048,0.0,0.0,0,0,0,18,0.3333333333333333,1533,349,4.392550143266476,1
0.040532971053651695,0.3055154085159302,0.3333333333333333,0.0,1,3,1,3,0.26666666666666666,367,810,0.45308641975308644,1
0.03318695159528386,0.30302858352661133,0.0,0.0,1,8,0,0,0.13333333333333333,255,262,0.9732824427480916,1
0.061192659089337194,0.3350484073162079,0.0,0.0,0,0,0,0,0.3333333333333333,759,565,1.343362831858407,1
0.043398384723954055,0.3210984766483307,0.0,0.0,1,1,0,0,0.2,469,521,0.9001919385796545,1
0.017574262274995346,0.26287081837654114,0.0,0.0,1,4,0,2,0.09090909090909091,309,193,1.6010362694300517,1
0.052210176368729655,0.4476107358932495,0.0,0.0,1,2,0,7,0.36363636363636365,1246,171,7.286549707602339,1
0.06283021411875434,0.43642038106918335,0.06666666666666667,0.0,1,15,1,7,0.4666666666666667,186,382,0.4869109947643979,1
0.014877397950897597,0.310336709022522,0.0,0.0,1,9,0,1,0.0,501,553,0.9059674502712477,1
0.05855007458207586,0.37824973464012146,0.3,0.0,1,10,3,18,0.26666666666666666,1533,717,2.1380753138075312,1
0.027765635614631707,0.41279879212379456,0.0,0.0,0,0,0,7,0.0,1246,46,27.08695652173913,1
0.02998853179972809,0.3214608430862427,0.0,0.0,0,0,0,9,0.3333333333333333,295,349,0.8452722063037249,1
0.02669180590997919,0.3726051151752472,0.0,0.0,0,0,0,1,0.375,571,101,5.653465346534653,1
0.05287118079756813,0.38403743505477905,0.0,0.0,1,1,0,6,0.26666666666666666,705,300,2.35,1
0.05704931040935087,0.46689319610595703,0.0,0.0,1,1,0,0,0.625,603,216,2.7916666666666665,1
0.03435522114939318,0.2713180482387543,0.0,0.0,0,0,0,3,0.2,464,456,1.0175438596491229,1
0.0338369718043125,0.40473872423171997,0.0,0.0,1,8,0,9,0.4,751,193,3.8911917098445596,1
0.01445768233664147,0.3698709011077881,0.0,0.0,1,1,0,1,0.5,636,34,18.705882352941178,1
0.0606904265043776,0.4837799370288849,1.0,0.0,1,1,1,1,0.4666666666666667,578,229,2.524017467248908,1
0.029244054214019117,0.4399162232875824,0.0,0.0,0,0,0,1,0.5,381,91,4.186813186813187,1
0.03991133425714187,0.47270360589027405,0.0,0.0,1,1,0,0,0.375,759,216,3.513888888888889,1
0.04258157222981506,0.4112507700920105,1.0,0.0,1,1,1,3,0.26666666666666666,686,431,1.591647331786543,1
0.027478933130863088,0.4041847288608551,0.0,0.0,1,1,0,1,0.5,606,34,17.823529411764707,1
0.03502556545582867,0.38089418411254883,0.5,0.0,1,6,3,17,0.3333333333333333,707,369,1.915989159891599,1
0.10252407980876219,0.40349218249320984,0.5,0.0,1,6,3,19,0.9333333333333333,813,387,2.10077519379845,1
0.05291988915798798,0.3392959535121918,0.0,0.0,0,0,0,7,0.4,440,214,2.05607476635514,1
0.0684627847057244,0.3664209842681885,0.16666666666666666,0.0,1,6,1,10,0.5333333333333333,957,440,2.175,1
0.021954977926883196,0.249723881483078,0.0,0.0,1,2,0,17,0.13333333333333333,324,512,0.6328125,1
0.030840753978337472,0.34564414620399475,0.3076923076923077,0.0,1,13,4,9,0.13333333333333333,295,415,0.7108433734939759,1
0.012410881291724263,0.5617313385009766,0.0,0.0,0,0,0,0,0.0,644,11,58.54545454545455,1
0.037158834101191834,0.24629569053649902,0.0,0.0,1,1,0,2,0.5,527,127,4.149606299212598,1
0.05767395624676995,0.30614134669303894,0.0,0.0,0,0,0,10,0.6,781,1008,0.7748015873015873,1
0.04075404620636339,0.46252426505088806,1.0,0.0,1,1,1,1,0.46153846153846156,526,157,3.3503184713375798,1
0.03454716501932913,0.3354546129703522,0.0,0.0,1,13,0,1,0.4,501,415,1.2072289156626506,1
0.07078317993202055,0.39111050963401794,0.5,0.5,1,2,1,7,0.4,1246,476,2.6176470588235294,1
0.06787146523336442,0.38685882091522217,0.0,0.0,1,2,0,9,0.4666666666666667,431,476,0.9054621848739496,1
0.04753229167980057,0.3656501770019531,0.1,0.0,1,10,1,8,0.2,837,717,1.1673640167364017,1
0.04891129061864681,0.3255120515823364,1.0,0.0,1,1,1,39,0.4666666666666667,2130,519,4.104046242774566,1
0.07784834235920884,0.39296022057533264,0.0,0.0,0,0,0,1,0.4,590,574,1.0278745644599303,1
0.03358820811369653,0.3184434473514557,0.07692307692307693,0.0,1,13,1,4,0.26666666666666666,618,415,1.489156626506024,1
0.05383789830184806,0.3798963725566864,0.0,0.0,0,0,0,6,0.6666666666666666,698,328,2.1280487804878048,1
0.067986622380025,0.4986096918582916,1.0,0.0,1,1,1,7,0.5,644,134,4.8059701492537314,1
0.0429825691003771,0.39126405119895935,0.16666666666666666,0.0,1,12,2,7,0.42857142857142855,213,312,0.6826923076923077,1
0.0324580190517321,0.3927364647388458,0.0,0.0,1,2,0,2,0.2,245,311,0.7877813504823151,1
0.032326223650563,0.4747791886329651,0.0,0.0,1,1,0,8,0.0,331,113,2.9292035398230087,1
0.05725547438209341,0.5084985494613647,1.0,0.0,1,1,1,7,1.0,644,80,8.05,1
0.05599579325358349,0.3713459372520447,0.3333333333333333,0.0,1,6,2,20,0.4,640,387,1.6537467700258397,1
0.04080921498494903,0.42405781149864197,0.25,0.0,1,8,2,18,0.5,1533,193,7.94300518134715,1
0.04454300944548014,0.38133347034454346,0.0,0.0,1,1,0,0,0.3333333333333333,603,438,1.3767123287671232,1
0.0576941204149096,0.4556213319301605,1.0,0.0,1,1,1,1,0.6923076923076923,680,157,4.3312101910828025,1
0.06514494020910529,0.3976723551750183,0.3333333333333333,0.0,1,12,4,18,0.5,604,312,1.935897435897436,1
0.0566435533503943,0.28955644369125366,0.6666666666666666,0.0,1,3,2,15,0.4666666666666667,1104,438,2.5205479452054793,1
0.07434713559249409,0.30311307311058044,0.0,0.0,1,4,0,19,0.5333333333333333,813,606,1.3415841584158417,1
0.046971494157550295,0.32980167865753174,0.6,0.0,1,5,3,18,0.3333333333333333,929,492,1.8882113821138211,1
0.04246476150348447,0.3466145694255829,0.25,0.25,1,4,1,7,0.3333333333333333,1246,606,2.056105610561056,1
0.06836295285983394,0.4488012194633484,0.0,0.0,1,1,0,0,0.4,358,342,1.0467836257309941,1
0.05329531461260031,0.39281928539276123,0.0,0.0,1,2,0,1,0.5454545454545454,592,171,3.461988304093567,1
0.033032352464512166,0.31853410601615906,0.0,0.0,0,0,0,0,0.25,863,101,8.544554455445544,1
0.03358625056487923,0.40022578835487366,0.0,0.0,1,6,0,1,0.26666666666666666,255,238,1.0714285714285714,1
0.0106905481127413,0.27921557426452637,0.0,0.0,1,1,0,1,0.14285714285714285,177,124,1.4274193548387097,1
0.0462349280197577,0.48229265213012695,0.0,0.0,0,0,0,0,0.5,565,91,6.208791208791209,1
0.03298891923643943,0.36322343349456787,0.3333333333333333,0.0,1,3,1,2,0.13333333333333333,309,582,0.5309278350515464,1
0.019702353270714793,0.333189457654953,0.0,0.0,0,0,0,13,1.0,276,46,6.0,1
0.026159534048631992,0.38459667563438416,0.0,0.0,1,1,0,0,0.75,1591,96,16.572916666666668,1
0.015212453957193978,0.45571672916412354,0.0,0.0,0,0,0,6,0.0,430,24,17.916666666666668,1
0.034684100110609586,0.2719263732433319,0.0,0.0,1,3,0,8,0.13333333333333333,443,700,0.6328571428571429,1
0.06410063178125375,0.419966459274292,0.3157894736842105,0.0,1,19,6,20,0.5333333333333333,640,382,1.675392670157068,1
0.07109958579335067,0.41456738114356995,0.25,0.0,1,8,2,18,0.5333333333333333,929,468,1.985042735042735,1
0.03016805622774595,0.3849986493587494,0.0,0.0,1,2,0,4,0.2857142857142857,559,158,3.537974683544304,1
0.03445031648833233,0.45061400532722473,0.0,0.0,1,1,0,1,0.5384615384615384,679,157,4.32484076433121,1
0.053363411699783134,0.4072607755661011,1.0,0.0,1,2,2,39,0.6666666666666666,2130,183,11.639344262295081,1
0.05868277876974065,0.3564830422401428,0.0,0.0,0,0,0,1,0.4,874,258,3.387596899224806,1
0.022682816294125933,0.3575914800167084,0.0,0.0,1,8,0,1,0.2,636,262,2.427480916030534,1
0.03178511956769435,0.28654685616493225,0.0,0.0,1,1,0,11,0.26666666666666666,837,300,2.79,1
0.03767879780702803,0.3141593337059021,0.0,0.0,0,0,0,2,0.26666666666666666,331,258,1.2829457364341086,1
0.0197664754347601,0.38692614436149597,1.0,0.0,1,1,1,2,0.38461538461538464,742,157,4.726114649681529,1
0.07023827075053587,0.3990797996520996,0.0,0.0,0,0,0,2,0.4666666666666667,954,552,1.7282608695652173,1
0.0860742635398137,0.5450561046600342,0.0,0.0,0,0,0,1,0.7142857142857143,517,85,6.08235294117647,1
0.02957329792187127,0.22952789068222046,0.3333333333333333,0.0,1,6,2,20,0.06666666666666667,662,636,1.0408805031446542,1
0.03555904014277118,0.2842342257499695,0.3333333333333333,0.0,1,6,2,21,0.06666666666666667,443,877,0.5051311288483467,1
0.017263770596734743,0.36696454882621765,0.0,0.0,0,0,0,0,0.0,469,51,9.196078431372548,1
0.02914410897852201,0.40865129232406616,1.0,0.0,1,1,1,6,0.2857142857142857,1495,124,12.056451612903226,1
0.04542019641191619,0.37404975295066833,0.16666666666666666,0.0,1,6,1,9,0.4666666666666667,431,279,1.5448028673835126,1
0.05418324701715993,0.4547572135925293,1.0,0.0,1,1,1,5,0.26666666666666666,760,273,2.7838827838827838,1
0.03834758439885767,0.29896602034568787,0.0,0.0,1,10,0,7,0.0,213,986,0.21602434077079108,1
0.05019249748022755,0.4107157588005066,0.0,0.0,1,13,0,3,0.4666666666666667,558,491,1.1364562118126273,1
0.057177173558185045,0.3861266076564789,0.0,0.0,0,0,0,0,0.6,582,574,1.0139372822299653,1
0.07484590203295792,0.49201059341430664,0.0,0.0,1,1,0,0,0.5,579,216,2.6805555555555554,1
0.04002604397191777,0.3917442262172699,0.0,0.0,1,1,0,5,0.5,741,113,6.557522123893805,1
0.05027203686484409,0.4022347927093506,0.0,0.0,1,1,0,0,0.4,518,342,1.5146198830409356,1
0.05725415660908326,0.36861053109169006,0.05555555555555555,0.0,1,18,1,1,0.26666666666666666,521,326,1.598159509202454,1
0.055484012065743556,0.48777246475219727,0.0,0.0,0,0,0,1,0.4,553,378,1.462962962962963,1
0.055458297996748625,0.41091006994247437,0.0,0.0,0,0,0,2,0.4,238,263,0.9049429657794676,1
0.030837574345059807,0.3288429081439972,0.0,0.0,1,1,0,2,0.14285714285714285,638,124,5.145161290322581,1
0.025324400487882835,0.29284536838531494,0.16666666666666666,0.0,1,6,1,7,0.06666666666666667,1006,571,1.7618213660245183,1
0.030379716171554782,0.38495898246765137,0.0,0.0,0,0,0,17,0.2,634,82,7.7317073170731705,1
0.04403695025582637,0.39617908000946045,0.0,0.0,1,1,0,1,0.36363636363636365,255,143,1.7832167832167831,1
0.05026227682056283,0.4444272816181183,0.5,0.0,1,2,1,11,0.2727272727272727,612,171,3.5789473684210527,1
0.057867058137567505,0.41668298840522766,0.5,0.0,1,6,3,20,0.4666666666666667,662,387,1.7105943152454781,1
0.0749704809203107,0.5058614611625671,0.0,0.0,1,1,0,5,0.5714285714285714,582,121,4.809917355371901,1
0.05948312574915839,0.39384034276008606,0.25,0.0,1,8,2,12,0.5333333333333333,399,661,0.6036308623298033,1
0.03893267402309861,0.4047025144100189,0.0,0.0,1,1,0,11,1.0,338,34,9.941176470588236,1
0.03798605446638354,0.46955928206443787,0.0,0.0,0,0,0,0,0.3333333333333333,358,145,2.4689655172413794,1
0.02975519032019885,0.23193490505218506,0.6666666666666666,0.0,1,6,4,9,0.06666666666666667,295,636,0.4638364779874214,1
0.0484336806161857,0.41973811388015747,0.0,0.0,0,0,0,0,0.26666666666666666,476,263,1.8098859315589353,1
0.044607630865792815,0.44720545411109924,0.0,0.0,0,0,0,0,1.0,579,51,11.352941176470589,1
0.05593953526593608,0.3133450746536255,0.3,0.0,1,10,3,12,0.2,399,986,0.40466531440162273,1
0.015382111122349499,0.3302925229072571,0.0,0.0,1,1,0,1,0.0,154,431,0.35730858468677495,1
0.04184485690703344,0.2926638722419739,1.0,0.0,1,1,1,2,0.3333333333333333,608,521,1.1669865642994242,1
0.029825841142376294,0.3368396461009979,0.0,0.0,0,0,0,0,0.3333333333333333,638,328,1.9451219512195121,1
0.04754394833506104,0.4256921708583832,0.0,0.0,0,0,0,0,0.4,589,552,1.0670289855072463,1
0.0946283516006131,0.45794814825057983,1.0,0.0,1,1,1,2,0.6666666666666666,1695,291,5.824742268041237,1
0.04436095846436716,0.3973577618598938,0.0,0.0,0,0,0,6,0.4,698,263,2.653992395437262,1
0.04075178284315344,0.39185377955436707,0.25,0.0,1,12,3,21,0.5,443,312,1.419871794871795,1
0.09629456814957602,0.49809667468070984,0.7272727272727273,0.0,1,11,8,35,0.7333333333333333,1734,351,4.94017094017094,1
0.025505137568668387,0.338361918926239,0.0,0.0,0,0,0,0,0.0,498,172,2.895348837209302,1
0.057598451121773454,0.45349693298339844,0.3333333333333333,0.0,1,3,1,1,0.4666666666666667,287,582,0.49312714776632305,1
0.0982166288755074,0.4301898181438446,1.0,0.0,1,1,1,1,0.6,750,810,0.9259259259259259,1
0.05036655232171003,0.3529511094093323,0.0,0.0,1,1,0,12,0.4666666666666667,864,300,2.88,1
0.04930184396018724,0.3488978147506714,0.2,0.0,1,10,2,10,0.3333333333333333,805,717,1.1227336122733613,1
0.04616157041639696,0.34590014815330505,0.6666666666666666,0.0,1,3,2,8,0.2857142857142857,443,269,1.6468401486988848,1
0.05699093609321988,0.4596283733844757,0.0,0.0,1,1,0,0,0.4666666666666667,361,308,1.172077922077922,1
0.018003327388133733,0.3606944680213928,0.125,0.0,1,8,1,3,0.1,315,143,2.202797202797203,1
0.04971768876673293,0.36868995428085327,1.0,0.0,1,1,1,7,0.2,465,519,0.8959537572254336,1
0.06464941134290483,0.40813300013542175,0.5,0.0,1,2,1,7,0.5333333333333333,790,311,2.540192926045016,1
0.04561091667659132,0.33523693680763245,0.0,0.0,0,0,0,2,0.26666666666666666,608,565,1.0761061946902655,1
0.04771311544242066,0.46879518032073975,0.0,0.0,0,0,0,2,1.0,703,91,7.725274725274725,1
0.035870111010400246,0.3724813759326935,0.16666666666666666,0.0,1,12,2,16,0.2857142857142857,218,312,0.6987179487179487,1
0.02556457088076256,0.46669256687164307,0.0,0.0,0,0,0,1,0.0,680,42,16.19047619047619,1
0.046606143877086816,0.378540575504303,0.16666666666666666,0.0,1,6,1,7,0.3333333333333333,194,279,0.6953405017921147,1
0.01941260738305277,0.3641395568847656,0.0,0.0,1,2,0,2,0.25,809,183,4.420765027322404,1
0.0308605894176875,0.3333868682384491,0.0,0.0,0,0,0,3,0.2,270,328,0.823170731707317,1
0.04552503008556845,0.24457556009292603,0.0,0.0,1,6,0,10,0.2,805,636,1.2657232704402517,1
0.035930844244915966,0.563060462474823,0.0,0.0,0,0,0,3,0.4,465,32,14.53125,1
0.06229381670758937,0.29894790053367615,0.3333333333333333,0.0,1,6,2,15,0.3333333333333333,1104,877,1.258836944127708,1
0.048672388742608826,0.32306772470474243,0.5,0.0,1,2,1,10,0.4,828,290,2.8551724137931034,1
0.04017429627680375,0.2646453380584717,0.0,0.0,1,6,0,8,0.13333333333333333,837,636,1.3160377358490567,1
0.039195363760902956,0.43901872634887695,1.0,0.0,1,1,1,39,0.2,2130,273,7.802197802197802,1
0.072659924671597,0.41201409697532654,0.0,0.0,1,2,0,14,0.5454545454545454,409,171,2.391812865497076,1
0.09376007104678757,0.43314677476882935,1.0,0.0,1,8,8,39,0.7333333333333333,2130,262,8.129770992366412,1
0.06116967394238258,0.5023730397224426,0.0,0.0,0,0,0,1,0.5,578,94,6.148936170212766,1
0.050245363764175016,0.3716311752796173,0.0,0.0,0,0,0,0,0.4,361,552,0.6539855072463768,1
0.04917615047814937,0.4618128836154938,1.0,0.0,1,1,1,7,0.375,536,134,4.0,1
0.07458560250655157,0.45443999767303467,0.3333333333333333,0.0,1,6,2,11,0.4666666666666667,663,278,2.384892086330935,1
0.036071766352030445,0.42649343609809875,0.0,0.0,1,1,0,1,0.4666666666666667,578,296,1.9527027027027026,1
0.04250296490912656,0.4753758907318115,0.0,0.0,1,1,0,2,0.5,1048,113,9.274336283185841,1
0.07265817615867486,0.36664676666259766,0.3333333333333333,0.0,1,3,1,1,0.4666666666666667,680,810,0.8395061728395061,1
0.09900598558462453,0.3576463758945465,0.42857142857142855,0.0,1,7,3,10,0.6,583,1038,0.5616570327552987,1
0.04019716739414296,0.4043518304824829,0.0,0.0,1,1,0,0,0.13333333333333333,364,431,0.8445475638051044,1
0.06970230650742108,0.5060646533966064,0.0,0.0,1,1,0,15,1.0,1104,41,26.926829268292682,1
0.009652932515583808,0.3834752142429352,0.0,0.0,0,0,0,2,0.0,331,51,6.490196078431373,1
0.0663359544190796,0.47564807534217834,0.25,0.0,1,8,2,8,0.7333333333333333,837,661,1.2662632375189107,1
0.06395822424202138,0.3731687068939209,1.0,0.0,1,2,2,7,0.3333333333333333,790,586,1.348122866894198,1
0.0437054565820895,0.37901994585990906,0.25,0.0,1,8,2,11,0.3333333333333333,524,316,1.6582278481012658,1
0.07817890311846613,0.4926007091999054,0.375,0.0,1,8,3,18,0.6,535,661,0.8093797276853253,1
0.03042623460837254,0.3882325291633606,0.0,0.0,1,8,0,7,0.3,194,193,1.005181347150259,1
0.05279168394963251,0.46230900287628174,1.0,0.0,1,1,1,1,0.4,583,431,1.3526682134570767,1
0.032064205340011136,0.3757733702659607,0.0,0.0,0,0,0,2,0.0,527,42,12.547619047619047,1
0.03240996644474953,0.2663758099079132,0.3333333333333333,0.0,1,3,1,12,0.4666666666666667,713,774,0.9211886304909561,1
0.04030185920031918,0.3933509886264801,0.0,0.0,0,0,0,1,0.4,530,552,0.9601449275362319,1
0.0403638137211397,0.29218488931655884,0.2,0.0,1,10,2,10,0.2,805,986,0.8164300202839757,1
0.030201368520471616,0.3274458646774292,0.0,0.0,1,2,0,3,0.42857142857142855,613,158,3.8797468354430378,1
0.03421175251374735,0.36244699358940125,0.0,0.0,1,1,0,1,0.26666666666666666,501,428,1.1705607476635513,1
0.0470758233811196,0.3658001124858856,0.0,0.0,1,1,0,6,0.3333333333333333,430,475,0.9052631578947369,1
0.03738629450030314,0.30059388279914856,0.0,0.0,0,0,0,0,0.4666666666666667,518,258,2.007751937984496,1
0.06001282922345521,0.5286041498184204,0.0,0.0,0,0,0,0,0.7142857142857143,521,85,6.129411764705883,1
0.06670937349280869,0.572516918182373,0.0,0.0,0,0,0,1,0.5714285714285714,553,85,6.5058823529411764,1
0.07420365899580236,0.39173316955566406,0.6666666666666666,0.0,1,3,2,4,0.6666666666666666,786,582,1.3505154639175259,1
0.045949841697136826,0.41711536049842834,1.0,0.0,1,1,1,15,0.4,1104,118,9.35593220338983,1
0.073536053312263,0.41058674454689026,0.0,0.0,1,1,0,9,0.4666666666666667,816,300,2.72,1
0.06155922628025819,0.41550740599632263,0.25,0.0,1,12,3,18,0.5714285714285714,1533,312,4.913461538461538,1
0.04815574391200928,0.2929562032222748,0.5,0.0,1,6,3,21,0.4666666666666667,990,571,1.733800350262697,1
0.024136488128385408,0.32593682408332825,0.375,0.0,1,8,3,17,0.26666666666666666,324,316,1.0253164556962024,1
0.058043694515632197,0.3456713855266571,0.0,0.0,1,2,0,20,0.4666666666666667,662,476,1.3907563025210083,1
0.07847078199611182,0.41552338004112244,0.25,0.0,1,8,2,18,0.3333333333333333,535,468,1.143162393162393,1
0.03970634249020132,0.3852759897708893,0.0,0.0,1,1,0,0,0.2,469,336,1.3958333333333333,1
0.07169847647411648,0.3712720274925232,1.0,0.0,1,1,1,6,0.26666666666666666,430,519,0.8285163776493256,1
0.02576587329760966,0.33802077174186707,0.0,0.0,1,1,0,9,0.06666666666666667,295,428,0.6892523364485982,1
0.06268828835401073,0.3655174970626831,0.5,0.0,1,2,1,2,0.6666666666666666,1064,290,3.668965517241379,1
0.055485424243063,0.4011445641517639,0.5,0.0,1,2,1,2,0.75,688,147,4.680272108843537,1
0.04182901239408696,0.3155249357223511,0.0,0.0,1,1,0,0,0.2,518,301,1.7209302325581395,1
0.0654150080821935,0.3615344762802124,0.6666666666666666,0.0,1,3,2,10,0.5333333333333333,957,810,1.1814814814814816,1
0.02929731076590344,0.3330528438091278,0.0,0.0,0,0,0,20,0.2,640,246,2.6016260162601625,1
0.04152820300468377,0.3671116232872009,0.0,0.0,1,3,0,9,0.3333333333333333,644,194,3.3195876288659796,1
0.04096054098008047,0.35808807611465454,0.0,0.0,1,3,0,1,0.3333333333333333,969,194,4.994845360824742,1
0.07954902533009615,0.3688710927963257,0.6923076923076923,0.0,1,13,9,18,0.4666666666666667,748,780,0.958974358974359,1
0.03903743130083857,0.33882227540016174,0.0,0.0,1,1,0,7,0.13333333333333333,186,300,0.62,1
0.034816274012331415,0.38268396258354187,0.3333333333333333,0.0,1,6,2,11,0.26666666666666666,1003,369,2.7181571815718155,1
0.05902503025244834,0.41030022501945496,1.0,0.0,1,1,1,2,0.4666666666666667,508,810,0.6271604938271605,1
0.08018752072799855,0.3641390800476074,0.6,0.0,1,5,3,11,0.5333333333333333,663,395,1.678481012658228,1
0.037603195990806755,0.41882267594337463,0.0,0.0,1,1,0,0,0.46153846153846156,304,157,1.9363057324840764,1
0.03041613565510115,0.4280230402946472,0.0,0.0,0,0,0,0,1.0,759,51,14.882352941176471,1
0.01137079974723974,0.48056504130363464,0.0,0.0,0,0,0,8,0.0,837,46,18.195652173913043,1
0.06409631127638572,0.3689126968383789,1.0,0.0,1,1,1,13,0.6666666666666666,899,475,1.8926315789473684,1
0.0402148247924988,0.33923104405403137,0.0,0.0,1,1,0,0,0.3333333333333333,469,438,1.0707762557077625,1
0.07289698778984767,0.45701250433921814,1.0,0.0,1,1,1,1,0.625,874,216,4.046296296296297,1
0.05110939682403387,0.38787034153938293,0.0,0.0,0,0,0,1,0.2,642,258,2.488372093023256,1
0.03189076297515475,0.36860907077789307,1.0,0.0,1,1,1,1,0.13333333333333333,180,301,0.5980066445182725,1
0.04948453833073819,0.2727247476577759,0.0,0.0,1,6,0,3,0.4666666666666667,599,571,1.0490367775831875,1
0.024540202698108946,0.3464331328868866,0.0,0.0,1,8,0,0,0.13333333333333333,1152,262,4.396946564885496,1
0.04893077017768212,0.29122480750083923,0.3333333333333333,0.0,1,6,2,12,0.3333333333333333,565,571,0.989492119089317,1
0.058631331084438326,0.5385357141494751,0.0,0.0,0,0,0,7,0.6,1206,108,11.166666666666666,1
0.03321223717423373,0.2778583765029907,0.3333333333333333,0.0,1,6,2,13,0.3333333333333333,545,571,0.9544658493870403,1
0.05165825340466471,0.4968259930610657,0.0,0.0,1,1,0,1,0.3333333333333333,590,79,7.468354430379747,1
0.0469416681945275,0.36723315715789795,0.0,0.0,1,6,0,2,0.2,625,440,1.4204545454545454,1
0.03556484327956141,0.3264550566673279,0.4,0.0,1,5,2,20,0.13333333333333333,619,492,1.258130081300813,1
0.04277597861500016,0.3378203213214874,0.0,0.0,0,0,0,1,0.2,601,456,1.3179824561403508,1
0.06185639997496182,0.3733229637145996,0.6666666666666666,0.0,1,6,4,20,0.4666666666666667,619,387,1.599483204134367,1
0.05256950045494619,0.41282394528388977,0.0,0.0,0,0,0,2,0.3333333333333333,619,456,1.3574561403508771,1
0.03706986226914899,0.4744420051574707,0.0,0.0,0,0,0,7,0.6,683,108,6.324074074074074,1
0.07021037216917059,0.3314564526081085,0.4,0.0,1,5,2,11,0.5333333333333333,727,395,1.840506329113924,1
0.02813060614383574,0.4209115505218506,0.0,0.0,0,0,0,8,0.25,551,101,5.455445544554456,1
0.026984913325656792,0.3835642337799072,0.0,0.0,1,6,0,0,0.2,467,278,1.6798561151079137,1
0.027528217849974765,0.27818286418914795,0.0,0.0,1,1,0,3,0.3,367,127,2.8897637795275593,1
0.045755977740243814,0.34519892930984497,0.4,0.0,1,10,4,14,0.4,680,717,0.9483960948396095,1
0.08051680367523144,0.3473180830478668,0.4,0.0,1,5,2,15,0.5333333333333333,1104,1041,1.0605187319884726,1
0.018944222895560626,0.34622398018836975,0.0,0.0,0,0,0,0,0.0,775,108,7.175925925925926,1
0.046396870187270324,0.3155968487262726,0.0,0.0,1,5,0,2,0.2,641,395,1.6227848101265823,1
0.04107888569591027,0.4505772590637207,0.0,0.0,0,0,0,0,1.0,521,51,10.215686274509803,1
0.07269442912652993,0.4759611487388611,1.0,0.0,1,2,2,13,0.5,899,147,6.115646258503402,1
0.028836237138984543,0.45330342650413513,0.0,0.0,0,0,0,0,0.75,498,91,5.472527472527473,1
0.033088887613200196,0.3536660373210907,1.0,0.0,1,1,1,1,0.2,358,336,1.0654761904761905,1
0.07490286284054463,0.46885302662849426,0.13333333333333333,0.0,1,15,2,12,0.4666666666666667,565,382,1.4790575916230366,1
0.031211811058289986,0.431353896856308,0.125,0.0,1,8,1,3,0.2,558,193,2.8911917098445596,1
0.04439564372587894,0.31004083156585693,0.0,0.0,1,3,0,7,0.13333333333333333,1246,700,1.78,1
0.05522428373429389,0.46859821677207947,0.06666666666666667,0.0,1,15,1,3,0.4666666666666667,558,382,1.4607329842931938,1
0.10172868500077917,0.3799002766609192,0.42857142857142855,0.0,1,7,3,12,0.4,1153,1038,1.1107899807321773,1
0.018375937036649973,0.2935295104980469,0.0,0.0,0,0,0,0,0.13333333333333333,469,258,1.817829457364341,1
0.041440410937291144,0.36549699306488037,0.0,0.0,0,0,0,2,0.2,238,311,0.7652733118971061,1
0.04320144535044052,0.416680246591568,0.0,0.0,1,1,0,0,0.3333333333333333,361,291,1.2405498281786942,1
0.01502381279648431,0.2980377674102783,0.0,0.0,1,2,0,1,0.25,652,73,8.931506849315069,1
0.04872378843656395,0.434675931930542,0.0,0.0,1,15,0,1,0.4666666666666667,592,382,1.549738219895288,1
0.05708541892492669,0.4903784692287445,0.25,0.0,1,4,1,18,0.6666666666666666,604,96,6.291666666666667,2
0.11243569047224992,0.478220134973526,1.0,0.0,1,1,1,2,0.7333333333333333,1695,575,2.9478260869565216,2
0.047366160668237726,0.43128103017807007,0.2857142857142857,0.0,1,14,4,9,0.4,487,520,0.9365384615384615,2
0.10028928311956821,0.3893791437149048,0.625,0.0,1,16,10,13,0.6,1032,1015,1.0167487684729064,2
0.03963834839735025,0.39624595642089844,0.26666666666666666,0.0,1,15,4,20,0.26666666666666666,640,380,1.6842105263157894,2
0.0841084102534011,0.34658703207969666,1.0,0.0,1,5,5,36,0.4666666666666667,714,578,1.2352941176470589,2
0.03360899993027171,0.29664361476898193,0.0,0.0,1,3,0,2,0.26666666666666666,612,774,0.7906976744186046,2
0.03343644659452887,0.37803584337234497,0.5,0.0,1,2,1,2,0.13333333333333333,809,452,1.7898230088495575,2
0.06493254008897403,0.3560161292552948,0.3333333333333333,0.0,1,6,2,12,0.4666666666666667,399,319,1.250783699059561,2
0.0792545661049284,0.4525187015533447,0.5,0.0,1,2,1,13,0.6,899,452,1.988938053097345,2
0.04991674387210898,0.2945859432220459,0.0,0.0,1,13,0,10,0.2,805,415,1.9397590361445782,2
0.08788141365433436,0.3501254916191101,0.8125,0.0,1,16,13,18,0.6,473,1015,0.4660098522167488,2
0.05655884746505266,0.35581812262535095,0.0,0.0,0,0,0,0,0.4,582,549,1.0601092896174864,2
0.04423014236177875,0.38659289479255676,1.0,0.0,1,1,1,1,0.5333333333333333,530,287,1.8466898954703832,2
0.02098706899011878,0.4253923296928406,0.0,0.0,0,0,0,3,0.14285714285714285,1189,108,11.00925925925926,2
0.08911834980982186,0.35984015464782715,0.0,0.0,0,0,0,2,0.7333333333333333,709,214,3.3130841121495327,2
0.0590487696884741,0.40315526723861694,0.16666666666666666,0.0,1,6,1,25,0.4666666666666667,615,319,1.9278996865203761,2
0.08058692073505598,0.35420292615890503,0.8,0.0,1,5,4,21,0.6666666666666666,990,578,1.71280276816609,2
0.07896918790462233,0.3893146514892578,0.2,0.0,1,5,1,11,0.6666666666666666,2164,578,3.7439446366782008,2
0.08282582717207379,0.3725530803203583,0.5,0.5,1,2,1,17,0.5333333333333333,488,476,1.0252100840336134,2
0.025773904671412592,0.40595629811286926,0.0,0.0,1,1,0,1,0.13333333333333333,154,156,0.9871794871794872,2
0.040946861178636745,0.34319525957107544,0.3333333333333333,0.0,1,3,1,9,0.1111111111111111,476,194,2.4536082474226806,2
0.04259865254739691,0.3867942988872528,0.0,0.0,1,8,0,7,0.06666666666666667,213,317,0.6719242902208202,2
0.03726180296571308,0.36628761887550354,0.0,0.0,0,0,0,0,0.4,755,300,2.5166666666666666,2
0.06851939996323747,0.5184800028800964,0.5,0.0,1,8,4,7,0.5333333333333333,683,390,1.7512820512820513,2
0.03980544070525461,0.3103336691856384,0.0,0.0,0,0,0,3,0.3333333333333333,815,214,3.808411214953271,2
0.05535872966646348,0.5235860347747803,0.2,0.0,1,5,1,7,0.5714285714285714,644,165,3.903030303030303,2
0.04018990731795806,0.2616364657878876,0.23076923076923078,0.0,1,13,3,14,0.2,680,415,1.6385542168674698,2
0.06983328344750167,0.4867008924484253,0.0,0.0,1,1,0,0,0.8,609,156,3.9038461538461537,2
0.0493993472456859,0.41028210520744324,0.0,0.0,1,1,0,0,0.26666666666666666,589,349,1.6876790830945558,2
0.027882366150320165,0.28116437792778015,0.0,0.0,0,0,0,3,0.2,270,231,1.1688311688311688,2
0.04852510000761111,0.3135872781276703,0.75,0.0,1,4,3,16,0.13333333333333333,655,456,1.4364035087719298,2
0.04664958686223746,0.38816139101982117,0.0,0.0,0,0,0,2,0.3333333333333333,619,231,2.6796536796536796,2
0.05624407208397892,0.3472730219364166,0.16666666666666666,0.0,1,6,1,17,0.26666666666666666,352,319,1.103448275862069,2
0.06319896254930764,0.4592146873474121,0.0,0.0,1,1,0,2,0.4,688,185,3.718918918918919,2
0.07429107363977194,0.5395799875259399,0.625,0.0,1,8,5,13,0.5333333333333333,899,390,2.305128205128205,2
0.05026185400169828,0.3536706268787384,0.0,0.0,1,5,0,11,0.26666666666666666,636,578,1.1003460207612457,2
0.05195625228663753,0.3305812180042267,0.0,0.0,1,3,0,10,0.3333333333333333,781,1079,0.7238183503243745,2
0.0629269468801086,0.36706092953681946,0.5,0.5,1,2,1,9,0.3333333333333333,476,476,1.0,2
0.06493856322134414,0.4258887767791748,1.0,0.0,1,2,2,3,0.26666666666666666,315,287,1.0975609756097562,2
0.036461203860226984,0.3465079367160797,0.0,0.0,0,0,0,1,0.2,641,121,5.297520661157025,2
0.06441372636890354,0.4091309607028961,0.3076923076923077,0.0,1,13,4,9,0.4,644,491,1.3116089613034623,2
0.0589500925395434,0.351709246635437,0.16666666666666666,0.0,1,6,1,7,0.4,1269,440,2.8840909090909093,2
0.031109294763269606,0.41431817412376404,0.0,0.0,1,2,0,0,0.5,1152,147,7.836734693877551,2
0.044933758968710796,0.3594360053539276,0.0,0.0,1,11,0,0,0.3333333333333333,467,351,1.3304843304843306,2
0.08340111024644338,0.4201517403125763,0.08333333333333333,0.0,1,12,1,3,0.6666666666666666,599,532,1.1259398496240602,2
0.0749697618543223,0.36137765645980835,0.07692307692307693,0.0,1,13,1,11,0.4666666666666667,636,491,1.295315682281059,2
0.0811228261422535,0.37154656648635864,0.125,0.0,1,16,2,8,0.5333333333333333,736,1015,0.7251231527093596,2
0.03942341439173542,0.39135631918907166,0.26666666666666666,0.0,1,15,4,20,0.26666666666666666,640,380,1.6842105263157894,2
0.03346360058883774,0.33991310000419617,0.0,0.0,1,11,0,1,0.2,659,351,1.8774928774928774,2
0.03662121228583679,0.3280846178531647,0.0,0.0,1,6,0,0,0.2,332,440,0.7545454545454545,2
0.036391058672281054,0.2717191278934479,0.5,0.0,1,6,3,17,0.3333333333333333,352,695,0.5064748201438849,2
0.06094421855582948,0.4975978136062622,1.0,0.0,1,1,1,1,0.6,574,156,3.6794871794871793,2
0.02675288117926394,0.43235886096954346,0.0,0.0,0,0,0,11,0.14285714285714285,1144,108,10.592592592592593,2
0.05450983048856173,0.3421078622341156,0.0,0.0,1,13,0,0,0.4,863,491,1.7576374745417516,2
0.06355365182533125,0.3117159307003021,0.2,0.0,1,5,1,12,0.2,399,679,0.5876288659793815,2
0.028024132638015273,0.4499223232269287,0.0,0.0,1,1,0,18,0.3333333333333333,535,41,13.048780487804878,2
0.054666092820252414,0.32251015305519104,0.375,0.0,1,16,6,9,0.4,777,1015,0.7655172413793103,2
0.056806194330021646,0.39730143547058105,0.0,0.0,1,2,0,1,0.6,519,476,1.0903361344537814,2
0.06618878772510399,0.29465287923812866,0.4,0.0,1,5,2,19,0.3333333333333333,813,679,1.1973490427098674,2
0.05299603776783632,0.45829811692237854,0.0,0.0,1,1,0,7,0.4666666666666667,536,185,2.8972972972972975,2
0.04212267991683778,0.3896566927433014,0.0,0.0,1,2,0,1,0.42857142857142855,739,158,4.677215189873418,2
0.06840133980434632,0.4047841727733612,0.16666666666666666,0.0,1,6,1,3,0.4666666666666667,808,440,1.8363636363636364,2
0.07086023336473428,0.3632628321647644,0.0,0.0,0,0,0,2,0.4,954,565,1.688495575221239,2
0.06603415951134639,0.43035179376602173,0.0,0.0,1,3,0,2,0.5333333333333333,1350,333,4.054054054054054,2
0.05230990322574467,0.38864779472351074,0.0,0.0,0,0,0,12,0.3333333333333333,399,349,1.143266475644699,2
0.03089406634895582,0.37168753147125244,0.0,0.0,0,0,0,0,0.2,620,300,2.066666666666667,2
0.061560053383444634,0.43687203526496887,0.0,0.0,0,0,0,0,0.6,565,300,1.8833333333333333,2
0.029671668999777693,0.4114822447299957,0.0,0.0,0,0,0,9,0.2,816,82,9.951219512195122,2
0.035652936078967426,0.38457730412483215,0.2,0.0,1,5,1,7,0.2,1006,578,1.740484429065744,2
0.05296894587533874,0.3494064509868622,0.0,0.0,0,0,0,7,0.2,194,349,0.5558739255014327,2
0.03783526713834848,0.42623502016067505,0.0,0.0,0,0,0,13,0.14285714285714285,902,108,8.351851851851851,2
0.055806698584450184,0.29913926124572754,0.0,0.0,0,0,0,2,0.4666666666666667,697,214,3.2570093457943927,2
0.06859356109727213,0.5191960334777832,0.0,0.0,0,0,0,1,0.4,680,277,2.454873646209386,2
0.061402100311698765,0.32751384377479553,0.38461538461538464,0.0,1,13,5,18,0.3333333333333333,604,415,1.455421686746988,2
0.04258972716958236,0.44858840107917786,1.0,0.0,1,1,1,1,0.26666666666666666,591,156,3.7884615384615383,2
0.07388369597616752,0.35527798533439636,0.0,0.0,1,2,0,12,0.5333333333333333,577,476,1.2121848739495797,2
0.06673762871590562,0.4899728298187256,1.0,0.0,1,1,1,10,0.3333333333333333,1177,270,4.359259259259259,2
0.04994387402450994,0.3657347559928894,0.0,0.0,1,4,0,7,0.4,213,478,0.4456066945606695,2
0.06766492836380543,0.30156734585762024,0.25,0.0,1,4,1,10,0.6,805,599,1.343906510851419,2
0.07444697009963419,0.39487457275390625,0.2222222222222222,0.0,1,18,4,12,0.5333333333333333,577,326,1.7699386503067485,2
0.11031980166004746,0.41957372426986694,1.0,0.0,1,1,1,2,0.6,954,575,1.6591304347826088,2
0.06330522101542076,0.38154467940330505,0.0,0.0,1,3,0,2,0.4,1350,1079,1.2511584800741427,2
0.007309912604311563,0.30449599027633667,0.0,0.0,0,0,0,1,0.14285714285714285,171,108,1.5833333333333333,2
0.018899984829891747,0.29952263832092285,0.0,0.0,0,0,0,1,0.2,665,231,2.878787878787879,2
0.05527086460453276,0.39097702503204346,0.15384615384615385,0.0,1,13,2,8,0.4666666666666667,597,491,1.2158859470468433,2
0.08711028253701007,0.3346408009529114,0.25,0.0,1,16,4,9,0.4,751,1015,0.7399014778325124,2
0.07935419296981182,0.5134130120277405,0.7142857142857143,0.0,1,7,5,14,0.75,680,139,4.892086330935252,2
0.02434574521619473,0.3825230598449707,0.0,0.0,0,0,0,0,0.3,863,121,7.132231404958677,2
0.04275070175668958,0.31220531463623047,0.0,0.0,0,0,0,0,0.06666666666666667,426,214,1.9906542056074767,2
0.01593605436050463,0.3560488224029541,0.0,0.0,1,2,0,1,0.14285714285714285,517,158,3.2721518987341773,2
0.029993319462944087,0.2565152943134308,0.3333333333333333,0.0,1,6,2,13,0.06666666666666667,276,555,0.4972972972972973,2
0.07185496962736208,0.4629960060119629,0.6666666666666666,0.0,1,3,2,7,0.5333333333333333,683,333,2.051051051051051,2
0.08970646624704141,0.39511409401893616,0.25,0.0,1,12,3,12,0.6666666666666666,706,532,1.3270676691729324,2
0.06479039139588019,0.46249526739120483,1.0,0.0,1,1,1,1,0.4,794,156,5.089743589743589,2
0.05922472831669477,0.339399516582489,0.5,0.0,1,4,2,15,0.26666666666666666,1359,456,2.9802631578947367,2
0.022599864973029758,0.3168836534023285,0.0,0.0,0,0,0,0,0.4,863,82,10.524390243902438,2
0.0625250521513153,0.48541590571403503,0.0,0.0,1,1,0,0,0.7777777777777778,582,125,4.656,2
0.09680787964154487,0.4067869782447815,1.0,0.0,1,1,1,1,0.6,526,575,0.9147826086956522,2
0.0681310784026341,0.5122108459472656,1.0,0.0,1,1,1,2,0.6,613,156,3.9294871794871793,2
0.07133415412653482,0.4267438054084778,0.07142857142857142,0.0,1,14,1,1,0.4666666666666667,1211,520,2.328846153846154,2
0.038319750297874856,0.41315823793411255,0.125,0.0,1,8,1,8,0.4,837,193,4.33678756476684,2
0.04970397835420338,0.3086249530315399,0.25,0.0,1,4,1,21,0.4,443,599,0.7395659432387313,2
0.07941033021721074,0.3387206494808197,0.0,0.0,0,0,0,1,0.26666666666666666,874,565,1.5469026548672566,2
0.06803451207394978,0.5140938758850098,0.0,0.0,1,1,0,13,0.6666666666666666,899,185,4.859459459459459,2
0.05146027344425765,0.4022243022918701,0.5,0.0,1,2,1,10,0.6,781,287,2.721254355400697,2
0.047902049609093104,0.2873190939426422,0.0,0.0,1,3,0,15,0.3333333333333333,722,774,0.9328165374677002,2
0.061600139337128657,0.4492466151714325,0.0,0.0,0,0,0,1,0.6,728,300,2.4266666666666667,2
0.03606625996068558,0.280439555644989,0.25,0.0,1,4,1,7,0.13333333333333333,647,456,1.418859649122807,2
0.08308420157375236,0.4992392361164093,0.25,0.0,1,8,2,3,0.6666666666666666,465,390,1.1923076923076923,2
0.06743299361807753,0.38062840700149536,0.08333333333333333,0.0,1,12,1,7,0.4,186,532,0.34962406015037595,2
0.045373286243251564,0.48420387506484985,1.0,0.0,1,1,1,3,0.6,1797,156,11.51923076923077,2
0.02738363850660523,0.36443647742271423,1.0,0.0,1,1,1,10,0.4,805,118,6.822033898305085,2
0.0379760422593532,0.3913232386112213,0.25,0.0,1,4,1,20,0.3333333333333333,640,96,6.666666666666667,2
0.026830012696120186,0.3560945689678192,0.0,0.0,0,0,0,0,0.3333333333333333,761,231,3.294372294372294,2
0.025861637586731448,0.3285788893699646,0.0,0.0,1,8,0,3,0.2,268,193,1.38860103626943,2
0.047444424694885294,0.38236162066459656,0.5,0.0,1,4,2,5,0.6666666666666666,1073,330,3.2515151515151515,2
0.04367229603046323,0.33326563239097595,0.0,0.0,1,6,0,1,0.3333333333333333,565,440,1.2840909090909092,2
0.0600334289413018,0.419070839881897,0.0,0.0,0,0,0,0,0.4666666666666667,870,300,2.9,2
0.06325773361184814,0.36600181460380554,0.4375,0.0,1,16,7,13,0.4666666666666667,545,1015,0.5369458128078818,2
0.03124365078233926,0.37450554966926575,0.0,0.0,0,0,0,0,0.3333333333333333,565,231,2.445887445887446,2
0.02757168433889079,0.2850697934627533,0.0,0.0,1,6,0,1,0.2,255,664,0.38403614457831325,2
0.044734747409405355,0.37102168798446655,0.14285714285714285,0.0,1,14,2,11,0.26666666666666666,837,520,1.6096153846153847,2
0.06862006341670485,0.43599146604537964,1.0,0.0,1,1,1,1,0.4666666666666667,565,270,2.0925925925925926,2
0.06491515493287338,0.48657843470573425,0.0,0.0,0,0,0,2,0.2,654,277,2.3610108303249095,2
0.04281969403822934,0.29674258828163147,0.0,0.0,0,0,0,20,0.13333333333333333,619,349,1.7736389684813754,2
0.03812655493670284,0.2979472279548645,0.8,0.0,1,5,4,20,0.2,662,679,0.9749631811487481,2
0.11047920351777298,0.42148250341415405,1.0,0.0,1,1,1,2,0.6,954,575,1.6591304347826088,2
0.05008310340868804,0.4860134720802307,0.5,0.0,1,6,3,25,0.45454545454545453,615,226,2.7212389380530975,2
0.04076523068097481,0.3693547546863556,0.0,0.0,1,4,0,1,0.2,680,456,1.4912280701754386,2
0.03825961695713476,0.4099462032318115,0.0,0.0,1,1,0,8,0.4,443,118,3.7542372881355934,2
0.07509553712978269,0.5117971897125244,0.5714285714285714,0.0,1,7,4,18,0.5,1533,139,11.028776978417266,2
0.013811105141055224,0.41442540287971497,0.0,0.0,0,0,0,11,0.4,524,64,8.1875,2
0.09762301837650154,0.40992867946624756,0.0,0.0,1,1,0,0,0.6,591,575,1.0278260869565217,2
0.043939878907136194,0.28405067324638367,0.0,0.0,1,3,0,8,0.26666666666666666,790,774,1.020671834625323,2
0.02857829743160215,0.3028697669506073,0.0,0.0,1,4,0,1,0.2727272727272727,724,193,3.7512953367875648,2
0.09065122846198771,0.3975357711315155,1.0,0.0,1,1,1,3,0.6,675,575,1.173913043478261,2
0.03379836947537446,0.39171573519706726,0.0,0.0,0,0,0,9,0.4,476,121,3.9338842975206614,2
0.039881769051706775,0.3532116711139679,0.0,0.0,1,4,0,1,0.13333333333333333,558,456,1.2236842105263157,2
0.03597625916624587,0.4619690477848053,0.0,0.0,0,0,0,15,0.2857142857142857,1359,108,12.583333333333334,2
0.07256011751356127,0.4864733815193176,1.0,0.0,1,2,2,13,0.6,899,287,3.132404181184669,2
0.09618043691404153,0.5259156227111816,0.5,0.0,1,2,1,5,0.4666666666666667,582,452,1.2876106194690264,2
0.050522523159059,0.3899901509284973,0.875,0.0,1,8,7,22,0.4,1880,143,13.146853146853147,2
0.03358160527967308,0.3773018419742584,0.2,0.0,1,5,1,11,0.5,524,104,5.038461538461538,2
0.04289518896316189,0.3971741199493408,0.625,0.0,1,8,5,14,0.2,680,193,3.523316062176166,2
0.03971534924110362,0.3320521116256714,0.25,0.0,1,4,1,1,0.26666666666666666,295,456,0.6469298245614035,2
0.0661703364554158,0.4261176586151123,1.0,0.0,1,1,1,1,0.26666666666666666,436,575,0.7582608695652174,2
0.08982828513308044,0.39050549268722534,0.25,0.0,1,12,3,13,0.6666666666666666,504,532,0.9473684210526315,2
0.05198614155811591,0.30914101004600525,0.5,0.0,1,6,3,9,0.3333333333333333,295,555,0.5315315315315315,2
0.039908183867789215,0.36335062980651855,0.0,0.0,1,6,0,0,0.26666666666666666,787,440,1.7886363636363636,2
0.06833580514397002,0.442015677690506,0.0,0.0,0,0,0,1,0.4,874,666,1.3123123123123124,2
0.08187584968931,0.4048618972301483,0.5,0.0,1,12,6,14,0.4666666666666667,816,532,1.5338345864661653,2
0.08414484088776134,0.4442407786846161,0.16666666666666666,0.0,1,12,2,7,0.4666666666666667,440,532,0.8270676691729323,2
0.05331012817897274,0.3779697120189667,0.2,0.0,1,10,2,11,0.5333333333333333,524,297,1.7643097643097643,2
0.12483595687614524,0.4992258846759796,0.0,0.0,1,2,0,1,0.8666666666666667,590,665,0.8872180451127819,2
0.024905422492746986,0.41493868827819824,0.0,0.0,0,0,0,1,0.18181818181818182,578,174,3.32183908045977,2
0.09489697278608232,0.4583125114440918,0.6666666666666666,0.0,1,9,6,17,0.4,352,306,1.1503267973856208,2
0.060030360838440495,0.31736835837364197,1.0,0.0,1,6,6,35,0.4,1940,664,2.9216867469879517,2
0.042270092629762106,0.4641761779785156,0.14285714285714285,0.0,1,7,1,7,0.5,213,139,1.5323741007194245,2
0.017625853863336524,0.3878728449344635,0.0,0.0,1,1,0,3,0.2,268,118,2.2711864406779663,2
0.06248346441722848,0.31419453024864197,1.0,0.0,1,6,6,22,0.4666666666666667,1880,664,2.8313253012048194,2
0.046912778730823695,0.4618529677391052,1.0,0.0,1,1,1,1,0.3333333333333333,558,270,2.066666666666667,2
0.028654964417342235,0.3885161876678467,0.0,0.0,0,0,0,5,0.0,760,108,7.037037037037037,2
0.050771052838163036,0.3467293381690979,0.0,0.0,0,0,0,0,0.06666666666666667,358,549,0.6520947176684881,2
0.07283634906089262,0.5320008993148804,0.0,0.0,1,1,0,0,0.6666666666666666,644,125,5.152,2
0.05475169150981609,0.42730268836021423,0.0,0.0,0,0,0,1,0.26666666666666666,578,289,2.0,2
0.05043821992883499,0.41797786951065063,0.16666666666666666,0.0,1,18,3,11,0.2,612,326,1.8773006134969326,2
0.01385719088795943,0.4013543725013733,0.5,0.0,1,2,1,7,0.0,644,34,18.941176470588236,2
0.039885331533397565,0.41741248965263367,0.0,0.0,0,0,0,2,0.2,742,277,2.67870036101083,2
0.07505985973693545,0.5018112063407898,0.0,0.0,1,1,0,1,0.4,530,270,1.962962962962963,2
0.03657587441399188,0.39128103852272034,0.0,0.0,0,0,0,14,0.4,731,121,6.041322314049586,2
0.031638683328612506,0.2841591536998749,0.0,0.0,1,5,0,8,0.06666666666666667,443,679,0.6524300441826215,2
0.03719899974877501,0.37791430950164795,0.0,0.0,0,0,0,1,0.26666666666666666,381,300,1.27,2
0.05663658071326728,0.33114880323410034,0.23076923076923078,0.0,1,13,3,11,0.3333333333333333,837,491,1.704684317718941,2
0.09646825910227108,0.44859886169433594,0.4444444444444444,0.0,1,18,8,19,0.7333333333333333,813,326,2.4938650306748467,2
0.049588781232995906,0.45826292037963867,0.0,0.0,1,1,0,0,0.4666666666666667,589,204,2.8872549019607843,2
0.028377740345600044,0.3010518252849579,0.0,0.0,1,6,0,1,0.13333333333333333,636,664,0.9578313253012049,2
0.06279171319013392,0.3518988788127899,0.75,0.0,1,4,3,9,0.4,1000,456,2.192982456140351,2
0.029569839993843227,0.2735154628753662,0.0,0.0,1,3,0,9,0.13333333333333333,619,774,0.7997416020671835,2
0.03526058039470642,0.40414777398109436,0.0,0.0,0,0,0,17,0.3,707,121,5.8429752066115705,2
0.04688385138836198,0.38721880316734314,0.21428571428571427,0.0,1,14,3,14,0.3333333333333333,731,520,1.4057692307692307,2
0.03359907126482391,0.3775646388530731,0.3333333333333333,0.0,1,3,1,11,0.2,524,289,1.8131487889273357,2
0.054738149256009,0.3658300042152405,0.2,0.0,1,5,1,9,0.4666666666666667,487,578,0.842560553633218,2
0.07624831785761249,0.37403640151023865,0.0,0.0,1,3,0,2,0.5333333333333333,688,1079,0.6376274328081557,2
0.043248919884978476,0.3136247396469116,0.15384615384615385,0.0,1,13,2,7,0.3333333333333333,1246,415,3.0024096385542167,2
0.07068137274169642,0.3834114372730255,0.5,0.0,1,2,1,10,0.4,583,452,1.2898230088495575,2
0.055704767017554835,0.45643219351768494,1.0,0.0,1,1,1,1,0.3333333333333333,578,339,1.705014749262537,2
0.049787063076092763,0.34519121050834656,0.16666666666666666,0.0,1,6,1,5,0.3333333333333333,760,440,1.7272727272727273,2
0.056752709024276024,0.3638785183429718,0.0,0.0,1,2,0,8,0.26666666666666666,443,476,0.930672268907563,2
0.06999453827194319,0.3507549464702606,0.16666666666666666,0.0,1,6,1,18,0.5333333333333333,604,319,1.8934169278996866,2
0.07055535815184431,0.488845556974411,0.0,0.0,0,0,0,13,0.8666666666666667,2230,465,4.795698924731183,2
0.07158923338478031,0.3367413580417633,1.0,0.0,1,3,2,13,0.5333333333333333,899,1079,0.8331788693234476,2
0.04404712716066877,0.34332194924354553,0.3076923076923077,0.0,1,13,4,12,0.2,399,415,0.9614457831325302,2
0.06494415947293534,0.4535815119743347,0.5,0.0,1,2,1,3,0.3333333333333333,465,452,1.0287610619469028,2
0.07875141302182985,0.3038049340248108,0.75,0.0,1,4,3,18,0.4666666666666667,604,599,1.008347245409015,2
0.051749825049980984,0.3866508901119232,0.5,0.0,1,4,2,14,0.45454545454545453,665,193,3.4455958549222796,2
0.06980246543922608,0.4664902687072754,0.07142857142857142,0.0,1,14,1,4,0.4,668,520,1.2846153846153847,2
0.03951762884724789,0.3027556240558624,0.0,0.0,0,0,0,3,0.3333333333333333,815,214,3.808411214953271,2
0.05965336648828309,0.3726227581501007,0.16666666666666666,0.0,1,6,1,18,0.4,1533,555,2.7621621621621624,2
0.06424612674023394,0.43807700276374817,0.5,0.0,1,2,1,2,0.4666666666666667,1350,452,2.9867256637168142,2
0.04769465007233559,0.39339980483055115,0.0,0.0,0,0,0,0,0.2,759,666,1.1396396396396395,2
0.06940722796851657,0.5823662877082825,1.0,0.0,1,1,1,2,0.6666666666666666,954,125,7.632,2
0.08881468854729596,0.4323289096355438,0.0,0.0,1,1,0,0,0.6,521,575,0.9060869565217391,2
0.03592948085523854,0.4533567726612091,0.5,0.0,1,6,3,16,0.2727272727272727,218,226,0.9646017699115044,2
0.12524560089565598,0.43487852811813354,0.0,0.0,0,0,0,2,0.9333333333333333,1058,549,1.9271402550091075,2
0.0634288658506272,0.47429347038269043,0.75,0.0,1,4,3,12,0.4,1153,330,3.493939393939394,2
0.028120788652142303,0.42959052324295044,0.0,0.0,0,0,0,7,0.4666666666666667,465,465,1.0,2
0.0656983857090428,0.3973381817340851,0.0,0.0,1,18,0,11,0.6666666666666666,1003,326,3.076687116564417,2
0.04124937125100999,0.33837172389030457,0.16666666666666666,0.0,1,6,1,11,0.2,612,555,1.1027027027027028,2
0.046177976168300654,0.44789066910743713,0.0,0.0,1,4,0,20,0.5,662,96,6.895833333333333,2
0.05175948868239925,0.4516502916812897,0.5,0.0,1,4,2,2,0.26666666666666666,245,330,0.7424242424242424,2
0.0753988146106731,0.49323973059654236,0.75,0.0,1,4,3,13,0.6,899,330,2.724242424242424,2
0.046906050809034955,0.34740471839904785,0.16666666666666666,0.0,1,6,1,18,0.4666666666666667,929,319,2.9122257053291536,2
0.04977274215817758,0.42380091547966003,0.0,0.0,1,8,0,18,0.13333333333333333,535,317,1.6876971608832807,2
0.027689451699531683,0.35170087218284607,0.0,0.0,1,2,0,1,0.14285714285714285,558,158,3.5316455696202533,2
0.038701808158137514,0.31630271673202515,0.0,0.0,1,3,0,0,0.2222222222222222,863,194,4.448453608247423,2
0.03133331678159445,0.3029031455516815,0.5,0.0,1,4,2,16,0.26666666666666666,218,478,0.4560669456066946,2
0.04888988973276456,0.47632598876953125,1.0,0.0,1,3,3,13,0.25,340,81,4.197530864197531,2
0.06295511294996169,0.35449227690696716,0.0,0.0,1,3,0,1,0.4,1431,774,1.8488372093023255,2
0.07887460410290405,0.433135986328125,0.2222222222222222,0.0,1,18,4,9,0.8,751,326,2.303680981595092,2
0.030709718476758064,0.3787655234336853,1.0,0.0,1,1,1,1,0.2,586,270,2.1703703703703705,2
0.06805135920938558,0.40952134132385254,1.0,0.0,1,2,2,39,0.5333333333333333,2130,452,4.712389380530974,2
0.06271161165840995,0.45538726449012756,0.5,0.0,1,2,1,3,0.4,465,287,1.6202090592334495,2
0.03814877043082921,0.31112369894981384,0.0,0.0,1,3,0,10,0.2,1096,774,1.4160206718346253,2
0.04576281130653725,0.34995684027671814,0.25,0.0,1,4,1,2,0.3333333333333333,554,602,0.920265780730897,2
0.07348653597334626,0.3949495255947113,0.16666666666666666,0.0,1,6,1,9,0.4666666666666667,1000,440,2.272727272727273,2
0.0373121737039753,0.2936323881149292,0.0,0.0,1,3,0,2,0.4666666666666667,698,774,0.9018087855297158,2
0.06746914337507869,0.41763585805892944,0.2,0.0,1,5,1,17,0.5333333333333333,352,285,1.2350877192982457,2
0.028005149087640405,0.33659064769744873,0.0,0.0,1,1,0,0,0.3333333333333333,518,79,6.556962025316456,2
0.040200072145783264,0.28002238273620605,0.0,0.0,1,4,0,0,0.2,490,456,1.0745614035087718,2
0.07242100154215113,0.3825848400592804,0.75,0.0,1,4,3,18,0.6666666666666666,604,478,1.2635983263598327,2
0.04397489641868779,0.3540021479129791,0.0,0.0,1,1,0,0,0.26666666666666666,469,575,0.8156521739130435,2
0.08829387978814791,0.41446736454963684,0.0,0.0,1,2,0,12,0.4,565,476,1.1869747899159664,2
0.06213794348557886,0.31170880794525146,0.1875,0.0,1,16,3,8,0.26666666666666666,659,1015,0.6492610837438424,2
0.08832467206207494,0.5027531981468201,1.0,0.0,1,3,3,13,0.7333333333333333,899,333,2.6996996996997,2
0.04136448012446722,0.452422559261322,0.0,0.0,1,1,0,0,0.4666666666666667,579,204,2.838235294117647,2
0.044614107851467556,0.3493262231349945,0.0,0.0,1,6,0,8,0.26666666666666666,837,555,1.508108108108108,2
0.030376388553707518,0.33565741777420044,0.0,0.0,1,4,0,2,0.18181818181818182,625,193,3.238341968911917,2
0.05249338171793335,0.3906118869781494,0.75,0.0,1,4,3,7,0.26666666666666666,465,330,1.4090909090909092,2
0.06371901365720423,0.421763151884079,0.0,0.0,0,0,0,0,0.3333333333333333,603,666,0.9054054054054054,2
0.06421780144166692,0.38571906089782715,0.07692307692307693,0.0,1,13,1,1,0.5333333333333333,969,491,1.9735234215885946,2
0.030168820899839948,0.2652125358581543,0.0,0.0,1,3,0,12,0.26666666666666666,864,774,1.1162790697674418,2
0.09828316713875516,0.4205816686153412,0.1875,0.0,1,16,3,11,0.6666666666666666,2164,1015,2.1320197044334974,2
0.020919334159225,0.31553924083709717,0.0,0.0,0,0,0,11,0.3,837,121,6.917355371900826,2
0.022932022970243174,0.3167082369327545,0.0,0.0,1,4,0,0,0.36363636363636365,568,193,2.94300518134715,2
0.04885193147777918,0.41028326749801636,1.0,0.0,1,1,1,1,0.3333333333333333,874,79,11.063291139240507,2
0.04005488593493874,0.2599249482154846,0.5,0.0,1,3,1,5,0.0,570,1079,0.5282669138090825,2
0.05225472305436973,0.4420843720436096,0.0,0.0,1,1,0,0,0.4,590,270,2.185185185185185,2
0.04383436927725108,0.41879549622535706,1.0,0.0,1,1,1,21,0.2,443,118,3.7542372881355934,2
0.06576469473308727,0.41788846254348755,0.25,0.0,1,12,3,10,0.5333333333333333,1449,532,2.723684210526316,2
0.029214714692836694,0.2716406583786011,0.3333333333333333,0.0,1,3,1,13,0.13333333333333333,357,774,0.46124031007751937,2
0.03523765687242017,0.31734657287597656,0.0,0.0,1,6,0,1,0.13333333333333333,724,440,1.6454545454545455,2
0.026942507347005176,0.29571738839149475,0.125,0.0,1,8,1,13,0.26666666666666666,276,317,0.8706624605678234,2
0.04983659963793286,0.2844661474227905,0.0,0.0,1,5,0,10,0.3333333333333333,805,679,1.1855670103092784,2
0.0668403322701134,0.4670773148536682,0.14285714285714285,0.0,1,14,2,4,0.5333333333333333,866,520,1.6653846153846155,2
0.06318952718131741,0.3785008192062378,0.23076923076923078,0.0,1,13,3,10,0.6666666666666666,1449,491,2.9511201629327903,2
0.07998128845238943,0.45609235763549805,1.0,0.0,1,4,4,7,0.6666666666666666,1206,330,3.6545454545454548,2
0.04094901042380321,0.4383942782878876,0.0,0.0,1,1,0,19,0.6666666666666666,813,41,19.829268292682926,2
0.0656917359471827,0.41241219639778137,0.0,0.0,1,1,0,1,0.4,642,349,1.839541547277937,2
0.03204174746015666,0.42236655950546265,0.0,0.0,1,1,0,25,0.6666666666666666,615,41,15.0,2
0.08660481409598311,0.4300881028175354,0.5,0.0,1,14,7,15,0.5333333333333333,743,520,1.4288461538461539,2
0.06794273701245562,0.45943063497543335,0.0,0.0,1,1,0,2,0.6,1695,349,4.856733524355301,2
0.047834608859537456,0.30022212862968445,0.25,0.0,1,4,1,4,0.2,786,456,1.7236842105263157,2
0.047757243925013064,0.2913775146007538,0.5,0.0,1,4,2,16,0.26666666666666666,218,599,0.3639398998330551,2
0.06954496720073838,0.5335589051246643,0.0,0.0,0,0,0,1,0.26666666666666666,300,277,1.0830324909747293,2
0.049935430331705624,0.4850524067878723,0.0,0.0,1,1,0,5,0.6,1073,185,5.8,2
0.048340651110026236,0.472196102142334,1.0,0.0,1,1,1,1,0.26666666666666666,1068,270,3.9555555555555557,2
0.02896898826401458,0.29010072350502014,0.0,0.0,1,6,0,1,0.13333333333333333,235,664,0.3539156626506024,2
0.04971687151807641,0.33622151613235474,0.0,0.0,1,4,0,7,0.5454545454545454,1269,193,6.575129533678757,2
0.03440637044446756,0.3624444603919983,0.0,0.0,1,1,0,0,0.3333333333333333,589,79,7.455696202531645,2
0.037544993522689286,0.27521950006484985,0.25,0.0,1,4,1,14,0.4,680,599,1.1352253756260433,2
0.0348279903805174,0.44892019033432007,0.625,0.0,1,8,5,17,0.2,488,193,2.528497409326425,2
0.04710788801630541,0.4301655888557434,0.5,0.0,1,2,1,1,0.06666666666666667,255,452,0.5641592920353983,2
0.056813157858842354,0.4516584873199463,0.5,0.0,1,2,1,7,0.2,465,452,1.0287610619469028,2
0.030959765257424554,0.44582536816596985,0.2,0.0,1,5,1,13,0.14285714285714285,340,165,2.0606060606060606,2
0.052396334659109214,0.32814860343933105,0.0,0.0,0,0,0,2,0.26666666666666666,331,565,0.5858407079646017,2
0.04807947430592033,0.49122607707977295,0.0,0.0,0,0,0,7,0.5,808,121,6.677685950413223,2
0.039493432308765314,0.3035411536693573,1.0,0.0,1,1,1,17,0.25,352,67,5.253731343283582,2
0.024751396490197027,0.435941219329834,0.0,0.0,0,0,0,1,0.2,180,277,0.6498194945848376,2
0.026593876170322668,0.304749459028244,0.0,0.0,0,0,0,2,0.26666666666666666,309,465,0.6645161290322581,2
0.04605802259524999,0.3598425090312958,0.0,0.0,0,0,0,7,0.3333333333333333,1006,214,4.700934579439252,2
0.07271893795415284,0.4830408990383148,1.0,0.0,1,1,1,15,0.5333333333333333,1359,270,5.033333333333333,2
0.08703149337368112,0.502147912979126,1.0,0.0,1,1,1,1,0.5333333333333333,351,156,2.25,2
0.06880976481671947,0.553668737411499,1.0,0.0,1,1,1,2,0.7777777777777778,1695,125,13.56,2
0.07545801883611876,0.49323973059654236,0.75,0.0,1,4,3,13,0.6,899,330,2.724242424242424,2
0.056403549491828735,0.35441911220550537,0.5,0.0,1,6,3,12,0.2,399,555,0.7189189189189189,2
0.030976152337212858,0.37965166568756104,0.0,0.0,0,0,0,1,0.3333333333333333,684,465,1.4709677419354839,2
0.05833713379174251,0.41980838775634766,0.4666666666666667,0.0,1,15,7,21,0.4,443,380,1.1657894736842105,2
0.051083777260589366,0.34075453877449036,0.5,0.0,1,3,1,3,0.3333333333333333,465,1079,0.4309545875810936,2
0.083583517484237,0.3732849955558777,0.0,0.0,0,0,0,2,0.3333333333333333,783,565,1.3858407079646018,2
0.07975848734212093,0.39098671078681946,0.1111111111111111,0.0,1,18,2,11,0.6,636,326,1.950920245398773,2
0.061925587550215155,0.39103561639785767,0.0,0.0,1,12,0,1,0.4666666666666667,1211,532,2.276315789473684,2
0.046769698510115844,0.2838917374610901,0.5,0.0,1,3,1,10,0.26666666666666666,583,1079,0.5403151065801668,2
0.054903483309091616,0.3896498382091522,0.0,0.0,1,1,0,1,0.4,874,349,2.504297994269341,2
0.036713105258132636,0.3951635956764221,0.0,0.0,1,3,0,1,0.3333333333333333,255,333,0.7657657657657657,2
0.07450911653236725,0.39464718103408813,0.0,0.0,1,1,0,0,0.4,759,575,1.32,2
0.0740073314731821,0.4488992989063263,0.0,0.0,1,8,0,12,0.4666666666666667,399,317,1.2586750788643533,2
0.0730492767819269,0.3160320818424225,0.5,0.0,1,3,1,11,0.4,663,1079,0.6144578313253012,2
0.08380504546990174,0.5021002292633057,1.0,0.0,1,1,1,1,0.6666666666666666,766,156,4.910256410256411,2
0.02455754486538044,0.2763487696647644,0.0,0.0,0,0,0,3,0.2,270,231,1.1688311688311688,2
0.06069644788029731,0.4336230158805847,0.0,0.0,0,0,0,2,0.4666666666666667,1064,465,2.2881720430107526,2
0.051296567753238265,0.4377349317073822,0.06666666666666667,0.0,1,15,1,7,0.6,1246,380,3.278947368421053,2
0.04609522487032838,0.31729239225387573,0.5,0.0,1,4,2,20,0.3333333333333333,619,599,1.0333889816360602,2
0.03288049168199465,0.29107025265693665,0.0,0.0,1,4,0,0,0.18181818181818182,490,193,2.538860103626943,2
0.04430904408514513,0.39595794677734375,0.0,0.0,1,4,0,1,0.26666666666666666,1011,456,2.2171052631578947,2
0.02811150231258521,0.2709634006023407,0.0,0.0,1,3,0,5,0.13333333333333333,895,774,1.1563307493540051,2
0.04445833003326767,0.34398093819618225,0.0,0.0,1,1,0,0,0.13333333333333333,467,728,0.6414835164835165,2
0.05195497085016028,0.3608294129371643,0.1111111111111111,0.0,1,18,2,9,0.4666666666666667,777,326,2.3834355828220857,2
0.04439593354356225,0.3001161813735962,0.0,0.0,0,0,0,0,0.4,739,214,3.453271028037383,2
0.03335054710365926,0.44915157556533813,0.0,0.0,1,15,0,1,0.3333333333333333,519,380,1.3657894736842104,2
0.05112921732155169,0.48817533254623413,0.0,0.0,1,1,0,4,0.6666666666666666,810,185,4.378378378378378,2
0.027049912783882316,0.3844650387763977,0.0,0.0,1,1,0,1,0.13333333333333333,154,156,0.9871794871794872,2
0.023126991908903733,0.29946014285087585,0.0,0.0,1,6,0,3,0.06666666666666667,268,555,0.4828828828828829,2
0.04730711168814612,0.3670640289783478,0.4,0.0,1,5,2,10,0.4,1449,578,2.5069204152249136,2
0.04494725915772548,0.3121016025543213,0.16666666666666666,0.0,1,18,3,11,0.3333333333333333,524,852,0.6150234741784038,2
0.09967045310015182,0.4070972800254822,1.0,0.0,1,1,1,2,0.6666666666666666,783,575,1.3617391304347826,2
0.03637340830063719,0.37270981073379517,0.0,0.0,1,1,0,2,0.2,331,349,0.9484240687679083,2
0.0535764594755196,0.45512470602989197,0.5,0.0,1,8,4,25,0.4,615,317,1.9400630914826498,2
0.03493979974997134,0.3709999620914459,0.0,0.0,0,0,0,0,0.3076923076923077,361,248,1.4556451612903225,2
0.04446810636610825,0.34587356448173523,0.25,0.0,1,4,1,10,0.4,805,478,1.6841004184100419,2
0.03947956878109969,0.2613644599914551,0.2,0.0,1,5,1,7,0.13333333333333333,194,679,0.2857142857142857,2
0.08003467470962754,0.45084184408187866,1.0,0.0,1,1,1,1,0.6666666666666666,439,156,2.8141025641025643,2
0.04887361014692402,0.34524521231651306,0.0,0.0,0,0,0,1,0.26666666666666666,358,565,0.6336283185840708,2
0.05442372304344865,0.31445080041885376,0.0,0.0,1,3,0,13,0.5333333333333333,934,774,1.20671834625323,2
0.041731684448410376,0.368258535861969,0.5384615384615384,0.0,1,13,7,25,0.2,615,415,1.4819277108433735,2
0.08851011564047069,0.495297372341156,0.14285714285714285,0.0,1,14,2,11,0.4666666666666667,1371,520,2.6365384615384615,2
0.0523856620633263,0.46504825353622437,1.0,0.0,1,1,1,1,0.4,820,156,5.256410256410256,2
0.07450646826426631,0.4644654393196106,0.0,0.0,0,0,0,2,0.6666666666666666,1058,666,1.5885885885885886,2
0.05418425878322045,0.35206907987594604,0.0,0.0,1,4,0,9,0.36363636363636365,1000,193,5.181347150259067,2
0.0463180228640325,0.45285511016845703,0.0,0.0,1,1,0,19,0.4,813,118,6.889830508474576,2
0.045224694692948264,0.4107622504234314,0.0,0.0,1,1,0,6,0.3333333333333333,434,185,2.345945945945946,2
0.07801877670873311,0.50213223695755,0.3333333333333333,0.0,1,3,1,5,0.5333333333333333,582,333,1.7477477477477477,2
0.07014591835855341,0.39641043543815613,0.0,0.0,1,18,0,8,0.6,736,326,2.2576687116564416,2
0.055490738151973515,0.4789496064186096,0.625,0.0,1,8,5,10,0.4,781,390,2.0025641025641026,2
0.037844347961046035,0.39704519510269165,0.0,0.0,1,3,0,9,0.3333333333333333,487,194,2.5103092783505154,2
0.06909274272819416,0.5285331606864929,0.6666666666666666,0.0,1,6,4,20,0.6363636363636364,662,226,2.9292035398230087,2
0.09592852958940763,0.3928147256374359,0.0,0.0,0,0,0,2,0.5333333333333333,1058,565,1.8725663716814158,2
0.042293525725761894,0.4723725914955139,0.0,0.0,1,1,0,0,0.3333333333333333,644,79,8.151898734177216,2
0.03603985006917035,0.2991524934768677,0.0,0.0,0,0,0,3,0.2,424,214,1.9813084112149533,2
0.028962086731841467,0.44218921661376953,1.0,0.0,1,1,1,1,0.3333333333333333,358,204,1.7549019607843137,2
0.034442445303401445,0.4689827859401703,0.0,0.0,0,0,0,10,0.3,1449,121,11.975206611570249,2
0.04880884170011225,0.3305080235004425,0.0,0.0,1,3,0,7,0.3333333333333333,887,774,1.1459948320413436,2
0.058859851532651025,0.4781208634376526,1.0,0.0,1,1,1,2,0.5333333333333333,536,156,3.4358974358974357,2
0.04940720487464994,0.3325047492980957,0.0,0.0,1,5,0,8,0.3333333333333333,837,679,1.2326951399116348,2
0.043371668960302326,0.3215163052082062,0.2,0.0,1,5,1,12,0.3333333333333333,864,578,1.494809688581315,2
0.06471969413336583,0.4022527039051056,0.5,0.0,1,6,3,32,0.4666666666666667,1931,440,4.388636363636364,2
0.023985199904193386,0.349667489528656,0.0,0.0,1,1,0,20,1.0,662,41,16.146341463414632,2
0.07216692989860586,0.4690530300140381,0.3333333333333333,0.0,1,6,2,19,0.6363636363636364,813,226,3.5973451327433628,2
0.04232770694097816,0.32816046476364136,0.0,0.0,1,4,0,1,0.5454545454545454,565,193,2.9274611398963732,2
0.035774039694934985,0.4006142318248749,0.0,0.0,1,11,0,2,0.13333333333333333,245,351,0.698005698005698,2
0.038515043046953995,0.42076316475868225,0.0,0.0,0,0,0,15,0.4,1855,121,15.330578512396695,2
0.08859774709911422,0.3670138716697693,0.375,0.0,1,16,6,12,0.5333333333333333,706,1015,0.6955665024630542,2
0.08363503779475066,0.5537092089653015,0.625,0.0,1,8,5,5,0.6,582,390,1.4923076923076923,2
0.07806577821685576,0.4159240126609802,0.08333333333333333,0.0,1,12,1,4,0.5333333333333333,668,532,1.255639097744361,2
0.04909410772147619,0.3897133767604828,0.0,0.0,1,2,0,10,0.4,583,287,2.0313588850174216,2
0.03911347856259759,0.3764266073703766,0.0,0.0,0,0,0,8,0.4666666666666667,837,349,2.3982808022922635,2
0.02162127983720706,0.303264856338501,0.0,0.0,1,4,0,1,0.09090909090909091,553,193,2.865284974093264,2
0.09070507280802664,0.5626477599143982,0.0,0.0,0,0,0,2,0.4666666666666667,1695,277,6.11913357400722,2
0.08355637003394863,0.4254909157752991,0.5,0.0,1,12,6,19,0.4666666666666667,997,532,1.8740601503759398,2
0.06662178311853058,0.4953126013278961,0.42857142857142855,0.0,1,14,6,14,0.4666666666666667,816,520,1.5692307692307692,2
0.049362025043714945,0.34119001030921936,0.25,0.0,1,4,1,18,0.3333333333333333,929,478,1.9435146443514644,2
0.03778528185825426,0.4003157615661621,0.0,0.0,0,0,0,0,0.38461538461538464,582,248,2.346774193548387,2
0.04091795164880019,0.3102741837501526,0.16666666666666666,0.0,1,6,1,12,0.2,577,555,1.0396396396396397,2
0.03255736968577801,0.3511124551296234,0.0,0.0,1,15,0,3,0.2,268,380,0.7052631578947368,2
0.04264148600496297,0.33802369236946106,0.16666666666666666,0.0,1,12,2,11,0.4666666666666667,837,532,1.5733082706766917,2
0.04356068575760418,0.3431214392185211,0.0,0.0,1,4,0,6,0.36363636363636365,1495,193,7.746113989637306,2
0.0646928995086775,0.3414016664028168,1.0,0.0,1,1,1,13,0.3333333333333333,899,728,1.23489010989011,2
0.01648277615235668,0.3474476933479309,0.0,0.0,1,8,0,1,0.1,659,143,4.608391608391608,2
0.0515917470687274,0.29674017429351807,0.8333333333333334,0.0,1,6,5,19,0.3333333333333333,542,664,0.8162650602409639,2
0.07384599557966438,0.3716665804386139,0.2,0.0,1,5,1,7,0.6,808,578,1.397923875432526,2
0.049819251815310224,0.31258276104927063,0.16666666666666666,0.0,1,6,1,17,0.3333333333333333,433,555,0.7801801801801802,2
0.12281023579546144,0.5155331492424011,0.0,0.0,1,2,0,0,0.8,644,665,0.968421052631579,2
0.03230626394216619,0.2920963168144226,0.16666666666666666,0.0,1,6,1,13,0.2,276,319,0.8652037617554859,2
0.060372578669840235,0.40386486053466797,0.5,0.0,1,4,2,10,0.5454545454545454,828,193,4.290155440414508,2
0.038372193514094634,0.3256799578666687,0.3333333333333333,0.0,1,6,2,11,0.26666666666666666,524,695,0.753956834532374,2
0.08072178420426301,0.46964672207832336,0.0,0.0,1,2,0,0,0.6,361,665,0.5428571428571428,2
0.07075258684848722,0.4059506058692932,0.38461538461538464,0.0,1,13,5,13,0.4,545,491,1.109979633401222,2
0.08541569310170632,0.3951345980167389,0.75,0.0,1,4,3,7,0.6666666666666666,644,508,1.2677165354330708,2
0.056571178931561855,0.3549697995185852,0.4,0.0,1,5,2,14,0.4,816,578,1.411764705882353,2
0.07618329177099213,0.39152809977531433,0.5,0.0,1,4,2,14,0.4666666666666667,409,478,0.8556485355648535,2
0.08667049835785688,0.396663635969162,0.375,0.0,1,16,6,11,0.8,1371,1015,1.3507389162561576,2
0.020089966054878602,0.3099600076675415,0.16666666666666666,0.0,1,6,1,3,0.13333333333333333,268,319,0.8401253918495298,2
0.06839874813287138,0.3509502112865448,0.0,0.0,0,0,0,1,0.3333333333333333,553,565,0.9787610619469026,2
0.06375714137386541,0.3301280438899994,0.0,0.0,0,0,0,1,0.4666666666666667,656,231,2.83982683982684,2
0.0546802480506848,0.4215732216835022,0.5,0.0,1,2,1,1,0.26666666666666666,578,666,0.8678678678678678,2
0.09289424443069684,0.4896506667137146,0.8181818181818182,0.0,1,11,9,39,0.7333333333333333,2130,351,6.068376068376068,2
0.09306176464585753,0.37689077854156494,1.0,0.0,1,1,1,1,0.6666666666666666,576,575,1.0017391304347827,2
0.06463526445986921,0.35225051641464233,0.25,0.0,1,4,1,8,0.3333333333333333,443,599,0.7395659432387313,2
0.07678943601260509,0.526835560798645,0.0,0.0,1,1,0,5,0.4,953,270,3.5296296296296297,2
0.05199847905027282,0.38398292660713196,0.0,0.0,1,1,0,12,0.3333333333333333,399,428,0.9322429906542056,2
0.08985617477627504,0.38407036662101746,0.5625,0.0,1,16,9,10,0.6,647,1015,0.6374384236453202,2
0.03899787980171825,0.4479864537715912,0.0,0.0,1,1,0,0,0.26666666666666666,582,204,2.8529411764705883,2
0.04603987574591191,0.320340096950531,0.2,0.0,1,5,1,5,0.3333333333333333,614,578,1.0622837370242215,2
0.032425490989376915,0.24885563552379608,0.0,0.0,1,4,0,4,0.06666666666666667,282,456,0.618421052631579,2
0.0808489547202254,0.42811065912246704,0.5833333333333334,0.0,1,12,7,17,0.4,634,532,1.1917293233082706,2
0.06118054968449398,0.3033900856971741,0.25,0.0,1,4,1,3,0.26666666666666666,268,599,0.44741235392320533,2
0.04674929189999092,0.42147311568260193,0.0,0.0,0,0,0,1,0.5333333333333333,578,353,1.6373937677053825,2
0.023569007352271923,0.4357597827911377,0.0,0.0,1,1,0,0,0.3333333333333333,469,79,5.936708860759493,2
0.036798874104980506,0.2871115803718567,0.0,0.0,0,0,0,1,0.13333333333333333,429,214,2.0046728971962615,2
0.021510812417685602,0.3345528841018677,0.0,0.0,0,0,0,0,0.26666666666666666,255,465,0.5483870967741935,2
0.053969018063313313,0.3822106122970581,0.0,0.0,1,18,0,7,0.5333333333333333,1246,326,3.8220858895705523,2
0.1103063006643812,0.3438985347747803,0.75,0.0,1,16,12,36,0.6,714,1015,0.7034482758620689,2
0.049298637991941154,0.3151419460773468,0.0,0.0,1,3,0,10,0.4,1108,774,1.4315245478036176,2
0.045160001621670595,0.4088408946990967,0.6666666666666666,0.0,1,3,2,17,0.2222222222222222,634,194,3.268041237113402,2
0.043203328276560315,0.42210254073143005,0.0,0.0,0,0,0,0,0.46153846153846156,603,248,2.431451612903226,2
0.08492050733347963,0.5150552988052368,0.5,0.0,1,2,1,5,0.6666666666666666,582,287,2.0278745644599305,2
0.04797803589598587,0.37797603011131287,0.0,0.0,1,14,0,0,0.4,863,520,1.6596153846153847,2
0.05472595238694323,0.35634347796440125,0.0,0.0,0,0,0,0,0.4666666666666667,589,565,1.0424778761061948,2
0.027598921692748767,0.32701969146728516,0.0,0.0,1,4,0,1,0.2727272727272727,1140,193,5.9067357512953365,2
0.011457884809550813,0.3007839024066925,0.0,0.0,0,0,0,11,0.0,837,82,10.207317073170731,2
0.028991308619310097,0.33109450340270996,0.0,0.0,0,0,0,7,0.0,647,108,5.9907407407407405,2
0.05392353583824388,0.4797316789627075,0.0,0.0,1,1,0,10,0.4666666666666667,781,185,4.221621621621622,2
0.0796031643622921,0.45598912239074707,1.0,0.0,1,1,1,2,0.6666666666666666,830,156,5.32051282051282,2
0.048883126343545344,0.44210660457611084,0.25,0.0,1,4,1,16,0.6666666666666666,218,96,2.2708333333333335,2
0.034593735565251915,0.3887925148010254,0.0,0.0,0,0,0,14,0.3,816,121,6.743801652892562,2
0.020459678027440215,0.3341381549835205,0.0,0.0,1,1,0,1,0.4,521,118,4.415254237288136,2
0.02465697425169411,0.4157029688358307,0.0,0.0,1,1,0,0,0.26666666666666666,361,204,1.7696078431372548,2
0.04270161687965805,0.37385666370391846,0.75,0.0,1,4,3,20,0.6,640,478,1.3389121338912133,2
0.07988147114531309,0.5960854291915894,0.0,0.0,1,1,0,1,0.6666666666666666,642,125,5.136,2
0.07231417242490115,0.403179407119751,0.0,0.0,1,2,0,10,0.6,647,476,1.3592436974789917,2
0.045860997010029506,0.34381020069122314,0.0,0.0,0,0,0,5,0.3333333333333333,2112,246,8.585365853658537,2
0.06003711325518008,0.45615991950035095,0.375,0.0,1,8,3,7,0.4666666666666667,465,390,1.1923076923076923,2
0.04648746413085669,0.41640692949295044,0.5,0.0,1,2,1,1,0.26666666666666666,255,287,0.8885017421602788,2
0.036460328048777274,0.4030550420284271,0.0,0.0,0,0,0,0,0.3333333333333333,571,231,2.4718614718614718,2
0.04112276343795228,0.2780073881149292,0.0,0.0,1,6,0,14,0.4666666666666667,680,319,2.1316614420062696,2
0.030894835385650164,0.4107736349105835,1.0,0.0,1,1,1,1,0.2,180,575,0.3130434782608696,2
0.03259483555053775,0.3464021384716034,0.0,0.0,0,0,0,1,0.2,521,349,1.492836676217765,2
0.07118062258667962,0.5051314830780029,0.0,0.0,0,0,0,5,0.6,953,465,2.0494623655913977,2
0.05742498505401743,0.49433833360671997,0.0,0.0,1,1,0,0,0.6666666666666666,759,125,6.072,2
0.06763573034117817,0.47308477759361267,0.3333333333333333,0.0,1,3,1,4,0.4,810,333,2.4324324324324325,2
0.05149384391032193,0.36288872361183167,0.5,0.0,1,4,2,23,0.5454545454545454,2043,193,10.585492227979275,2
0.031228402422031298,0.2593039870262146,0.0,0.0,1,6,0,1,0.13333333333333333,659,664,0.9924698795180723,2
0.04368127948901446,0.3991585671901703,0.0,0.0,1,1,0,14,0.4,409,118,3.4661016949152543,2
0.05094527662221224,0.3395300507545471,0.125,0.0,1,16,2,7,0.4,1006,1015,0.9911330049261083,2
0.05283631258458917,0.365429162979126,0.3333333333333333,0.0,1,3,1,9,0.4444444444444444,816,194,4.206185567010309,2
0.05545515269854236,0.3387414813041687,0.6,0.0,1,5,3,14,0.4666666666666667,731,578,1.2647058823529411,2
0.06247134346698719,0.3119467496871948,0.23076923076923078,0.0,1,13,3,19,0.4,813,415,1.9590361445783133,2
0.04086603775324248,0.2932168245315552,0.4,0.0,1,5,2,20,0.2,619,679,0.9116347569955817,2
0.04039861651497877,0.3322831392288208,0.0,0.0,1,1,0,2,0.2,245,728,0.33653846153846156,2
0.04692520011517368,0.30521056056022644,0.0,0.0,1,3,0,13,0.5333333333333333,504,774,0.6511627906976745,2
0.03816612609923776,0.3540554642677307,0.0,0.0,1,1,0,1,0.2,235,728,0.3228021978021978,2
0.05423550355217695,0.5160865187644958,0.14285714285714285,0.0,1,7,1,8,0.625,837,139,6.0215827338129495,2
0.05699878180556261,0.48797813057899475,0.0,0.0,0,0,0,0,0.2,759,277,2.740072202166065,2
0.07406726616482724,0.41476088762283325,0.25,0.0,1,12,3,6,0.4666666666666667,705,532,1.3251879699248121,2
0.0349787280738824,0.43887895345687866,0.25,0.0,1,8,2,7,0.3,502,193,2.6010362694300517,2
0.05349244881281773,0.34414470195770264,0.2,0.0,1,5,1,6,0.3333333333333333,705,578,1.2197231833910034,2
0.06201208306019086,0.41608932614326477,0.3333333333333333,0.0,1,15,5,9,0.4666666666666667,751,380,1.9763157894736842,2
0.050597608904391286,0.3023182153701782,0.2,0.0,1,5,1,18,0.26666666666666666,604,679,0.8895434462444771,2
0.044312600442134774,0.39212483167648315,0.3333333333333333,0.0,1,3,1,1,0.2222222222222222,592,194,3.051546391752577,2
0.06066848031136349,0.35705915093421936,0.75,0.0,1,4,3,12,0.26666666666666666,864,456,1.894736842105263,2
0.03879862138462581,0.40016430616378784,0.75,0.0,1,4,3,21,0.26666666666666666,443,478,0.9267782426778243,2
0.04521386360637177,0.31873956322669983,0.16666666666666666,0.0,1,6,1,3,0.26666666666666666,558,555,1.0054054054054054,2
0.04392675976129307,0.38988497853279114,0.0,0.0,0,0,0,0,0.38461538461538464,644,248,2.596774193548387,2
0.053451493957975355,0.34447091817855835,0.0,0.0,0,0,0,1,0.4,728,231,3.1515151515151514,2
0.05429264981032776,0.4375213086605072,0.5,0.0,1,2,1,2,0.5,245,147,1.6666666666666667,2
0.07017374527003348,0.3595007359981537,0.25,0.0,1,12,3,15,0.6,743,532,1.3966165413533835,2
0.07215198208545738,0.5021258592605591,0.6666666666666666,0.0,1,6,4,12,0.5454545454545454,399,226,1.7654867256637168,2
0.04619681135803609,0.42241227626800537,0.0,0.0,0,0,0,18,0.4,535,349,1.5329512893982808,2
0.06685559038427356,0.35451388359069824,0.4375,0.0,1,16,7,11,0.3333333333333333,612,1015,0.6029556650246305,2
0.04556887983984771,0.3973742127418518,0.0,0.0,0,0,0,1,0.4,646,231,2.7965367965367967,2
0.04181924942822255,0.431173175573349,0.0,0.0,0,0,0,11,0.4,1371,82,16.71951219512195,2
0.08482113472680426,0.4185279905796051,0.38461538461538464,0.0,1,13,5,18,0.5333333333333333,473,491,0.9633401221995926,2
0.06300750199678803,0.3715963661670685,0.3333333333333333,0.0,1,6,2,23,0.4,2043,440,4.6431818181818185,2
0.05117538898899839,0.3752342164516449,0.0,0.0,1,8,0,18,0.3333333333333333,929,317,2.9305993690851735,2
0.03326803250221838,0.3562621772289276,0.0,0.0,0,0,0,2,0.2,238,231,1.0303030303030303,2
0.05243366205334785,0.44478845596313477,0.5,0.0,1,2,1,7,0.5333333333333333,683,287,2.3797909407665507,2
0.038679345730011416,0.3469862639904022,0.0,0.0,0,0,0,0,0.2,498,300,1.66,2
0.05918103253350093,0.4081539213657379,0.0,0.0,0,0,0,2,0.4,238,300,0.7933333333333333,2
0.06384402735186416,0.3473110496997833,0.4,0.0,1,5,2,12,0.5333333333333333,706,578,1.221453287197232,2
0.03860046023716746,0.46422937512397766,0.2857142857142857,0.0,1,7,2,21,0.375,443,139,3.1870503597122304,2
0.06055188925020821,0.36724230647087097,0.0,0.0,0,0,0,0,0.3333333333333333,582,565,1.0300884955752212,2
0.03508455288876469,0.33568671345710754,0.0,0.0,0,0,0,9,0.26666666666666666,609,231,2.6363636363636362,2
0.04100402425981332,0.31425371766090393,0.0,0.0,1,1,0,1,0.13333333333333333,606,728,0.8324175824175825,2
0.05930202647462349,0.39607322216033936,0.16666666666666666,0.0,1,6,1,8,0.4666666666666667,937,440,2.1295454545454544,2
0.027723320626307744,0.4395808279514313,0.0,0.0,0,0,0,7,0.2,1006,121,8.314049586776859,2
0.04469669957046196,0.3924422264099121,0.25,0.0,1,8,2,19,0.4,813,193,4.212435233160622,2
0.09027771563320748,0.4361722469329834,0.38461538461538464,0.0,1,13,5,13,0.6,1032,491,2.1018329938900204,2
0.08167230063210526,0.3888365626335144,0.0,0.0,1,1,0,2,0.7333333333333333,1058,349,3.031518624641834,2
0.02639649346164951,0.3628372550010681,0.0,0.0,0,0,0,1,0.06666666666666667,180,549,0.32786885245901637,2
0.04589266769273575,0.392486035823822,0.2,0.0,1,15,3,9,0.4,777,380,2.044736842105263,2
0.045098029015057876,0.42490142583847046,0.0,0.0,1,1,0,6,0.3333333333333333,430,185,2.324324324324324,2
0.01993201788405495,0.3439580202102661,0.125,0.0,1,8,1,5,0.1,570,143,3.986013986013986,2
0.05399902828680935,0.3440198600292206,0.4,0.0,1,5,2,18,0.2,535,679,0.7879234167893961,2
0.041099657258111835,0.505359411239624,0.0,0.0,0,0,0,11,0.4,1371,121,11.330578512396695,2
0.10006777793158911,0.4371587932109833,0.16666666666666666,0.0,1,12,2,12,0.4666666666666667,565,532,1.0620300751879699,2
0.04300519358201623,0.3324737548828125,0.125,0.0,1,8,1,20,0.2,619,317,1.9526813880126184,2
0.0445800610354828,0.36068621277809143,0.0,0.0,0,0,0,20,0.3333333333333333,640,349,1.833810888252149,2
0.05339311321635909,0.27159610390663147,0.4,0.5,1,7,3,17,0.26666666666666666,352,715,0.49230769230769234,2
0.05140890911409459,0.35255134105682373,0.0,0.0,0,0,0,21,0.3333333333333333,443,349,1.2693409742120343,2
0.053370251880671925,0.46310845017433167,0.0,0.0,1,4,0,0,0.5,1591,266,5.981203007518797,2
0.060378235395531055,0.5755406618118286,0.5,0.0,1,2,1,1,0.4,578,235,2.4595744680851066,2
0.04066787459154986,0.3862657845020294,1.0,0.0,1,1,1,7,0.4,647,270,2.3962962962962964,2
0.05827384656391887,0.4536180794239044,0.0,0.0,0,0,0,1,0.4,576,277,2.07942238267148,2
0.028398834228719676,0.37313446402549744,0.25,0.0,1,8,2,9,0.3,431,193,2.233160621761658,2
0.04183746838265082,0.3196116089820862,0.0,0.0,1,4,0,12,0.36363636363636365,580,193,3.005181347150259,2
0.036296452598980254,0.32236599922180176,0.0,0.4,1,7,2,11,0.4,524,682,0.7683284457478006,2
0.055004963339212475,0.43658000230789185,0.0,0.0,1,1,0,2,0.5333333333333333,1350,185,7.297297297297297,2
0.11409130747950696,0.4783758521080017,1.0,0.0,1,1,1,2,0.7333333333333333,1695,575,2.9478260869565216,2
0.09841326122490865,0.5062786936759949,1.0,0.0,1,1,1,1,0.6666666666666666,526,156,3.371794871794872,2
0.08508308206923215,0.5051196217536926,0.45454545454545453,0.0,1,11,5,11,0.5333333333333333,1321,351,3.7635327635327633,2
0.09796906467044113,0.4518466889858246,0.3076923076923077,0.0,1,13,4,11,0.5333333333333333,2164,491,4.407331975560082,2
0.05339507074752748,0.5077680349349976,0.3333333333333333,0.0,1,3,1,17,0.5384615384615384,352,226,1.5575221238938053,2
0.026095841304681615,0.3975135385990143,0.0,0.0,0,0,0,2,0.0,527,108,4.87962962962963,2
0.06941547233808852,0.4631507098674774,0.0,0.0,1,1,0,9,0.4,431,428,1.0070093457943925,2
0.05299273607898481,0.4627692401409149,0.0,0.0,1,3,0,2,0.13333333333333333,245,333,0.7357357357357357,2
0.026554074373917026,0.44072452187538147,0.0,0.0,0,0,0,1,0.2,718,82,8.75609756097561,2
0.0543189548930021,0.35608285665512085,0.0,0.0,1,4,0,9,0.36363636363636365,1000,193,5.181347150259067,2
0.042506554338590234,0.34864306449890137,0.0,0.0,1,1,0,0,0.2,358,349,1.0257879656160458,2
0.06919710280775382,0.49643683433532715,0.25,0.0,1,8,2,5,0.6666666666666666,1073,390,2.7512820512820513,2
0.030650300001154485,0.33321502804756165,0.0,0.0,0,0,0,15,0.0,743,82,9.060975609756097,2
0.06950197440593059,0.33997711539268494,0.0625,0.0,1,16,1,11,0.5333333333333333,636,1015,0.6266009852216748,2
0.05229607432496189,0.45507103204727173,0.3333333333333333,0.0,1,15,5,16,0.4,218,380,0.5736842105263158,2
0.042043003876268595,0.4892323911190033,0.5,0.0,1,2,1,4,0.5714285714285714,702,158,4.443037974683544,2
0.009078349221812377,0.3120555579662323,0.0,0.0,0,0,0,7,0.0,186,82,2.268292682926829,2
0.00784393090544671,0.39375418424606323,0.0,0.0,1,8,0,1,0.1,489,143,3.4195804195804196,2
0.05687032352181074,0.3766709566116333,0.6666666666666666,0.0,1,6,4,14,0.3333333333333333,665,440,1.5113636363636365,2
0.020982312992836035,0.35571086406707764,0.0,0.0,0,0,0,1,0.0,1011,108,9.36111111111111,2
0.04945421603830439,0.3946914076805115,0.3333333333333333,0.0,1,3,1,7,0.2222222222222222,186,194,0.9587628865979382,2
0.049355187828017795,0.45269322395324707,0.0,0.0,0,0,0,9,0.2,816,121,6.743801652892562,2
0.06978763865642705,0.34613245725631714,0.5625,0.0,1,16,9,13,0.3333333333333333,409,1015,0.40295566502463054,2
0.08085938774143737,0.4791572690010071,0.07142857142857142,0.0,1,14,1,7,0.4666666666666667,808,520,1.5538461538461539,2
0.06677443769153917,0.43878641724586487,0.21428571428571427,0.0,1,14,3,7,0.4,186,520,0.3576923076923077,2
0.06830939862391441,0.4336506426334381,0.21428571428571427,0.0,1,14,3,9,0.4666666666666667,476,520,0.9153846153846154,2
0.0421855667194679,0.2638969123363495,0.4,0.0,1,5,2,14,0.4,680,679,1.0014727540500736,2
0.10277596681344808,0.4574265480041504,0.0,0.0,1,1,0,1,0.5333333333333333,333,156,2.1346153846153846,2
0.03771733547605399,0.38006410002708435,0.0,0.0,0,0,0,4,0.4,668,82,8.146341463414634,2
0.044841899604968316,0.4968568980693817,0.0,0.0,1,1,0,18,0.6666666666666666,929,41,22.658536585365855,2
0.03876080603495222,0.43278375267982483,0.0,0.0,1,1,0,0,0.3333333333333333,661,270,2.448148148148148,2
0.02303477558947317,0.4328005015850067,0.0,0.0,0,0,0,7,0.2,808,82,9.853658536585366,2
0.043884199284399336,0.36749282479286194,0.0,0.0,1,4,0,3,0.5454545454545454,808,193,4.186528497409326,2
0.060531030913085,0.44816914200782776,0.5,0.0,1,2,1,12,0.6666666666666666,1153,287,4.017421602787456,2
0.051619910577830413,0.32037821412086487,0.4375,0.0,1,16,7,14,0.6,731,1015,0.7201970443349753,2
0.08564568707866207,0.4432844817638397,0.6363636363636364,0.0,1,11,7,22,0.6,1880,351,5.356125356125356,2
0.030091123819299143,0.29262229800224304,0.0,0.0,0,0,0,8,0.1,579,121,4.785123966942149,2
0.04603050419810387,0.3475566804409027,0.16666666666666666,0.0,1,6,1,9,0.26666666666666666,751,555,1.353153153153153,2
0.0025515816888210105,0.34823498129844666,0.0,0.0,0,0,0,1,0.0,517,108,4.787037037037037,2
0.04202837219159995,0.4039436876773834,1.0,0.0,1,1,1,2,0.4666666666666667,608,287,2.1184668989547037,2
0.058396502210004884,0.36154860258102417,0.3333333333333333,0.0,1,3,1,12,0.3333333333333333,565,194,2.9123711340206184,2
0.061150697572757165,0.46374964714050293,0.21428571428571427,0.0,1,14,3,13,0.4,545,520,1.0480769230769231,2
0.04802282915925703,0.3287871181964874,0.0,0.0,0,0,0,4,0.3333333333333333,786,465,1.6903225806451614,2
0.04817263120654549,0.3867117762565613,0.5,0.0,1,2,1,39,0.6,2130,287,7.421602787456446,2
0.06164108045672329,0.5129764676094055,0.0,0.0,0,0,0,1,0.26666666666666666,602,277,2.1732851985559565,2
0.06619708868750843,0.4554367661476135,0.14285714285714285,0.0,1,14,2,12,0.4666666666666667,864,520,1.6615384615384616,2
0.02438652938472934,0.42571255564689636,0.0,0.0,0,0,0,9,0.2,644,121,5.322314049586777,2
0.043804140410845335,0.35683655738830566,0.0,0.0,0,0,0,0,0.06666666666666667,578,214,2.7009345794392523,2
0.093754080449179,0.4808169901371002,1.0,0.0,1,1,1,18,0.8,1533,428,3.5817757009345796,2
0.03691050796886915,0.4150804579257965,0.0,0.0,0,0,0,12,0.2,565,82,6.890243902439025,2
0.03164065477694328,0.29698681831359863,0.0,0.0,0,0,0,1,0.26666666666666666,684,214,3.196261682242991,2
0.062254728883627326,0.4851738214492798,1.0,0.0,1,1,1,3,0.4666666666666667,686,156,4.397435897435898,2
0.014037532873304366,0.34780246019363403,0.0,0.0,1,1,0,0,0.06666666666666667,219,270,0.8111111111111111,2
0.0897518350689262,0.41962093114852905,0.0,0.0,1,1,0,5,0.7333333333333333,2112,410,5.151219512195122,2
0.026631914715937396,0.33558908104896545,0.0,0.0,1,1,0,21,0.06666666666666667,443,428,1.0350467289719627,2
0.03060821903816281,0.37823721766471863,0.0,0.0,0,0,0,1,0.15384615384615385,358,248,1.4435483870967742,2
0.10049407700316726,0.44099849462509155,0.0,0.0,1,12,0,1,0.4666666666666667,718,532,1.349624060150376,2
0.04654755976104525,0.45820099115371704,0.5,0.0,1,2,1,1,0.26666666666666666,489,287,1.7038327526132404,2
0.07877021783124243,0.3729138970375061,0.46153846153846156,0.0,1,13,6,9,0.4666666666666667,751,491,1.5295315682281059,2
0.06318429231731419,0.4595084488391876,0.7142857142857143,0.0,1,7,5,12,0.625,399,139,2.870503597122302,2
0.07717112692802167,0.3866845369338989,0.23076923076923078,0.0,1,13,3,9,0.4,816,491,1.6619144602851323,2
0.057817881917372305,0.3329124450683594,1.0,0.0,1,1,1,11,0.3333333333333333,663,728,0.9107142857142857,2
0.04451001489403818,0.3000117838382721,0.23076923076923078,0.0,1,13,3,18,0.3333333333333333,929,415,2.23855421686747,2
0.05125245022031774,0.5017362833023071,0.0,0.0,1,6,0,7,0.5454545454545454,1246,226,5.513274336283186,2
0.06709170216147203,0.36341592669487,0.0,0.0,0,0,0,2,0.3333333333333333,277,214,1.294392523364486,2
0.0843951953013606,0.38526371121406555,0.0,0.0,0,0,0,2,0.6666666666666666,954,549,1.7377049180327868,2
0.020001650847838972,0.3733251094818115,0.0,0.0,0,0,0,3,0.0,367,108,3.3981481481481484,2
0.04945334624508598,0.4256258010864258,0.6666666666666666,0.0,1,6,4,21,0.36363636363636365,443,226,1.9601769911504425,2
0.04333884837576365,0.3596092760562897,1.0,0.0,1,1,1,2,0.13333333333333333,742,575,1.2904347826086957,2
0.05024977261779977,0.4155949652194977,0.0,0.0,1,8,0,18,0.26666666666666666,1533,317,4.83596214511041,2
0.05953673454010143,0.4209037125110626,0.5,0.0,1,2,1,1,0.6666666666666666,530,665,0.7969924812030075,2
0.06123473157352515,0.37330666184425354,0.07692307692307693,0.0,1,13,1,7,0.4,186,491,0.3788187372708758,2
0.031149514380265617,0.5079265832901001,0.0,0.0,0,0,0,4,0.14285714285714285,702,108,6.5,2
0.05592195279446658,0.334330290555954,0.4,0.0,1,5,2,9,0.4,644,578,1.1141868512110726,2
0.04058543570417849,0.4043850302696228,0.0,0.0,1,1,0,3,0.13333333333333333,268,428,0.6261682242990654,2
0.028386621908591078,0.3838188648223877,0.6666666666666666,0.0,1,3,2,10,0.2222222222222222,1449,194,7.469072164948454,2
0.049634907514850626,0.3566208481788635,0.0,0.0,1,1,0,6,0.3333333333333333,392,410,0.9560975609756097,2
0.026927666271926245,0.4203546941280365,0.0,0.0,1,8,0,14,0.3,409,193,2.1191709844559585,2
0.0198468012362178,0.2812662720680237,0.0,0.0,0,0,0,0,0.06666666666666667,539,214,2.5186915887850465,2
0.10287822821367941,0.4523324966430664,0.0,0.0,1,1,0,1,0.5333333333333333,333,156,2.1346153846153846,2
0.05529556100132894,0.3350341320037842,0.3333333333333333,0.0,1,6,2,8,0.13333333333333333,659,555,1.1873873873873875,2
0.04365588555540211,0.4508521556854248,0.0,0.0,1,1,0,18,0.4,535,118,4.533898305084746,2
0.10886174712289577,0.4393790364265442,0.8461538461538461,0.0,1,13,11,36,0.5333333333333333,714,491,1.4541751527494908,2
0.02606049544701173,0.4115554392337799,0.25,0.0,1,4,1,14,0.3333333333333333,680,96,7.083333333333333,2
0.03591088615330362,0.44637826085090637,0.125,0.0,1,8,1,1,0.26666666666666666,255,390,0.6538461538461539,2
0.022282992963670752,0.3265024721622467,0.0,0.0,1,4,0,1,0.36363636363636365,730,193,3.7823834196891193,2
0.059837576996832,0.32332804799079895,0.0,0.0,0,0,0,0,0.26666666666666666,358,565,0.6336283185840708,2
0.0282148379358033,0.2934432029724121,0.0,0.0,1,3,0,13,0.2,686,774,0.8863049095607235,2
0.03469491798665336,0.3117615282535553,0.0,0.0,1,4,0,2,0.36363636363636365,638,193,3.305699481865285,2
0.07253715693069795,0.33825036883354187,1.0,0.0,1,3,2,13,0.5333333333333333,899,1079,0.8331788693234476,2
0.029385921218259087,0.2917287051677704,0.0,0.0,0,0,0,13,0.3333333333333333,771,231,3.3376623376623376,2
0.06229666399919195,0.44510021805763245,0.14285714285714285,0.0,1,14,2,9,0.4666666666666667,644,520,1.2384615384615385,2
0.0384691893406033,0.4113348126411438,1.0,0.0,1,1,1,3,0.13333333333333333,613,270,2.27037037037037,2
0.05214845505872955,0.39927399158477783,0.0,0.0,1,1,0,25,0.3333333333333333,615,428,1.4369158878504673,2
0.05903653156942842,0.32645249366760254,0.25,0.0,1,16,4,7,0.3333333333333333,186,1015,0.1832512315270936,2
0.02870727917066041,0.23810136318206787,0.0,0.0,1,6,0,0,0.06666666666666667,207,440,0.47045454545454546,2
0.039507311312227116,0.31611722707748413,0.0,0.0,1,3,0,2,0.2,809,333,2.4294294294294296,2
0.043493596029243194,0.2607412338256836,0.25,0.0,1,8,2,17,0.26666666666666666,324,874,0.3707093821510298,2
0.044925642788774256,0.46579667925834656,0.0,0.0,1,6,0,1,0.36363636363636365,501,226,2.2168141592920354,2
0.058248576367340966,0.43900391459465027,1.0,0.0,1,4,4,39,0.4666666666666667,2130,330,6.454545454545454,2
0.05156935969342062,0.42705532908439636,0.375,0.0,1,8,3,5,0.3333333333333333,570,390,1.4615384615384615,2
0.02304950607912154,0.2676814794540405,0.15384615384615385,0.0,1,13,2,13,0.2,276,415,0.6650602409638554,2
0.05649327975855249,0.3671082556247711,0.25,0.0,1,4,1,32,0.6363636363636364,1931,193,10.005181347150259,2
0.0723446907029964,0.525897741317749,1.0,0.0,1,2,2,7,0.5333333333333333,1206,287,4.2020905923344944,2
0.035542060638596336,0.3956659436225891,0.0,0.0,1,5,0,1,0.4,969,578,1.6764705882352942,2
0.06307503652803269,0.4790675640106201,0.75,0.0,1,8,6,39,0.6666666666666666,2130,390,5.461538461538462,2
0.08602843256739286,0.5389742255210876,0.0,0.0,0,0,0,1,0.26666666666666666,485,277,1.7509025270758123,2
0.05651025145581591,0.31946030259132385,0.6666666666666666,0.0,1,3,2,21,0.4444444444444444,990,194,5.103092783505154,2
0.028640773354233453,0.37287384271621704,1.0,0.0,1,1,1,2,0.3333333333333333,331,79,4.189873417721519,2
0.0708447262084572,0.3735063374042511,0.75,0.0,1,4,3,12,0.4666666666666667,399,478,0.8347280334728033,2
0.0586675088972966,0.41382741928100586,0.16666666666666666,0.0,1,18,3,7,0.3333333333333333,440,326,1.3496932515337423,2
0.06540851080367627,0.5310413837432861,0.0,0.0,1,1,0,0,0.4444444444444444,521,125,4.168,2
0.029695739096454392,0.265818327665329,0.0,0.0,1,6,0,1,0.26666666666666666,489,664,0.7364457831325302,2
0.039268793009642915,0.3230411112308502,0.0,0.0,0,0,0,3,0.26666666666666666,270,300,0.9,2
0.037144796173401835,0.43289780616760254,0.0,0.0,0,0,0,12,0.4,706,121,5.8347107438016526,2
0.06821499634156508,0.4338506758213043,0.13333333333333333,0.0,1,15,2,11,0.26666666666666666,612,380,1.6105263157894736,2
0.04406113254394575,0.4671359658241272,0.0,0.0,1,1,0,0,0.6666666666666666,582,79,7.367088607594937,2
0.03924153787391922,0.44528859853744507,0.6666666666666666,0.0,1,3,2,7,0.25,644,81,7.950617283950617,2
0.016209172536730043,0.3610341250896454,0.0,0.0,0,0,0,5,0.0,741,108,6.861111111111111,2
0.10972091983397503,0.4286966621875763,0.25,0.0,1,12,3,13,0.8,1032,532,1.9398496240601504,2
0.037509413103361734,0.2572866678237915,0.0,0.0,0,0,0,6,0.2,392,246,1.5934959349593496,2
0.04429759753802065,0.32580703496932983,0.6666666666666666,0.0,1,3,2,9,0.2222222222222222,777,194,4.005154639175258,2
0.03560525916123447,0.30163121223449707,0.0,0.0,0,0,0,3,0.2,424,214,1.9813084112149533,2
0.10416632620740822,0.46657422184944153,0.7222222222222222,0.0,1,18,13,36,0.8,714,326,2.1901840490797544,2
0.04080539308967323,0.4781317710876465,0.0,0.0,1,4,0,8,0.5,837,96,8.71875,2
0.049221454842553455,0.36231860518455505,0.0,0.0,1,1,0,1,0.3333333333333333,553,349,1.5845272206303724,2
0.048076598842742985,0.4920165538787842,1.0,0.0,1,1,1,1,0.5,578,136,4.25,2
0.02464950125743191,0.27779191732406616,0.0,0.0,1,4,0,3,0.36363636363636365,671,193,3.476683937823834,2
0.05169392281823016,0.3411112427711487,0.23076923076923078,0.0,1,13,3,9,0.5333333333333333,777,491,1.5824847250509164,2
0.091876336655931,0.44192808866500854,0.6923076923076923,0.0,1,13,9,17,0.5333333333333333,488,491,0.9938900203665988,2
0.024872925472791706,0.26950597763061523,0.0,0.0,1,13,0,3,0.13333333333333333,268,415,0.6457831325301204,2
0.034432251104874266,0.333732008934021,0.0,0.0,0,0,0,9,0.4,609,300,2.03,2
0.05994791143549784,0.2891624867916107,0.25,0.0,1,4,1,11,0.36363636363636365,338,193,1.7512953367875648,2
0.09827148381040972,0.4644007086753845,0.3333333333333333,0.0,1,12,4,7,0.5333333333333333,808,532,1.518796992481203,2
0.042185565667495116,0.5382150411605835,0.0,0.0,0,0,0,10,0.42857142857142855,1177,108,10.898148148148149,2
0.08592619638375393,0.542928159236908,0.5,0.0,1,6,3,18,0.9090909090909091,1533,226,6.783185840707965,2
0.08034281724161814,0.5272855758666992,0.5,0.0,1,8,4,11,0.6,663,390,1.7,2
0.04702613659683495,0.33479756116867065,0.25,0.0,1,4,1,11,0.45454545454545453,1144,193,5.927461139896373,2
0.0594189338597347,0.37245815992355347,0.0,0.0,0,0,0,1,0.4666666666666667,576,666,0.8648648648648649,2
0.0855521985565492,0.39567139744758606,0.0,0.0,0,0,0,2,0.4666666666666667,1695,565,3.0,2
0.04300603117583671,0.3111356794834137,0.0,0.0,1,6,0,1,0.26666666666666666,295,440,0.6704545454545454,2
0.01833363149170287,0.34392261505126953,0.0,0.0,1,2,0,0,0.14285714285714285,536,158,3.392405063291139,2
0.0378553952184372,0.37117552757263184,0.25,0.0,1,4,1,1,0.2,255,330,0.7727272727272727,2
0.04935313510729978,0.5269310474395752,0.5,0.0,1,4,2,13,0.2,340,266,1.2781954887218046,2
0.0721813146240809,0.4602634906768799,0.2777777777777778,0.0,1,18,5,17,0.6,433,326,1.3282208588957056,2
0.07884162197257348,0.3617200553417206,0.0,0.0,0,0,0,0,0.4,644,565,1.1398230088495576,2
0.11261784495479708,0.42592689394950867,1.0,0.0,1,1,1,2,0.8,1058,575,1.84,2
0.05621703041439328,0.46747922897338867,0.75,0.0,1,4,3,11,0.26666666666666666,524,313,1.6741214057507987,2
0.02144802220038423,0.4732297360897064,1.0,0.0,1,1,1,1,0.3333333333333333,180,125,1.44,2
0.038778868652711754,0.5350693464279175,1.0,0.0,1,2,2,17,0.14285714285714285,464,158,2.9367088607594938,2
0.06985661011545943,0.4887810945510864,1.0,0.0,1,1,1,1,0.7777777777777778,576,125,4.608,2
0.04650393538720779,0.40305548906326294,0.0,0.0,1,2,0,0,0.3333333333333333,1152,287,4.013937282229965,2
0.0708753111895394,0.3493695557117462,0.4,0.0,1,5,2,18,0.6,473,578,0.8183391003460208,2
0.061701212241530703,0.41309913992881775,0.3333333333333333,0.0,1,3,1,7,0.2,465,333,1.3963963963963963,2
0.038752827480154316,0.4045957624912262,0.16666666666666666,0.0,1,18,3,9,0.4,295,326,0.9049079754601227,2
0.028815351899284598,0.4086873531341553,0.0,0.0,1,1,0,20,0.4,662,118,5.610169491525424,2
0.07508694015658594,0.47332727909088135,0.0,0.0,1,1,0,1,0.5333333333333333,602,156,3.858974358974359,2
0.05939296746318284,0.5039138197898865,0.25,0.0,1,4,1,12,0.3333333333333333,399,96,4.15625,2
0.05358946966214641,0.2829601764678955,0.6,0.5,1,7,4,17,0.4666666666666667,324,715,0.45314685314685316,2
0.04654292597774888,0.2903153896331787,0.2777777777777778,0.0,1,18,5,17,0.2,324,852,0.38028169014084506,2
0.054895198785900386,0.4723687767982483,0.0,0.0,1,1,0,1,0.4666666666666667,674,156,4.32051282051282,2
0.06406620057453236,0.4372320771217346,0.2,0.0,1,15,3,8,0.4,659,380,1.7342105263157894,2
0.053813641973404415,0.3571844696998596,0.5,0.0,1,3,1,3,0.2,315,1079,0.2919369786839666,2
0.016326291275671784,0.39931243658065796,0.0,0.0,1,1,0,16,0.3333333333333333,218,41,5.317073170731708,2
0.07373883929395572,0.37327995896339417,0.3333333333333333,0.0,1,18,6,20,0.5333333333333333,640,326,1.9631901840490797,2
0.07270265133735726,0.38005781173706055,0.16666666666666666,0.0,1,6,1,18,0.5333333333333333,535,319,1.677115987460815,2
0.06118342884313943,0.4971831142902374,1.0,0.0,1,1,1,2,0.3333333333333333,1058,79,13.39240506329114,2
0.03908032131281635,0.3977147042751312,0.0,0.0,0,0,0,0,0.3333333333333333,518,666,0.7777777777777778,2
0.09230506038091059,0.4782940745353699,0.2857142857142857,0.0,1,14,4,13,0.6,1032,520,1.9846153846153847,2
0.027256420329780887,0.2773868441581726,0.0,0.0,1,1,0,7,0.13333333333333333,194,428,0.4532710280373832,2
0.041544255034017534,0.3055517375469208,0.125,0.0,1,8,1,14,0.3333333333333333,680,317,2.145110410094637,2
0.08263670309430106,0.5649760961532593,1.0,0.0,1,1,1,7,0.6666666666666666,1206,185,6.518918918918919,2
0.05776456301476088,0.43648529052734375,0.5,0.0,1,2,1,2,0.4666666666666667,1350,287,4.70383275261324,2
0.036976281700754024,0.3128933310508728,0.0,0.0,1,6,0,8,0.26666666666666666,597,555,1.0756756756756756,2
0.06330187480836458,0.2883968949317932,0.3333333333333333,0.0,1,6,2,4,0.4,810,664,1.2198795180722892,2
0.052084176658255536,0.4103798568248749,0.0,0.0,0,0,0,2,0.5333333333333333,608,666,0.9129129129129129,2
0.04428400086171596,0.40964293479919434,0.0,0.0,1,1,0,0,0.4666666666666667,358,287,1.2473867595818815,2
0.046294905929866355,0.3337010145187378,0.5,0.0,1,4,2,8,0.26666666666666666,443,478,0.9267782426778243,2
0.06051979799450113,0.48358917236328125,0.0,0.0,1,4,0,19,0.6666666666666666,813,96,8.46875,2
0.05556326854811337,0.4152577817440033,0.25,0.0,1,4,1,15,0.6666666666666666,1104,96,11.5,2
0.04656360116406491,0.3257991075515747,0.0,0.0,1,3,0,19,0.4666666666666667,969,774,1.251937984496124,2
0.04219385016428778,0.3373047113418579,0.4,0.0,1,5,2,9,0.2,200,578,0.3460207612456747,2
0.0422473946008905,0.37060368061065674,0.0,0.0,0,0,0,15,0.2,743,121,6.140495867768595,2
0.07087515122463199,0.49061235785484314,0.375,0.0,1,8,3,4,0.6,810,390,2.076923076923077,2
0.07325931152809702,0.37743327021598816,0.75,0.0,1,4,3,19,0.6666666666666666,813,478,1.700836820083682,2
0.09366498343235755,0.384558767080307,0.4375,0.0,1,16,7,12,0.4666666666666667,565,1015,0.5566502463054187,2
0.044423476066350845,0.40440693497657776,1.0,0.0,1,1,1,1,0.13333333333333333,171,270,0.6333333333333333,2
0.05657271457134476,0.3889107406139374,0.0,0.0,0,0,0,4,0.6,702,300,2.34,2
0.07491090997408038,0.5092765688896179,0.42857142857142855,0.0,1,14,6,15,0.6666666666666666,1855,520,3.5673076923076925,2
0.06986994834917949,0.41529661417007446,0.0,0.0,0,0,0,0,0.4666666666666667,518,549,0.9435336976320583,2
0.03935337792490608,0.30675211548805237,0.0,0.0,1,4,0,1,0.2727272727272727,826,193,4.27979274611399,2
0.03391693838587183,0.2932735085487366,0.0,0.0,1,7,0,17,0.3333333333333333,324,682,0.4750733137829912,2
0.03414488349497014,0.3499895930290222,0.0,0.0,1,18,0,1,0.4,519,326,1.5920245398773005,2
0.06247189008683997,0.43940597772598267,0.5,0.0,1,2,1,7,0.4,465,287,1.6202090592334495,2
0.04710885706739578,0.3921053111553192,0.0,0.0,0,0,0,0,0.2,759,666,1.1396396396396395,2
0.021123129794447228,0.3020106256008148,0.3333333333333333,0.0,1,6,2,20,0.13333333333333333,640,555,1.1531531531531531,2
0.0517683558184925,0.29910990595817566,0.3333333333333333,0.0,1,6,2,7,0.26666666666666666,194,555,0.34954954954954953,2
0.028506217219343054,0.25400733947753906,0.3333333333333333,0.0,1,3,1,23,0.2,760,774,0.9819121447028424,2
0.05527726578801098,0.3383684456348419,0.0,0.0,1,5,0,4,0.3333333333333333,668,578,1.1557093425605536,2
0.017657158085498004,0.2971239387989044,0.0,0.0,1,1,0,13,0.0,276,118,2.3389830508474576,2
0.05495205941495062,0.33068493008613586,0.2,0.0,1,5,1,19,0.3333333333333333,997,578,1.7249134948096885,2
0.0358638313845326,0.2965085506439209,0.0,0.0,0,0,0,3,0.26666666666666666,270,300,0.9,2
0.04049964022815245,0.3319642245769501,0.0,0.0,1,4,0,0,0.45454545454545453,529,193,2.7409326424870466,2
0.04761463326715683,0.3966834843158722,0.5,0.0,1,2,1,2,0.5,1350,147,9.183673469387756,2
0.03979158559518473,0.4336300492286682,0.5,0.0,1,2,1,1,0.13333333333333333,489,452,1.081858407079646,2
0.03202497228931343,0.42078959941864014,1.0,0.0,1,1,1,7,0.4,213,118,1.805084745762712,2
0.0670267003757786,0.4754507839679718,0.0,0.0,0,0,0,2,0.3333333333333333,347,277,1.2527075812274369,2
0.07516162623911832,0.4125818908214569,0.75,0.0,1,4,3,18,0.6666666666666666,1533,478,3.207112970711297,2
0.07976601851187642,0.47026577591896057,0.0,0.0,1,2,0,0,0.6,589,665,0.8857142857142857,2
0.04497924043146853,0.37412044405937195,0.0,0.0,0,0,0,0,0.4666666666666667,2738,214,12.794392523364486,2
0.09105088985894039,0.5505861043930054,0.0,0.0,0,0,0,2,0.6666666666666666,1058,277,3.8194945848375452,2
0.0684798619417011,0.4170020818710327,0.0,0.0,1,1,0,18,1.0,604,41,14.731707317073171,2
0.052161279248994184,0.3129386007785797,0.5,0.0,1,4,2,5,0.3333333333333333,760,456,1.6666666666666667,2
0.05498243455771929,0.33990395069122314,0.0,0.0,1,4,0,1,0.26666666666666666,565,456,1.2390350877192982,2
0.08589557748259988,0.553554356098175,0.0,0.0,1,1,0,5,0.6,582,185,3.145945945945946,2
0.028365652069433766,0.3549959361553192,0.125,0.0,1,8,1,2,0.3333333333333333,809,390,2.0743589743589745,2
0.08560747707532175,0.4182986617088318,1.0,0.0,1,1,1,1,0.6,703,575,1.222608695652174,2
0.03808799408697307,0.4116319715976715,0.5,0.0,1,2,1,2,0.4666666666666667,809,287,2.818815331010453,2
0.06691380062728712,0.3868132531642914,0.3333333333333333,0.0,1,6,2,8,0.5333333333333333,926,440,2.1045454545454545,2
0.04850326375830919,0.3854365944862366,0.16666666666666666,0.0,1,18,3,8,0.5333333333333333,443,326,1.3588957055214723,2
0.03145323833560253,0.4086366593837738,1.0,0.0,1,1,1,1,0.6666666666666666,358,79,4.531645569620253,2
0.06741436123974051,0.40409770607948303,0.0,0.0,1,18,0,3,0.5333333333333333,558,326,1.7116564417177915,2
0.06234412193648294,0.44284188747406006,0.0,0.0,1,3,0,2,0.6153846153846154,527,226,2.331858407079646,2
0.07430932648626357,0.3625601530075073,0.16666666666666666,0.0,1,6,1,14,0.4,409,319,1.2821316614420062,2
0.04589047642011205,0.2764255106449127,0.0,0.0,1,4,0,0,0.09090909090909091,255,193,1.3212435233160622,2
0.03780701188662444,0.48538821935653687,0.5,0.0,1,8,4,12,0.2,399,193,2.0673575129533677,2
0.06471418389928285,0.3017094135284424,0.0,0.0,1,6,0,19,0.26666666666666666,813,555,1.4648648648648648,2
0.033456930149723986,0.34259548783302307,0.0,0.0,0,0,0,2,0.13333333333333333,633,300,2.11,2
0.054365089265792144,0.3172299861907959,0.0,1.0,1,3,1,7,0.2,683,1079,0.6329935125115848,2
0.04959560276760802,0.39490213990211487,0.0,0.0,0,0,0,1,0.3333333333333333,358,666,0.5375375375375375,2
0.06814149415545598,0.450624942779541,0.5,0.0,1,2,1,6,0.4,430,287,1.4982578397212543,2
0.06770104053314407,0.5146851539611816,0.0,0.0,1,1,0,10,0.4666666666666667,957,270,3.5444444444444443,2
0.08448161707901945,0.43204912543296814,0.5,0.0,1,2,1,5,0.5333333333333333,608,452,1.345132743362832,2
0.04836370043250422,0.3966274559497833,0.0,0.0,1,8,0,17,0.26666666666666666,352,317,1.110410094637224,2
0.05509034372331696,0.4344758987426758,0.07142857142857142,0.0,1,14,1,7,0.3333333333333333,1006,520,1.9346153846153846,2
0.03541518066473891,0.41406673192977905,0.0,0.0,1,8,0,0,0.4,1152,390,2.953846153846154,2
0.05247013378868194,0.4124564230442047,0.0,0.0,1,18,0,8,0.4,597,326,1.8312883435582823,2
0.040772603504616166,0.3363396227359772,0.0,0.0,1,5,0,9,0.13333333333333333,431,679,0.6347569955817378,2
0.05430562175400862,0.36820322275161743,0.0,0.0,1,1,0,0,0.3333333333333333,518,575,0.9008695652173913,2
0.028810432956492667,0.34093260765075684,0.0,0.0,1,4,0,1,0.2,586,456,1.2850877192982457,2
0.050277285680847925,0.29154202342033386,0.0,0.0,1,3,0,9,0.3333333333333333,321,774,0.41472868217054265,2
0.0965013155067437,0.39901024103164673,0.3076923076923077,0.0,1,13,4,12,0.6666666666666666,565,491,1.15071283095723,2
0.01496011557525356,0.3231452405452728,0.0,0.0,0,0,0,14,0.2,731,82,8.914634146341463,2
0.052746022599812654,0.37134692072868347,0.2,0.0,1,5,1,9,0.4,476,578,0.8235294117647058,2
0.034236842946645314,0.34444326162338257,0.0,0.0,0,0,0,2,0.2,238,231,1.0303030303030303,2
0.04465494626582407,0.3710860311985016,0.0,0.0,0,0,0,4,0.3,668,121,5.520661157024794,2
0.0755399834849319,0.47226646542549133,0.0,0.0,1,1,0,8,1.0,443,41,10.804878048780488,2
0.03036923080828296,0.3242209851741791,0.0,0.0,0,0,0,3,0.26666666666666666,268,349,0.7679083094555874,2
0.07998719114700008,0.3332390785217285,1.0,0.0,1,1,1,12,0.5333333333333333,1153,728,1.5837912087912087,2
0.0588754514144442,0.391737699508667,0.13333333333333333,0.0,1,15,2,8,0.3333333333333333,443,380,1.1657894736842105,2
0.0765847362954068,0.4500517249107361,0.6666666666666666,0.0,1,3,2,10,0.3333333333333333,583,333,1.7507507507507507,2
0.046593863076095955,0.4356323778629303,0.0,0.0,1,1,0,0,0.3333333333333333,358,79,4.531645569620253,2
0.036700499014013004,0.43023768067359924,1.0,0.0,1,1,1,1,0.3333333333333333,439,156,2.8141025641025643,2
0.0790036284757313,0.37500646710395813,0.2,0.0,1,5,1,13,0.4,1032,578,1.7854671280276817,2
0.07204977017848883,0.36086657643318176,0.0,0.0,1,2,0,13,0.6,409,476,0.8592436974789915,2
0.05303812592925462,0.437202125787735,0.2,0.0,1,15,3,12,0.4666666666666667,577,380,1.518421052631579,2
0.03283834840348278,0.33189108967781067,0.0,0.0,1,8,0,3,0.26666666666666666,268,317,0.8454258675078864,2
0.04407218084417423,0.47302931547164917,1.0,0.0,1,1,1,1,0.13333333333333333,708,156,4.538461538461538,2
0.07229374317036602,0.37066352367401123,0.0,0.0,1,6,0,7,0.4,213,319,0.6677115987460815,2
0.05556958907334369,0.381991446018219,0.3333333333333333,0.0,1,3,1,3,0.4444444444444444,599,194,3.0876288659793816,2
0.0550341507267975,0.3440772593021393,0.16666666666666666,0.0,1,6,1,5,0.4,953,440,2.165909090909091,2
0.04670550014613843,0.35786497592926025,0.5,0.0,1,3,1,7,0.26666666666666666,465,1079,0.4309545875810936,2
0.05624159779733597,0.4178016781806946,0.0,0.0,0,0,0,1,0.38461538461538464,642,248,2.588709677419355,2
0.046474516059352704,0.35447025299072266,0.6666666666666666,0.0,1,3,2,14,0.4444444444444444,731,194,3.768041237113402,2
0.09399200611218396,0.44555768370628357,0.6428571428571429,0.0,1,14,9,36,0.5333333333333333,714,520,1.373076923076923,2
0.021661985428579653,0.39100056886672974,0.0,0.0,1,1,0,20,0.3333333333333333,640,41,15.609756097560975,2
0.03497254180355934,0.2819592356681824,0.0,0.0,1,5,0,3,0.26666666666666666,268,679,0.3946980854197349,2
0.05735667044331558,0.4993293881416321,0.13333333333333333,0.0,1,15,2,8,0.5333333333333333,837,380,2.2026315789473685,2
0.07488494253798358,0.4159361720085144,0.0,0.0,0,0,0,2,0.4666666666666667,783,666,1.1756756756756757,2
0.09489928446528068,0.4859939217567444,0.3333333333333333,0.0,1,12,4,11,0.6,1371,532,2.577067669172932,2
0.11099446522361676,0.5451781749725342,0.5,0.0,1,2,1,7,0.7333333333333333,1206,452,2.668141592920354,2
0.03068655269320334,0.36003294587135315,1.0,0.0,1,1,1,14,0.4,680,118,5.762711864406779,2
0.056237843243680814,0.36148887872695923,0.0,0.0,1,5,0,8,0.26666666666666666,736,578,1.273356401384083,2
0.0426888088504711,0.3370819091796875,0.2,0.0,1,5,1,13,0.26666666666666666,545,578,0.9429065743944637,2
0.0763029418519063,0.4485000669956207,0.35714285714285715,0.0,1,14,5,13,0.4,504,520,0.9692307692307692,2
0.03314878659777099,0.31332582235336304,0.25,0.0,1,4,1,20,0.26666666666666666,640,599,1.0684474123539232,2
0.06908806501024364,0.3924112617969513,0.2,0.0,1,5,1,12,0.3333333333333333,565,578,0.9775086505190311,2
0.050371614105088405,0.31797870993614197,0.0,0.0,1,6,0,1,0.13333333333333333,592,555,1.0666666666666667,2
0.07613477497241242,0.3263523280620575,0.16666666666666666,0.0,1,6,1,11,0.4,338,440,0.7681818181818182,2
0.05658581880592496,0.43659093976020813,0.0,0.0,1,1,0,0,0.4444444444444444,469,125,3.752,2
0.027910818157526378,0.2067405879497528,0.0,0.0,1,4,0,0,0.18181818181818182,207,193,1.072538860103627,2
0.03778358523857111,0.45968735218048096,0.2222222222222222,0.0,1,9,2,11,0.3333333333333333,524,306,1.7124183006535947,2
0.03172704652466774,0.4579671323299408,0.0,0.0,0,0,0,1,0.06666666666666667,356,277,1.2851985559566788,2
0.04469669957046196,0.3923409581184387,0.25,0.0,1,8,2,19,0.4,813,193,4.212435233160622,2
0.05880371987683901,0.38434189558029175,0.0,0.0,0,0,0,1,0.4,586,231,2.536796536796537,2
0.021877243241654534,0.2538815140724182,0.0,0.0,1,4,0,0,0.06666666666666667,219,456,0.48026315789473684,2
0.06397401003545584,0.4491685926914215,0.16666666666666666,0.0,1,6,1,10,0.5454545454545454,805,226,3.561946902654867,2
0.02861497067212656,0.32500794529914856,0.0,0.0,0,0,0,2,0.26666666666666666,703,231,3.0432900432900434,2
0.03282487554347345,0.37898674607276917,0.0,0.0,0,0,0,14,0.4,816,82,9.951219512195122,2
0.046067959030981764,0.29997870326042175,0.0,0.0,1,3,0,9,0.4666666666666667,709,774,0.9160206718346253,2
0.08386981028661418,0.41676318645477295,0.5,0.0,1,8,4,13,0.4666666666666667,340,497,0.6841046277665996,2
0.07569766003850056,0.40426748991012573,1.0,0.0,1,1,1,2,0.4,347,575,0.6034782608695652,2
0.08509339710608628,0.45988065004348755,0.2727272727272727,0.0,1,11,3,10,0.5333333333333333,583,351,1.660968660968661,2
0.07317560801277834,0.3998797535896301,0.0,0.0,1,13,0,3,0.5333333333333333,599,491,1.219959266802444,2
0.061836423855344554,0.35769107937812805,0.25,0.0,1,4,1,13,0.6363636363636364,2230,193,11.55440414507772,2
0.11299449286126574,0.42575785517692566,1.0,0.0,1,1,1,2,0.8,1058,575,1.84,2
0.04235606258117381,0.4117637574672699,0.0,0.0,0,0,0,1,0.4,578,313,1.8466453674121406,2
0.0315944418040325,0.4242556095123291,0.0,0.0,1,2,0,2,0.5714285714285714,1048,158,6.632911392405063,2
0.049952553008622815,0.35255059599876404,0.0,0.0,1,2,0,20,0.4666666666666667,640,476,1.3445378151260505,2
0.034467237614478084,0.43913108110427856,0.0,0.0,1,1,0,1,0.2,489,185,2.6432432432432433,2
0.04208737936604934,0.44823014736175537,0.42857142857142855,0.0,1,7,3,18,0.375,535,139,3.8489208633093526,2
0.07671488315210372,0.37609997391700745,0.16666666666666666,0.0,1,6,1,15,0.4666666666666667,1104,319,3.4608150470219434,2
0.05376117453779605,0.28232818841934204,0.0,0.0,1,3,0,0,0.3333333333333333,603,774,0.7790697674418605,2
0.0502396617087532,0.3961067795753479,0.16666666666666666,0.0,1,18,3,9,0.3333333333333333,487,326,1.4938650306748467,2
0.06602260785279561,0.336237370967865,1.0,0.0,1,6,6,39,0.5333333333333333,2130,664,3.2078313253012047,2
0.05424790928654411,0.4140421748161316,0.3333333333333333,0.0,1,12,4,9,0.26666666666666666,200,532,0.37593984962406013,2
0.04618622169108185,0.3299643397331238,0.25,0.0,1,8,2,11,0.4,524,874,0.5995423340961098,2
0.04944683894151231,0.33251795172691345,0.0,0.0,1,5,0,7,0.2,186,578,0.3217993079584775,2
0.03265743420690183,0.428084135055542,1.0,0.0,1,1,1,16,0.4,218,118,1.847457627118644,2
0.05178073186582954,0.4616268277168274,1.0,0.0,1,1,1,5,0.3333333333333333,760,270,2.814814814814815,2
0.04044132252296297,0.37544116377830505,1.0,0.0,1,1,1,1,0.4,578,151,3.827814569536424,2
0.035540411793827865,0.4168145954608917,0.0,0.0,0,0,0,0,0.23076923076923078,589,248,2.375,2
0.03217397528534374,0.351163774728775,0.0,0.0,1,2,0,15,0.2857142857142857,1359,158,8.60126582278481,2
0.03780701188662444,0.4889269769191742,0.5,0.0,1,8,4,12,0.2,399,193,2.0673575129533677,2
0.05328759418259343,0.32679104804992676,0.0,0.0,0,0,0,0,0.4,518,565,0.9168141592920354,2
0.04410582557080283,0.3811783790588379,0.25,0.0,1,4,1,10,0.5,805,96,8.385416666666666,2
0.040835507355927336,0.30765384435653687,0.0,0.0,1,3,0,9,0.26666666666666666,630,774,0.813953488372093,2
0.012044218849997807,0.2559880018234253,0.0,0.0,0,0,0,11,0.06666666666666667,342,231,1.4805194805194806,2
0.021510328198171887,0.36299973726272583,0.25,0.0,1,8,2,16,0.1,218,193,1.1295336787564767,2
0.08448828633221749,0.39504796266555786,0.0,0.0,0,0,0,2,0.4666666666666667,1695,565,3.0,2
0.07398605534823352,0.46585607528686523,0.0,0.0,1,1,0,8,0.7333333333333333,837,428,1.955607476635514,2
0.05339498359162595,0.46835318207740784,0.25,0.0,1,4,1,3,0.3333333333333333,315,330,0.9545454545454546,2
0.017512872776005488,0.32853400707244873,0.0,0.0,1,1,0,16,0.13333333333333333,218,428,0.5093457943925234,2
0.04263483999897784,0.4275997579097748,0.42857142857142855,0.0,1,7,3,16,0.625,218,139,1.5683453237410072,2
0.09404625658452552,0.43295082449913025,0.16666666666666666,0.0,1,12,2,4,0.4,866,532,1.6278195488721805,2
0.027660871831564467,0.34345775842666626,0.3333333333333333,0.0,1,6,2,13,0.09090909090909091,276,226,1.2212389380530972,2
0.0752758605112141,0.5067031383514404,0.0,0.0,1,1,0,20,1.0,619,41,15.097560975609756,2
0.04976564063674349,0.39358994364738464,0.0,0.0,1,1,0,0,0.4,582,349,1.667621776504298,2
0.08167571682799764,0.5027680993080139,0.42857142857142855,0.0,1,7,3,10,1.0,805,139,5.7913669064748206,2
0.03821293424300259,0.38877052068710327,0.0,0.0,1,18,0,1,0.6,969,326,2.9723926380368098,2
0.03388292518850116,0.408801794052124,0.5,0.0,1,2,1,23,0.2857142857142857,2043,158,12.930379746835444,2
0.07280669423156494,0.4139564633369446,0.16666666666666666,0.0,1,12,2,9,0.26666666666666666,476,532,0.8947368421052632,2
0.03376447781469915,0.3737555742263794,0.0,0.0,0,0,0,1,0.26666666666666666,530,666,0.7957957957957958,2
0.045189679756142465,0.48966580629348755,1.0,0.0,1,1,1,1,0.26666666666666666,578,234,2.47008547008547,2
0.04987935940727642,0.2828998565673828,0.16666666666666666,0.0,1,6,1,2,0.3333333333333333,527,695,0.758273381294964,2
0.048859760560596155,0.3399169445037842,0.5,0.0,1,3,1,2,0.3333333333333333,245,1079,0.22706209453197404,2
0.0820992571837281,0.37535354495048523,0.16666666666666666,0.0,1,6,1,14,0.3333333333333333,667,440,1.5159090909090909,2
0.08245012840063932,0.4298667311668396,1.0,0.0,1,1,1,1,0.5333333333333333,485,575,0.8434782608695652,2
0.06066512384251464,0.4385310709476471,0.16666666666666666,0.0,1,12,2,13,0.4,545,532,1.0244360902255638,2
0.06930214377610501,0.32411783933639526,0.0,0.0,0,0,0,1,0.4,576,565,1.0194690265486726,2
0.07643560318348946,0.39085397124290466,1.0,0.0,1,1,1,1,0.3333333333333333,708,575,1.231304347826087,2
0.06532260375129471,0.49552255868911743,0.5,0.0,1,8,4,10,0.5333333333333333,583,390,1.494871794871795,2
0.07295416544426873,0.42628756165504456,0.5,0.0,1,4,2,5,0.4666666666666667,608,330,1.8424242424242425,2
0.026684438237720345,0.39701104164123535,1.0,0.0,1,1,1,9,0.4,431,118,3.652542372881356,2
0.035531932769107634,0.31573063135147095,0.0,0.0,0,0,0,1,0.26666666666666666,1903,214,8.892523364485982,2
0.08279752676660411,0.40461909770965576,0.25,0.0,1,12,3,8,0.4666666666666667,736,532,1.3834586466165413,2
0.048470758848009866,0.36735621094703674,0.0,0.0,1,3,0,17,0.26666666666666666,352,289,1.217993079584775,2
0.04893914685142969,0.4293532371520996,0.0,0.0,0,0,0,1,0.4666666666666667,586,300,1.9533333333333334,2
0.05744154433890694,0.44846320152282715,0.0,0.0,0,0,0,36,0.5,714,121,5.900826446280992,2
0.04468663636568584,0.34120145440101624,0.0,0.0,1,3,0,9,0.6666666666666666,1283,774,1.6576227390180878,2
0.08773113166619301,0.5025511980056763,0.0,0.0,1,2,0,0,0.6,579,665,0.8706766917293233,2
0.06713706839842706,0.4635225534439087,0.0,0.0,1,1,0,7,0.4666666666666667,644,249,2.5863453815261046,2
0.030095595543781897,0.46625980734825134,0.0,0.0,0,0,0,9,0.1,200,121,1.6528925619834711,2
0.04333765730166042,0.26268890500068665,0.3076923076923077,0.0,1,13,4,20,0.26666666666666666,619,415,1.491566265060241,2
0.021217803676126967,0.29012545943260193,0.0,0.0,0,0,0,0,0.2,236,214,1.102803738317757,2
0.02731148708669743,0.29766544699668884,0.0,0.0,0,0,0,5,0.2,182,300,0.6066666666666667,2
0.07567320505265182,0.39847102761268616,0.0,0.0,1,1,0,0,0.4,759,575,1.32,2
0.05437159444687722,0.44030261039733887,0.0,0.0,0,0,0,0,0.2,469,277,1.6931407942238268,2
0.06211381178970586,0.4491253197193146,0.25,0.0,1,8,2,2,0.26666666666666666,245,390,0.6282051282051282,2
0.07920061294573903,0.37660160660743713,0.0,0.0,0,0,0,0,0.4,521,565,0.9221238938053097,2
0.031129589330097927,0.2737584412097931,0.16666666666666666,0.0,1,6,1,14,0.2,680,555,1.2252252252252251,2
0.08509538743182475,0.5378836989402771,1.0,0.0,1,1,1,8,0.4666666666666667,857,270,3.174074074074074,2
0.041308661115290655,0.4186279773712158,0.0,0.0,0,0,0,7,0.3,186,121,1.537190082644628,2
0.05842479282235412,0.3727821707725525,0.0,0.0,1,12,0,0,0.3333333333333333,863,532,1.6221804511278195,2
0.03937615745233933,0.3391772210597992,0.0,0.0,1,6,0,1,0.4,1068,440,2.4272727272727272,2
0.05107711473138422,0.40357354283332825,0.25,0.0,1,4,1,20,0.3333333333333333,619,96,6.447916666666667,2
0.062478793871353876,0.4536440670490265,0.13333333333333333,0.0,1,15,2,14,0.4,409,380,1.0763157894736841,2
0.03200662056437139,0.3899461627006531,0.0,0.0,1,8,0,16,0.2,218,317,0.6876971608832808,2
0.033578673715047073,0.36711418628692627,0.0,0.0,1,1,0,20,0.26666666666666666,640,428,1.4953271028037383,2
0.05603672640115086,0.40665048360824585,0.0,0.0,1,2,0,4,0.6,810,287,2.822299651567944,2
0.05315487458869338,0.3982437551021576,0.6666666666666666,0.0,1,3,2,10,0.4444444444444444,647,194,3.3350515463917527,2
0.04535962221794596,0.3624560534954071,0.5,0.0,1,2,1,2,0.2,245,287,0.8536585365853658,2
0.06694432514097293,0.5823662877082825,1.0,0.0,1,1,1,2,0.6666666666666666,954,125,7.632,2
0.026639805050327772,0.3481329679489136,0.0,0.0,0,0,0,13,0.4,504,82,6.146341463414634,2
0.03765537191319165,0.4340593218803406,1.0,0.0,1,1,1,1,0.3333333333333333,553,79,7.0,2
0.057682064335438474,0.3393958508968353,0.16666666666666666,0.0,1,6,1,13,0.26666666666666666,2230,440,5.068181818181818,2
0.029962863318518846,0.3774297535419464,0.0,0.0,0,0,0,12,0.3,864,121,7.140495867768595,2
0.06597240110421408,0.41413557529449463,0.0,0.0,0,0,0,9,0.7333333333333333,1000,465,2.150537634408602,2
0.08922795878491761,0.5024499297142029,1.0,0.0,1,3,3,13,0.7333333333333333,899,333,2.6996996996997,2
0.06619912744541452,0.4327760636806488,0.3888888888888889,0.0,1,18,7,17,0.5333333333333333,707,326,2.168711656441718,2
0.07367596752223327,0.36346209049224854,0.125,0.0,1,16,2,4,0.6,668,1015,0.6581280788177339,2
0.03264134578313446,0.33934885263442993,0.0,0.0,1,11,0,1,0.26666666666666666,636,351,1.811965811965812,2
0.05290767228942733,0.4419078826904297,0.0,0.0,0,0,0,1,0.5333333333333333,772,465,1.6602150537634408,2
0.073035882779249,0.41305026412010193,0.0,0.0,0,0,0,0,0.6666666666666666,582,666,0.8738738738738738,2
0.0655727473676482,0.5104845762252808,1.0,0.0,1,1,1,2,0.5555555555555556,331,125,2.648,2
0.05303348232450007,0.2999820113182068,0.0,0.0,1,4,0,7,0.3333333333333333,213,599,0.3555926544240401,2
0.053245186581896045,0.38190072774887085,0.6666666666666666,0.0,1,3,2,9,0.3333333333333333,751,194,3.8711340206185567,2
0.05777211213859908,0.4888584017753601,0.0,0.0,0,0,0,0,0.2,759,277,2.740072202166065,2
0.04467422523231418,0.3001568615436554,0.0,0.0,1,6,0,0,0.2,255,440,0.5795454545454546,2
0.07116545586131862,0.4169979691505432,0.3076923076923077,0.0,1,13,4,10,0.4666666666666667,647,491,1.3177189409368635,2
0.033855749469629416,0.2850271463394165,0.0,0.0,1,6,0,2,0.2,641,664,0.9653614457831325,2
0.054149820459411954,0.38793808221817017,0.5,0.0,1,2,1,5,0.5333333333333333,1073,287,3.7386759581881535,2
0.07297937279283795,0.4761040210723877,1.0,0.0,1,2,2,13,0.5,899,147,6.115646258503402,2
0.04961800886864257,0.4380556046962738,0.0,0.0,0,0,0,0,0.5333333333333333,883,300,2.9433333333333334,2
0.06632471708086757,0.4279482364654541,0.15384615384615385,0.0,1,13,2,4,0.4,668,491,1.3604887983706722,2
0.041719408426200796,0.4661482274532318,0.0,0.0,1,1,0,2,0.26666666666666666,605,270,2.240740740740741,2
0.04240226881462649,0.32948964834213257,0.0,0.0,1,4,0,0,0.36363636363636365,787,193,4.077720207253886,2
0.06449339206043468,0.39637669920921326,0.375,0.0,1,8,3,18,0.3333333333333333,604,317,1.9053627760252365,2
0.07188070852377154,0.5079026222229004,0.0,0.0,0,0,0,0,0.3333333333333333,304,277,1.0974729241877257,2
0.044027238299893745,0.368843138217926,0.0,0.0,1,13,0,0,0.4,515,491,1.0488798370672099,2
0.04492242156879681,0.31918659806251526,0.0,0.0,1,2,0,9,0.5333333333333333,777,476,1.6323529411764706,2
0.055621345472583614,0.3830912113189697,1.0,0.0,1,3,3,12,0.4444444444444444,706,194,3.6391752577319587,2
0.035360626717393796,0.38784292340278625,0.0,0.0,1,1,0,20,0.3333333333333333,619,428,1.4462616822429906,2
0.03865335833572272,0.4511376917362213,0.0,0.0,1,1,0,1,0.13333333333333333,590,204,2.892156862745098,2
0.06255779660763676,0.4723193645477295,0.14285714285714285,0.0,1,14,2,6,0.3333333333333333,705,520,1.3557692307692308,2
0.03369700508084701,0.4228862226009369,1.0,0.0,1,1,1,25,0.4,615,118,5.211864406779661,2
0.045532775856904954,0.33030998706817627,0.0,0.0,1,6,0,2,0.06666666666666667,245,664,0.3689759036144578,2
0.08758219582750025,0.5084012150764465,0.14285714285714285,0.0,1,14,2,11,0.7333333333333333,2164,520,4.161538461538462,2
0.03760549808616093,0.39890632033348083,0.5,0.0,1,2,1,10,0.5,781,147,5.312925170068027,2
0.051417417499098846,0.4632640779018402,0.0,0.0,1,4,0,18,0.5,535,96,5.572916666666667,2
0.03253506534265381,0.45573878288269043,0.0,0.0,1,1,0,8,0.4,837,118,7.093220338983051,2
0.03095946180955257,0.28948378562927246,0.0,0.16666666666666666,1,9,1,17,0.2,324,683,0.4743777452415813,2
0.07417921307901335,0.36314627528190613,0.125,0.0,1,16,2,4,0.6,668,1015,0.6581280788177339,2
0.05840991959391929,0.4054243564605713,0.0,0.0,0,0,0,2,0.4666666666666667,238,300,0.7933333333333333,2
0.059252924016378765,0.3575766682624817,0.4,0.0,1,5,2,13,0.4,504,578,0.8719723183391004,2
0.06816189055401713,0.37113744020462036,0.0,0.0,0,0,0,0,0.4,579,565,1.024778761061947,2
0.036757781231131756,0.37329840660095215,0.0,0.0,1,1,0,0,0.2,518,349,1.484240687679083,2
0.05072853733437385,0.4376886487007141,0.0,0.0,1,1,0,0,0.4666666666666667,644,287,2.2439024390243905,2
0.05034248376056905,0.3561312258243561,0.3076923076923077,0.0,1,13,4,14,0.3333333333333333,731,491,1.4887983706720977,2
0.041220986844503475,0.39166340231895447,1.0,0.0,1,1,1,1,0.13333333333333333,356,575,0.6191304347826087,2
0.07201869987021808,0.4938417077064514,0.0,0.0,0,0,0,2,0.26666666666666666,536,277,1.9350180505415162,2
0.03166375633353491,0.31259873509407043,0.0,0.0,0,0,0,9,0.13333333333333333,476,214,2.2242990654205608,2
0.06601617137140142,0.4614148437976837,0.0,0.0,1,3,0,5,0.4666666666666667,1073,333,3.2222222222222223,2
0.07744314646936033,0.3783009350299835,0.5,0.0,1,3,1,5,0.4,582,1079,0.5393883225208527,2
0.05918213574369907,0.39494624733924866,0.5,0.0,1,2,1,2,0.26666666666666666,245,452,0.5420353982300885,2
0.04253583933645916,0.40003544092178345,0.4,0.0,1,5,2,11,0.3333333333333333,524,285,1.8385964912280701,2
0.04886404607396756,0.3105820119380951,0.2,0.0,1,5,1,7,0.26666666666666666,213,679,0.3136966126656848,2
0.033133553062404494,0.31371596455574036,0.25,0.0,1,4,1,20,0.26666666666666666,640,599,1.0684474123539232,2
0.029208157513149563,0.4651041626930237,0.0,0.0,1,1,0,12,0.3333333333333333,399,41,9.731707317073171,2
0.06275613805825239,0.40960851311683655,0.4166666666666667,0.0,1,12,5,12,0.5333333333333333,864,532,1.6240601503759398,2
0.06565829355226369,0.3422752320766449,0.0,0.0,1,3,0,4,0.4666666666666667,810,1079,0.7506950880444856,2
0.07151857975617391,0.520440936088562,0.125,0.0,1,8,1,3,0.4666666666666667,315,390,0.8076923076923077,2
0.06321462762546452,0.5118445158004761,0.0,0.0,0,0,0,3,0.13333333333333333,675,277,2.436823104693141,2
0.04252591778325888,0.35506051778793335,0.0,0.0,0,0,0,7,0.26666666666666666,213,349,0.6103151862464183,2
0.04395100845553595,0.4699994623661041,0.0,0.0,1,1,0,0,0.2,614,270,2.274074074074074,2
0.03710958336688056,0.3132055401802063,1.0,0.0,1,1,1,7,0.4,194,118,1.6440677966101696,2
0.05864752373666806,0.4996061325073242,0.0,0.0,1,1,0,0,0.6666666666666666,759,125,6.072,2
0.05845791785857408,0.526764452457428,0.5,0.0,1,4,2,7,0.5,536,266,2.0150375939849625,2
0.040417468334054955,0.3395582437515259,0.23076923076923078,0.0,1,13,3,20,0.2,640,415,1.5421686746987953,2
0.031069643223106312,0.38751986622810364,0.0,0.0,0,0,0,19,0.2,997,121,8.239669421487603,2
0.04638451853628697,0.39670810103416443,0.0,0.0,0,0,0,16,0.4666666666666667,655,465,1.4086021505376345,2
0.05394181325559672,0.2456444948911667,0.07692307692307693,0.0,1,13,1,7,0.26666666666666666,194,415,0.4674698795180723,2
0.08003062812873826,0.3237839341163635,1.0,0.0,1,2,2,7,0.4,644,650,0.9907692307692307,2
0.054524526221412635,0.4707944989204407,0.0,0.0,0,0,0,1,0.5555555555555556,578,165,3.503030303030303,2
0.045414967843501956,0.34193146228790283,0.5,0.0,1,4,2,14,0.5333333333333333,680,478,1.4225941422594142,2
0.06427662087660359,0.46613365411758423,0.3333333333333333,0.0,1,6,2,18,0.5454545454545454,535,226,2.3672566371681416,2
0.08204693616973426,0.5551568865776062,0.0,0.0,0,0,0,1,0.3333333333333333,526,277,1.8989169675090252,2
0.033698629610957195,0.3967094421386719,0.0,0.0,0,0,0,6,0.1,610,121,5.041322314049586,2
0.03932019498709656,0.32610082626342773,0.0,0.0,1,6,0,2,0.26666666666666666,638,440,1.45,2
0.08841700973501124,0.42954787611961365,0.2857142857142857,0.0,1,14,4,21,0.5333333333333333,990,520,1.9038461538461537,2
0.038376275213500996,0.38747575879096985,0.0,0.0,0,0,0,25,0.3333333333333333,615,349,1.7621776504297995,2
0.08230143758524769,0.3889061510562897,0.0,0.0,1,1,0,2,0.7333333333333333,1058,349,3.031518624641834,2
0.07074741891306183,0.33850476145744324,1.0,0.0,1,6,6,35,0.5333333333333333,1734,664,2.61144578313253,2
0.06080134140865166,0.4082968235015869,0.0,0.0,1,1,0,0,0.5333333333333333,603,287,2.1010452961672472,2
0.0640800035985192,0.4871319830417633,1.0,0.0,1,4,4,7,0.5,644,266,2.4210526315789473,2
0.07522299128198497,0.33875998854637146,0.8333333333333334,0.0,1,6,5,13,0.4,899,664,1.3539156626506024,2
0.06635807388371064,0.38085776567459106,0.0,0.0,0,0,0,0,0.4666666666666667,870,231,3.7662337662337664,2
0.08975423178673542,0.4608767330646515,1.0,0.0,1,1,1,1,0.6,695,156,4.455128205128205,2
0.039277762170959137,0.2863974869251251,0.4,0.0,1,5,2,11,0.3333333333333333,837,578,1.4480968858131489,2
0.03969007364460893,0.29215890169143677,0.0,0.0,0,0,0,0,0.26666666666666666,1209,214,5.649532710280374,2
0.054996117258167956,0.35104113817214966,0.3333333333333333,0.0,1,3,1,8,0.2222222222222222,736,194,3.7938144329896906,2
0.06671596983351968,0.40686270594596863,0.2777777777777778,0.0,1,18,5,21,0.5333333333333333,443,326,1.3588957055214723,2
0.05737637714378822,0.38590067625045776,0.0,0.0,1,1,0,1,0.5333333333333333,590,287,2.0557491289198606,2
0.07199006523466298,0.35384151339530945,1.0,0.0,1,1,1,2,0.6,331,575,0.5756521739130435,2
0.07818017154691016,0.34995660185813904,0.5,0.0,1,16,8,17,0.5333333333333333,433,1015,0.4266009852216749,2
0.03484328159809615,0.320458322763443,0.0,0.0,0,0,0,0,0.4666666666666667,490,465,1.053763440860215,2
0.06017197701301298,0.45274481177330017,0.5,0.0,1,4,2,3,0.4666666666666667,465,330,1.4090909090909092,2
0.04959274712370587,0.38737794756889343,0.0,0.0,0,0,0,0,0.3333333333333333,589,666,0.8843843843843844,2
0.08443715361558653,0.388230562210083,0.0,0.0,1,1,0,0,0.6666666666666666,609,575,1.0591304347826087,2
0.06576437088685798,0.39231786131858826,0.0,0.0,1,1,0,0,0.5333333333333333,304,575,0.528695652173913,2
0.032793907077345474,0.4034477770328522,0.0,0.0,1,1,0,1,0.3333333333333333,501,41,12.21951219512195,2
0.085074738368898,0.3977890610694885,0.0,0.0,0,0,0,1,0.5333333333333333,874,549,1.5919854280510017,2
0.04253343561223534,0.5249357223510742,0.0,0.0,1,1,0,0,0.4444444444444444,589,125,4.712,2
0.04187628462311027,0.36958935856819153,0.0,0.0,1,13,0,1,0.4,519,491,1.0570264765784114,2
0.038403765338646666,0.35402461886405945,0.0,0.0,1,1,0,1,0.2,358,349,1.0257879656160458,2
0.039472993098704494,0.3035675287246704,0.0,0.0,1,4,0,1,0.3333333333333333,501,599,0.8363939899833055,2
0.07370661619237931,0.38591745495796204,0.4375,0.0,1,16,7,10,0.5333333333333333,1449,1015,1.4275862068965517,2
0.04247660658575154,0.44033336639404297,0.5714285714285714,0.0,1,7,4,20,0.25,640,139,4.60431654676259,2
0.03802960144777884,0.47168809175491333,0.0,0.0,1,1,0,14,0.3333333333333333,409,41,9.975609756097562,2
0.0610787632894502,0.4767436385154724,1.0,0.0,1,1,1,3,0.5333333333333333,675,156,4.326923076923077,2
0.08512750931030219,0.40010276436805725,0.0,0.0,1,1,0,0,0.6666666666666666,609,575,1.0591304347826087,2
0.03813816137858475,0.2798301875591278,0.2,0.0,1,5,1,16,0.13333333333333333,218,679,0.32106038291605304,2
0.03091738923916143,0.39428234100341797,0.0,0.0,0,0,0,15,0.4,1855,82,22.621951219512194,2
0.0577478590159198,0.30222636461257935,0.4,0.0,1,5,2,15,0.3333333333333333,743,578,1.2854671280276817,2
0.0702662279464735,0.46066850423812866,0.0,0.0,1,1,0,2,0.6666666666666666,1695,349,4.856733524355301,2
0.06608799196386428,0.30564334988594055,0.5,0.0,1,4,2,13,0.4666666666666667,340,602,0.5647840531561462,2
0.045217526035482764,0.3793046772480011,0.0,0.0,0,0,0,5,0.4,760,465,1.6344086021505377,2
0.020820045126295122,0.352475643157959,0.0,0.0,1,2,0,2,0.0,619,158,3.9177215189873418,2
0.05335716575714346,0.4952602684497833,0.0,0.0,0,0,0,11,0.3,2164,121,17.884297520661157,2
0.058214382610802896,0.4471074938774109,0.0,0.0,1,1,0,10,0.4666666666666667,583,185,3.151351351351351,2
0.0626221392228494,0.39188066124916077,0.0,0.0,0,0,0,1,0.4666666666666667,656,300,2.1866666666666665,2
0.06417924660460099,0.35017257928848267,0.0,0.0,1,16,0,0,0.3333333333333333,863,1015,0.8502463054187193,2
0.07276106846609581,0.44897422194480896,0.5,0.0,1,2,1,7,0.4666666666666667,683,452,1.511061946902655,2
0.05721074946523501,0.4329722225666046,0.0,0.0,0,0,0,0,0.4,589,549,1.0728597449908925,2
0.04488513733446297,0.33463621139526367,0.0,0.0,0,0,0,0,0.26666666666666666,469,565,0.8300884955752212,2
0.07201956503947743,0.4202842116355896,1.0,0.0,1,1,1,1,0.5333333333333333,553,575,0.9617391304347827,2
0.058851926505183144,0.3782026171684265,0.15384615384615385,0.0,1,13,2,9,0.2,476,491,0.9694501018329938,2
0.036068495361519265,0.3431795537471771,0.25,0.2,1,13,3,11,0.3333333333333333,524,673,0.7786032689450223,2
0.09825705565954031,0.4244833290576935,1.0,1.0,1,3,3,7,0.6,1206,1079,1.1177015755329007,2
0.06910292737649235,0.46244731545448303,0.5,0.0,1,2,1,1,0.4666666666666667,358,665,0.5383458646616541,2
0.04100533304312099,0.4003162086009979,0.0,0.0,1,4,0,8,0.6363636363636364,937,193,4.8549222797927465,2
0.0712894147879577,0.39449262619018555,0.3333333333333333,0.0,1,12,4,17,0.4666666666666667,707,532,1.3289473684210527,2
0.025861637586731448,0.3326382637023926,0.0,0.0,1,8,0,3,0.2,268,193,1.38860103626943,2
0.026152479236218867,0.3876114785671234,0.0,0.0,0,0,0,1,0.26666666666666666,180,666,0.2702702702702703,2
0.017880153284746108,0.3868301808834076,0.0,0.0,0,0,0,0,0.0,219,108,2.0277777777777777,2
0.04696812970216171,0.3938848376274109,0.0,0.0,0,0,0,2,0.3333333333333333,619,231,2.6796536796536796,2
0.05355936658058992,0.4019557535648346,0.25,0.0,1,4,1,17,0.36363636363636365,464,193,2.4041450777202074,2
0.04541787514398886,0.3146108090877533,0.0,0.0,1,5,0,7,0.3333333333333333,1246,679,1.8350515463917525,2
0.04289518896316189,0.4075668454170227,0.625,0.0,1,8,5,14,0.2,680,193,3.523316062176166,2
0.05081453559208296,0.34908437728881836,0.15384615384615385,0.0,1,13,2,18,0.4,535,415,1.2891566265060241,2
0.04296063235860364,0.3828941583633423,0.23076923076923078,0.0,1,13,3,9,0.3333333333333333,487,491,0.9918533604887984,2
0.08207340155449175,0.4639653265476227,0.14285714285714285,0.0,1,14,2,8,0.4666666666666667,736,520,1.4153846153846155,2
0.03630591406846958,0.34436744451522827,0.0,0.0,1,6,0,1,0.3333333333333333,501,319,1.5705329153605017,2
0.04545399254479818,0.31507769227027893,0.3333333333333333,0.0,1,6,2,9,0.2,777,555,1.4,2
0.05217174116112473,0.4015469253063202,0.0,0.0,0,0,0,12,0.6,864,465,1.8580645161290323,2
0.0821507129185705,0.49072498083114624,1.0,0.0,1,1,1,1,0.6666666666666666,593,156,3.801282051282051,2
0.0735660219879533,0.36670881509780884,0.3333333333333333,0.0,1,18,6,20,0.5333333333333333,640,326,1.9631901840490797,2
0.07454024659483836,0.45893895626068115,0.0,0.0,0,0,0,2,0.6666666666666666,1058,666,1.5885885885885886,2
0.0959990452580419,0.3952887952327728,0.6666666666666666,0.0,1,12,8,21,0.6,990,532,1.8609022556390977,2
0.04808709068562417,0.29983648657798767,0.25,0.0,1,4,1,3,0.3333333333333333,613,456,1.344298245614035,2
0.08200540137321032,0.48889440298080444,0.0,0.0,1,1,0,0,0.6,364,156,2.3333333333333335,2
0.05412807324168458,0.4464663565158844,0.0,0.0,1,1,0,1,0.4,642,287,2.2369337979094075,2
0.053590033111904065,0.40776529908180237,0.0,0.0,1,3,0,1,0.2222222222222222,718,194,3.7010309278350517,2
0.021249074580336712,0.36920154094696045,0.0,0.0,0,0,0,1,0.0,1068,108,9.88888888888889,2
0.05666269176364649,0.44558602571487427,0.0,0.0,1,1,0,0,0.5333333333333333,451,156,2.891025641025641,2
0.061526226214315576,0.41508567333221436,0.1111111111111111,0.0,1,18,2,9,0.4,476,326,1.460122699386503,2
0.0411312923524834,0.36199653148651123,0.375,0.0,1,8,3,10,0.2,583,143,4.076923076923077,2
0.06324764673178095,0.3828638195991516,0.0,0.0,1,1,0,2,0.6,783,349,2.2435530085959887,2
0.028512376119317142,0.29127904772758484,0.0,0.0,1,3,0,11,0.2222222222222222,837,194,4.314432989690721,2
0.04703753767299578,0.3920617699623108,0.0,0.0,1,1,0,7,0.6666666666666666,213,41,5.195121951219512,2
0.07109035334047717,0.5147164463996887,1.0,0.0,1,1,1,2,0.4,1048,270,3.8814814814814813,2
0.06444460357999855,0.42898279428482056,0.0,0.0,1,12,0,1,0.5333333333333333,969,532,1.8214285714285714,2
0.055140238074698374,0.443135142326355,0.0,0.0,1,1,0,0,0.4666666666666667,198,156,1.2692307692307692,2
0.017612508167104187,0.3188892900943756,0.0,0.0,1,1,0,13,0.0,276,428,0.6448598130841121,2
0.0601832815814088,0.5027522444725037,0.2,0.0,1,15,3,10,0.5333333333333333,647,380,1.7026315789473685,2
0.03863555011153929,0.4481852948665619,0.0,0.0,1,2,0,5,0.5714285714285714,1789,158,11.322784810126583,2
0.0697934449904613,0.42552804946899414,0.2727272727272727,0.0,1,11,3,11,0.4666666666666667,663,351,1.8888888888888888,2
0.03166090526874538,0.4329822063446045,0.0,0.0,0,0,0,8,0.2,875,82,10.670731707317072,2
0.02539857018477783,0.3644739091396332,0.0,0.0,1,4,0,0,0.26666666666666666,1152,330,3.4909090909090907,2
0.05697968006522721,0.46364715695381165,0.0,0.0,1,3,0,3,0.5333333333333333,465,333,1.3963963963963963,2
0.08246133380918957,0.4239305555820465,0.375,0.0,1,8,3,7,0.6,644,497,1.295774647887324,2
0.0348279903805174,0.44877323508262634,0.625,0.0,1,8,5,17,0.2,488,193,2.528497409326425,2
0.07706725313181587,0.3746373653411865,0.25,0.0,1,16,4,11,0.4,1003,1015,0.9881773399014778,2
0.07994363499768731,0.47164154052734375,0.35714285714285715,0.0,1,14,5,9,0.5333333333333333,816,520,1.5692307692307692,2
0.08898195025101767,0.6256493330001831,1.0,0.0,1,1,1,18,1.0,1533,41,37.390243902439025,2
0.047676159129733484,0.3863109052181244,0.3333333333333333,0.0,1,3,1,11,0.3333333333333333,636,194,3.2783505154639174,2
0.07784868114817053,0.46022045612335205,0.0,0.0,0,0,0,2,0.4666666666666667,1695,666,2.545045045045045,2
0.03854498596866037,0.4057849943637848,0.25,0.0,1,4,1,20,0.3333333333333333,640,96,6.666666666666667,2
0.08025843043157252,0.4314357042312622,0.16666666666666666,0.0,1,18,3,10,0.6666666666666666,647,326,1.9846625766871167,2
0.06646572399661389,0.44446462392807007,0.3333333333333333,0.0,1,3,1,3,0.4666666666666667,315,333,0.9459459459459459,2
0.06117371030301094,0.3913709223270416,0.0,0.0,0,0,0,0,0.4666666666666667,638,300,2.1266666666666665,2
0.038319750297874856,0.4103327691555023,0.125,0.0,1,8,1,8,0.4,837,193,4.33678756476684,2
0.07150094860854904,0.47419965267181396,0.5,0.0,1,2,1,3,0.6,315,452,0.6969026548672567,2
0.04805032320027917,0.2926132380962372,0.125,0.0,1,16,2,11,0.3333333333333333,837,1015,0.8246305418719212,2
0.04434720376374377,0.39089345932006836,0.4666666666666667,0.0,1,15,7,14,0.4,680,380,1.7894736842105263,2
0.075411090850941,0.4368586838245392,0.0,0.0,1,1,0,1,0.5333333333333333,679,156,4.352564102564102,2
0.026727795043914662,0.3144831657409668,0.0,0.0,1,2,0,5,0.42857142857142855,741,158,4.689873417721519,2
0.09548040564823024,0.5732531547546387,1.0,0.0,1,1,1,2,0.8888888888888888,1058,125,8.464,2
0.04101079338922308,0.2890995144844055,0.25,0.0,1,4,1,12,0.2,580,456,1.2719298245614035,2
0.02374352012057058,0.41243308782577515,0.16666666666666666,0.0,1,6,1,3,0.18181818181818182,268,226,1.1858407079646018,2
0.03801394853674792,0.31829455494880676,0.4,0.0,1,5,2,20,0.13333333333333333,640,679,0.9425625920471281,2
0.05270583415612375,0.33775174617767334,0.25,0.0,1,4,1,25,0.4666666666666667,615,599,1.026711185308848,2
0.05831205226483493,0.35438627004623413,0.0,0.0,0,0,0,18,0.26666666666666666,604,349,1.7306590257879657,2
0.029818197436722545,0.40083786845207214,0.0,0.0,1,1,0,7,0.4,1246,118,10.559322033898304,2
0.03307993147803938,0.27325358986854553,0.0,0.0,1,3,0,12,0.4,982,774,1.268733850129199,2
0.022842311618994433,0.36108237504959106,0.0,0.0,0,0,0,1,0.14285714285714285,680,108,6.296296296296297,2
0.07440511139946004,0.40010273456573486,0.16666666666666666,0.0,1,6,1,9,0.4666666666666667,1000,440,2.272727272727273,2
0.014145828339116236,0.3370988070964813,0.0,0.0,1,8,0,1,0.1,636,143,4.4475524475524475,2
0.03736444707261165,0.3717476725578308,0.0,0.0,1,11,0,1,0.26666666666666666,235,351,0.6695156695156695,2
0.05997123743476145,0.36882755160331726,0.25,0.0,1,4,1,8,0.6363636363636364,926,193,4.7979274611398965,2
0.049830874821126594,0.43990129232406616,1.0,0.0,1,1,1,3,0.5333333333333333,1189,270,4.4037037037037035,2
0.04250848902993341,0.4523594081401825,0.3333333333333333,0.0,1,3,1,5,0.13333333333333333,570,333,1.7117117117117118,2
0.037482102720933386,0.28061312437057495,0.0,0.0,0,0,0,0,0.2,181,1038,0.174373795761079,2
0.027023509768551664,0.33164939284324646,0.0,0.0,1,1,0,1,0.06666666666666667,255,728,0.35027472527472525,2
0.07556992283085472,0.5466316342353821,0.0,0.0,0,0,0,2,0.26666666666666666,954,277,3.444043321299639,2
0.07751016218944815,0.41727104783058167,0.15384615384615385,0.0,1,13,2,8,0.4,736,491,1.4989816700610998,2
0.03828292424341773,0.3810604512691498,0.0,0.0,1,11,0,1,0.2,606,351,1.7264957264957266,2
0.04716552694272177,0.2846437394618988,0.0,0.0,1,4,0,2,0.26666666666666666,527,456,1.155701754385965,2
0.06785255459137625,0.46337443590164185,0.0,0.0,1,1,0,10,0.4,1305,270,4.833333333333333,2
0.06355361020451855,0.4520549774169922,0.25,0.0,1,4,1,9,0.6666666666666666,431,96,4.489583333333333,2
0.037581429676382526,0.44264495372772217,0.0,0.0,0,0,0,23,0.42857142857142855,2043,108,18.916666666666668,2
0.031919953609689196,0.3262351155281067,0.0,0.0,0,0,0,0,0.2,596,214,2.7850467289719627,2
0.03108300134109328,0.3881714940071106,0.0,0.0,1,1,0,8,0.2,331,270,1.2259259259259259,2
0.04751039168324932,0.41159164905548096,0.0,0.0,1,1,0,0,0.3333333333333333,1152,185,6.227027027027027,2
0.04600312260793409,0.5441226363182068,1.0,0.0,1,1,1,1,0.23076923076923078,578,169,3.4201183431952664,2
0.05098936620607575,0.34440046548843384,0.6666666666666666,0.3333333333333333,1,9,4,11,0.4,524,683,0.767203513909224,2
0.07543476685878948,0.43973249197006226,1.0,0.0,1,1,1,2,0.5333333333333333,613,575,1.0660869565217392,2
0.05831838177428514,0.3062189221382141,0.5,1.0,1,3,2,39,0.4666666666666667,2130,1079,1.974050046339203,2
0.08536406944040319,0.4597558379173279,0.6666666666666666,0.0,1,3,2,11,0.5333333333333333,663,333,1.990990990990991,2
0.09690959040844883,0.3936077654361725,0.0,0.0,0,0,0,2,0.5333333333333333,1058,565,1.8725663716814158,2
0.010197210667410637,0.39859238266944885,0.0,0.0,1,1,0,1,0.13333333333333333,180,349,0.5157593123209169,2
0.06830583174557922,0.5592179298400879,1.0,0.0,1,1,1,7,0.3333333333333333,683,270,2.5296296296296297,2
0.04564030777293203,0.34970414638519287,0.0,0.0,0,0,0,2,0.4666666666666667,1090,300,3.6333333333333333,2
0.06038931223360465,0.31694409251213074,0.0,0.0,1,4,0,7,0.4666666666666667,194,478,0.40585774058577406,2
0.035246339811190935,0.4499567151069641,0.0,0.0,1,1,0,1,0.2,255,185,1.3783783783783783,2
0.07822845074304141,0.40675172209739685,0.0,0.0,0,0,0,0,0.6,469,549,0.8542805100182149,2
0.033734346233232425,0.3113589584827423,0.0,0.0,1,5,0,1,0.2,501,679,0.7378497790868925,2
0.05508615523150449,0.42249801754951477,0.0,0.0,0,0,0,1,0.4,642,666,0.963963963963964,2
0.05349014408658614,0.4020204544067383,0.6666666666666666,0.0,1,3,2,11,0.4444444444444444,2164,194,11.154639175257731,2
0.07494946714293461,0.44397783279418945,0.75,0.0,1,4,3,5,0.3333333333333333,582,330,1.7636363636363637,2
0.06078565100235187,0.4489496648311615,0.0,0.0,1,1,0,14,0.4,409,428,0.955607476635514,2
0.08736901446096978,0.4876934289932251,1.0,0.0,1,1,1,1,0.6666666666666666,874,125,6.992,2
0.04797445417934874,0.3914285898208618,0.0,0.0,0,0,0,0,0.26666666666666666,476,300,1.5866666666666667,2
0.04781012391431635,0.5139603614807129,0.0,0.0,1,1,0,0,0.5555555555555556,603,125,4.824,2
0.07160707984772653,0.35540175437927246,0.5,0.5,1,2,1,9,0.3333333333333333,751,476,1.5777310924369747,2
0.07253115732531124,0.4524548649787903,0.46153846153846156,0.0,1,13,6,17,0.5333333333333333,433,491,0.8818737270875764,2
0.04040904728177765,0.3899277150630951,0.14285714285714285,0.0,1,7,1,3,0.5,268,139,1.9280575539568345,2
0.04322993575411596,0.4692307114601135,0.0,0.0,0,0,0,1,0.13333333333333333,703,277,2.5379061371841156,2
0.04096755707377126,0.2974628508090973,0.0,0.0,1,6,0,13,0.13333333333333333,409,555,0.736936936936937,2
0.05750478909928379,0.39676254987716675,0.4,0.0,1,5,2,11,0.5333333333333333,1371,578,2.3719723183391004,2
0.05826316869674477,0.45410487055778503,0.3333333333333333,0.0,1,6,2,9,0.5454545454545454,431,226,1.907079646017699,2
0.019019319056406126,0.354669988155365,0.0,0.0,1,8,0,1,0.1,235,143,1.6433566433566433,2
0.05911668842946293,0.4025885760784149,0.0,0.0,0,0,0,2,0.4,954,666,1.4324324324324325,2
0.07590215904267002,0.5460301041603088,1.0,0.0,1,1,1,7,1.0,1246,41,30.390243902439025,2
0.06641720422157997,0.33139199018478394,0.5,0.0,1,16,8,17,0.4666666666666667,707,1015,0.696551724137931,2
0.05022217523138684,0.3749484419822693,0.0,0.0,1,3,0,0,0.4,1152,333,3.4594594594594597,2
0.12652877515913183,0.436061829328537,0.0,0.0,0,0,0,2,0.9333333333333333,1058,549,1.9271402550091075,2
0.05131584078368762,0.3405942916870117,0.0,0.0,1,3,0,1,0.4,255,1079,0.23632993512511585,2
0.08290923705915472,0.5157797932624817,0.6666666666666666,0.0,1,3,2,7,0.5333333333333333,1206,333,3.6216216216216215,2
0.034209037243931074,0.3767397999763489,0.6666666666666666,0.0,1,3,2,13,0.1111111111111111,545,194,2.8092783505154637,2
0.07370400971288975,0.47980791330337524,1.0,0.0,1,1,1,2,0.4666666666666667,574,156,3.6794871794871793,2
0.06098159925534029,0.4712378680706024,0.0,0.0,1,1,0,8,1.0,837,41,20.414634146341463,2
0.0510865395131095,0.32005250453948975,0.5,0.0,1,4,2,11,0.2,1144,456,2.508771929824561,2
0.06545979786834877,0.46676644682884216,1.0,0.0,1,1,1,1,0.4,794,156,5.089743589743589,2
0.055657584763797924,0.36433306336402893,0.3333333333333333,0.0,1,6,2,6,0.3333333333333333,1495,440,3.397727272727273,2
0.05232952390026679,0.43546175956726074,0.0,0.0,0,0,0,13,0.5,1032,121,8.52892561983471,2
0.07798833396552164,0.4041384756565094,0.0,0.0,1,1,0,2,0.5333333333333333,954,349,2.7335243553008595,2
0.03200300011941755,0.41247135400772095,0.0,0.0,1,1,0,2,0.4,809,185,4.372972972972973,2
0.06243906747926584,0.45674067735671997,0.5,0.0,1,14,7,17,0.3333333333333333,707,520,1.3596153846153847,2
0.03781070200841133,0.38251638412475586,0.5,0.0,1,2,1,1,0.375,255,147,1.7346938775510203,2
0.03922963352813735,0.43053147196769714,0.0,0.0,0,0,0,1,0.6,407,465,0.875268817204301,2
0.02502927119366538,0.4167756140232086,0.0,0.0,1,1,0,1,0.4,501,118,4.245762711864407,2
0.050095710551663945,0.3129335939884186,0.0,0.0,1,3,0,4,0.4,1305,774,1.686046511627907,2
0.03937211652123633,0.3163478672504425,0.3076923076923077,0.0,1,13,4,20,0.4,662,415,1.5951807228915662,2
0.06806336775539493,0.4428280293941498,1.0,0.0,1,1,1,12,0.6,399,118,3.3813559322033897,2
0.01392121431954393,0.33160164952278137,0.0,0.0,1,2,0,0,0.2857142857142857,661,158,4.1835443037974684,2
0.031572431345903644,0.3739781975746155,0.0,0.0,1,1,0,0,0.06666666666666667,469,349,1.343839541547278,2
0.028398834228719676,0.36732202768325806,0.25,0.0,1,8,2,9,0.3,431,193,2.233160621761658,2
0.05440285298542329,0.4663107693195343,0.3333333333333333,0.0,1,15,5,20,0.4,662,380,1.7421052631578948,2
0.05270159372346807,0.4961065351963043,1.0,0.0,1,1,1,7,0.5333333333333333,683,185,3.691891891891892,2
0.038648815760431714,0.28468334674835205,0.0,0.0,1,6,0,1,0.2,606,664,0.9126506024096386,2
0.07673432127415736,0.36255499720573425,0.5,1.0,1,3,2,7,0.4666666666666667,790,1079,0.732159406858202,2
0.053328977920866494,0.3451143801212311,0.1875,0.0,1,16,3,9,0.3333333333333333,476,1015,0.4689655172413793,2
0.04211922133995524,0.3321167826652527,0.0,0.0,1,4,0,1,0.26666666666666666,1068,456,2.3421052631578947,2
0.05892352251164008,0.4373742341995239,0.0,0.0,0,0,0,1,0.4,553,666,0.8303303303303303,2
0.06345124275248903,0.35005608201026917,0.0,0.0,0,0,0,1,0.26666666666666666,642,565,1.1362831858407079,2
0.041613707622582735,0.3554816246032715,0.0,0.0,1,1,0,2,0.3333333333333333,527,270,1.951851851851852,2
0.06889409943917865,0.4336361587047577,0.25,0.0,1,4,1,8,0.6,837,478,1.7510460251046025,2
0.021510328198171887,0.3703185021877289,0.25,0.0,1,8,2,16,0.1,218,193,1.1295336787564767,2
0.051884031872285706,0.35182061791419983,0.6,0.0,1,10,6,17,0.4666666666666667,324,297,1.0909090909090908,2
0.032537665136750084,0.3877214193344116,0.0,0.0,1,2,0,5,0.42857142857142855,826,158,5.227848101265823,2
0.05431270702448906,0.521681547164917,0.0,0.0,1,1,0,0,0.3333333333333333,553,156,3.5448717948717947,2
0.028170981013929227,0.3176608681678772,0.0,0.0,1,4,0,1,0.18181818181818182,1068,193,5.533678756476684,2
0.05083277390178337,0.37708720564842224,0.0,0.0,1,1,0,1,0.3333333333333333,530,349,1.518624641833811,2
0.07257156043066208,0.47747802734375,0.5,0.0,1,2,1,7,0.4666666666666667,790,287,2.7526132404181185,2
0.05961277411037345,0.39688053727149963,0.16666666666666666,0.0,1,18,3,13,0.4666666666666667,545,326,1.6717791411042944,2
0.03234118728275842,0.3698436915874481,0.0,0.0,1,4,0,3,0.5,268,96,2.7916666666666665,2
0.08090670676153748,0.4605404734611511,0.14285714285714285,0.0,1,14,2,11,0.4666666666666667,636,520,1.2230769230769232,2
0.09001597387166148,0.4608767330646515,1.0,0.0,1,1,1,1,0.6,695,156,4.455128205128205,2
0.03385197361955749,0.3920670449733734,1.0,0.0,1,1,1,1,0.2,517,270,1.9148148148148147,2
0.02626754006647719,0.3325105905532837,0.0,0.0,0,0,0,4,0.26666666666666666,282,465,0.6064516129032258,2
0.0747898109634448,0.450366348028183,0.7142857142857143,0.0,1,7,5,18,0.625,604,139,4.345323741007194,2
0.05299909884342312,0.32902929186820984,0.16666666666666666,0.0,1,6,1,14,0.26666666666666666,409,555,0.736936936936937,2
0.07814932778583453,0.38602977991104126,0.15384615384615385,0.0,1,13,2,11,0.5333333333333333,1003,491,2.0427698574338087,2
0.06036808096635594,0.37273189425468445,0.5,0.0,1,4,2,10,0.26666666666666666,957,456,2.098684210526316,2
0.024495299516063843,0.3904019892215729,0.0,0.0,1,2,0,8,0.5714285714285714,907,158,5.7405063291139244,2
0.06473189383414536,0.5002771615982056,0.16666666666666666,0.0,1,6,1,18,0.5454545454545454,604,226,2.672566371681416,2
0.012201836391670324,0.38824722170829773,0.0,0.0,0,0,0,2,0.0,605,108,5.601851851851852,2
0.02733979983852816,0.41811317205429077,0.0,0.0,0,0,0,0,0.06666666666666667,469,666,0.7042042042042042,2
0.03330737625512107,0.36815130710601807,0.0,0.0,0,0,0,1,0.4,1211,121,10.008264462809917,2
0.04594435130207916,0.43556293845176697,1.0,0.0,1,1,1,5,0.26666666666666666,741,270,2.7444444444444445,2
0.04057645186614518,0.3349702060222626,0.0,0.0,1,6,0,3,0.26666666666666666,585,440,1.3295454545454546,2
0.05279054340567517,0.3323025107383728,0.3333333333333333,0.0,1,6,2,16,0.3333333333333333,218,555,0.3927927927927928,2
0.06018967519401342,0.3849833011627197,0.0,0.0,0,0,0,1,0.4,656,300,2.1866666666666665,2
0.06764204210939989,0.4019106328487396,0.23076923076923078,0.0,1,13,3,12,0.4,577,491,1.175152749490835,2
0.05778360165345899,0.4037463068962097,1.0,0.0,1,1,1,1,0.26666666666666666,578,745,0.7758389261744967,2
0.0738416770156093,0.3380770683288574,0.3125,0.0,1,16,5,12,0.4,577,1015,0.5684729064039409,2
0.06262887974587178,0.34437307715415955,0.0,0.0,0,0,0,0,0.4,603,565,1.0672566371681416,2
0.06134623323639743,0.3519623279571533,0.05555555555555555,0.0,1,18,1,8,0.5333333333333333,659,326,2.021472392638037,2
0.07574898233114578,0.5269555449485779,0.5,0.0,1,8,4,7,0.6,1206,390,3.0923076923076924,2
0.06973859513676174,0.4178718328475952,1.0,0.0,1,1,1,10,0.5333333333333333,805,428,1.8808411214953271,2
0.05793525659640277,0.4164002537727356,0.0,0.0,1,1,0,0,0.3333333333333333,603,349,1.7277936962750717,2
0.03454909387975897,0.3670966327190399,0.0,0.0,0,0,0,16,0.2,218,349,0.6246418338108882,2
0.054005378731277025,0.419517457485199,0.16666666666666666,0.0,1,6,1,8,0.36363636363636365,443,226,1.9601769911504425,2
0.05148460440649559,0.33929651975631714,0.8,0.0,1,5,4,25,0.13333333333333333,615,679,0.9057437407952872,2
0.02140844164683851,0.30405178666114807,0.3333333333333333,0.0,1,6,2,20,0.13333333333333333,640,555,1.1531531531531531,2
0.06222561036589447,0.40318241715431213,0.36363636363636365,0.0,1,11,4,19,0.6,542,351,1.5441595441595442,2
0.06727283689407015,0.5140938758850098,0.0,0.0,1,1,0,13,0.6666666666666666,899,185,4.859459459459459,2
0.027277484323172375,0.3591136634349823,0.0,0.0,0,0,0,17,0.2,324,64,5.0625,2
0.0670438150865304,0.455441951751709,0.0,0.0,1,14,0,1,0.3333333333333333,969,520,1.8634615384615385,2
0.04837840329261651,0.41799312829971313,1.0,0.0,1,1,1,3,0.2,367,270,1.3592592592592592,2
0.0453201042249683,0.33644747734069824,0.6666666666666666,0.0,1,3,2,12,0.2222222222222222,577,194,2.9742268041237114,2
0.06955944135099744,0.36363887786865234,1.0,0.0,1,4,4,13,0.2,2230,456,4.890350877192983,2
0.03656904100411405,0.35594820976257324,0.0,0.0,1,2,0,10,0.2857142857142857,1305,158,8.259493670886076,2
0.07590617559839952,0.5466316342353821,0.0,0.0,0,0,0,2,0.26666666666666666,954,277,3.444043321299639,2
0.07926514688330982,0.5378009676933289,0.0,0.0,0,0,0,1,0.4666666666666667,874,277,3.155234657039711,2
0.07425716020691181,0.5399246215820312,0.625,0.0,1,8,5,13,0.5333333333333333,899,390,2.305128205128205,2
0.01883153376623509,0.379476398229599,0.0,0.0,0,0,0,7,0.0,1006,82,12.268292682926829,2
0.05976697220298554,0.3934917151927948,0.7142857142857143,0.0,1,7,5,20,0.625,619,139,4.453237410071942,2
0.05265173592701365,0.3572204113006592,0.3333333333333333,0.0,1,6,2,16,0.2,218,319,0.6833855799373041,2
0.04869862332075558,0.4796565771102905,0.0,0.0,1,1,0,0,0.3333333333333333,683,156,4.378205128205129,2
0.07024832779403653,0.43504834175109863,0.16666666666666666,0.0,1,6,1,7,0.6363636363636364,213,226,0.9424778761061947,2
0.0663815997807793,0.38557523488998413,0.23076923076923078,0.0,1,13,3,8,0.4,659,491,1.3421588594704685,2
0.029043198840110925,0.3337096869945526,0.0,0.0,0,0,0,0,0.13333333333333333,288,300,0.96,2
0.05484318901948782,0.3393881022930145,0.0,0.0,1,5,0,4,0.3333333333333333,668,578,1.1557093425605536,2
0.056306756725811286,0.37859490513801575,0.3076923076923077,0.0,1,13,4,11,0.4,612,491,1.2464358452138493,2
0.05719544171750609,0.4108821749687195,0.0,0.0,0,0,0,1,0.4666666666666667,698,465,1.5010752688172042,2
0.03565783112063076,0.3854570984840393,0.0,0.0,1,11,0,1,0.2,255,351,0.7264957264957265,2
0.06439106385247906,0.46912726759910583,1.0,0.0,1,1,1,11,0.6,1144,270,4.237037037037037,2
0.03827319517415163,0.36657869815826416,0.0,0.0,1,1,0,2,0.13333333333333333,245,185,1.3243243243243243,2
0.08087988875338077,0.5198605060577393,0.0,0.0,1,1,0,12,0.6,1153,185,6.232432432432432,2
0.062150215964050404,0.491672545671463,0.0,0.0,0,0,0,0,0.3333333333333333,609,277,2.1985559566787005,2
0.07373853944230598,0.3752293586730957,0.23076923076923078,0.0,1,13,3,12,0.5333333333333333,706,491,1.4378818737270875,2
0.033990321118279154,0.36150848865509033,0.2,0.0,1,5,1,4,0.06666666666666667,618,679,0.9101620029455081,2
0.08048327660592927,0.500038743019104,0.0,0.0,1,1,0,0,0.5333333333333333,458,156,2.9358974358974357,2
0.030894295757043156,0.3966887295246124,0.0,0.0,0,0,0,1,0.2,295,465,0.6344086021505376,2
0.05713180394620281,0.5409770011901855,0.0,0.0,0,0,0,1,0.3333333333333333,553,277,1.9963898916967509,2
0.021602937111294834,0.3911513388156891,0.0,0.0,1,1,0,0,0.13333333333333333,358,204,1.7549019607843137,2
0.05850525927319161,0.38457730412483215,0.0,0.0,1,4,0,1,0.3333333333333333,1640,456,3.5964912280701755,2
0.04601321211683063,0.36871498823165894,0.3333333333333333,0.0,1,3,1,17,0.1111111111111111,488,194,2.515463917525773,2
0.06200453810269405,0.39149826765060425,0.0,0.0,1,13,0,1,0.4666666666666667,592,491,1.2057026476578412,2
0.05638527299584203,0.36791151762008667,0.25,0.0,1,4,1,18,0.6,535,478,1.1192468619246863,2
0.04730183047698075,0.4219038486480713,1.0,0.0,1,1,1,12,0.3333333333333333,580,270,2.1481481481481484,2
0.05676760289332491,0.4113285541534424,0.0,0.0,1,1,0,13,0.4,340,249,1.3654618473895583,2
0.030864499509966455,0.36990928649902344,0.13333333333333333,0.0,1,15,2,13,0.06666666666666667,276,380,0.7263157894736842,2
0.08666569087141592,0.47983142733573914,0.5,0.0,1,2,1,12,0.6,1153,452,2.5508849557522124,2
0.0735994341140079,0.48731866478919983,0.26666666666666666,0.0,1,15,4,19,0.5333333333333333,813,380,2.139473684210526,2
0.06848646006507636,0.4018879532814026,0.75,0.0,1,8,6,38,0.4,1805,143,12.622377622377622,2
0.03861989608835151,0.34298795461654663,0.0,0.0,1,1,0,1,0.2,489,728,0.6717032967032966,2
0.04894293193249419,0.3632543981075287,0.0,0.0,1,16,0,1,0.3333333333333333,519,1015,0.5113300492610837,2
0.03865007289934222,0.30896204710006714,0.0,0.0,0,0,0,2,0.3333333333333333,633,231,2.74025974025974,2
0.08636492003159246,0.5153902173042297,0.0,0.0,1,2,0,1,0.6666666666666666,642,665,0.9654135338345865,2
0.04430385026379261,0.357760488986969,0.0,0.0,0,0,0,20,0.3333333333333333,640,349,1.833810888252149,2
0.041152070361891654,0.29823753237724304,0.625,0.0,1,13,5,17,0.2,324,673,0.4814264487369985,2
0.06263604205710717,0.32385018467903137,0.5,0.0,1,3,1,5,0.4,1073,1079,0.9944392956441149,2
0.06453245182479986,0.4143936038017273,0.2777777777777778,0.0,1,18,5,13,0.26666666666666666,409,326,1.2546012269938651,2
0.04925783711625383,0.47224143147468567,0.0,0.0,1,1,0,0,0.4444444444444444,361,125,2.888,2
0.04104503089174884,0.3393878638744354,0.0,0.0,0,0,0,7,0.3333333333333333,1246,349,3.5702005730659025,2
0.04223037491373583,0.37192341685295105,0.0,0.0,1,11,0,2,0.2,641,351,1.8262108262108263,2
0.04489388157640726,0.3604901432991028,0.0,0.0,1,3,0,1,0.4666666666666667,489,1079,0.4531974050046339,2
0.08989676858549277,0.4515615403652191,0.0,0.0,0,0,0,0,0.7333333333333333,644,549,1.1730418943533698,2
0.08461275135411175,0.4617391526699066,0.0,0.0,1,2,0,0,0.6,603,665,0.9067669172932331,2
0.05575595066587685,0.39946720004081726,1.0,0.0,1,1,1,1,0.26666666666666666,578,696,0.8304597701149425,2
0.06407140216125913,0.4096549153327942,0.25,0.0,1,12,3,7,0.6,1006,532,1.8909774436090225,2
0.014462257727595771,0.37375834584236145,0.0,0.0,1,2,0,13,0.0,340,34,10.0,2
0.04496928138703271,0.2981014847755432,0.0,0.0,1,3,0,4,0.4666666666666667,1401,774,1.810077519379845,2
0.03373832289629026,0.35944151878356934,0.0,0.0,1,1,0,20,0.26666666666666666,640,428,1.4953271028037383,2
0.09529661126714097,0.4365387260913849,0.4166666666666667,0.0,1,12,5,18,0.6,473,532,0.8890977443609023,2
0.027201848138369376,0.36625275015830994,0.0,0.0,1,2,0,4,0.42857142857142855,918,158,5.810126582278481,2
0.03933147019297088,0.3616258502006531,0.0,0.0,1,14,0,1,0.2,641,520,1.2326923076923078,2
0.07808138008027675,0.36942151188850403,0.5,0.0,1,16,8,17,0.5333333333333333,488,1015,0.4807881773399015,2
0.03959710425212395,0.2900190055370331,0.0,0.0,1,6,0,0,0.2,490,440,1.1136363636363635,2
0.06871919934482386,0.4349915385246277,0.5,0.0,1,2,1,2,0.6666666666666666,608,665,0.9142857142857143,2
0.07119165408338782,0.4818345904350281,0.35714285714285715,0.0,1,14,5,19,0.4,997,520,1.9173076923076924,2
0.041396290505346864,0.44186216592788696,0.0,0.0,0,0,0,8,0.14285714285714285,857,108,7.935185185185185,2
0.07816903793732653,0.4876999258995056,0.75,0.0,1,8,6,12,0.4666666666666667,1153,390,2.9564102564102566,2
0.02606442764290498,0.38427674770355225,0.0,0.0,1,2,0,3,0.42857142857142855,1189,158,7.525316455696203,2
0.08829274834123323,0.43722015619277954,0.5,0.0,1,12,6,15,0.6,1855,532,3.486842105263158,2
0.046174042712716974,0.3128291070461273,0.0,0.0,0,0,0,12,0.4,1153,300,3.8433333333333333,2
0.03613796393447184,0.3328300416469574,0.0,0.0,1,6,0,4,0.26666666666666666,618,555,1.1135135135135135,2
0.03045196301371691,0.26036494970321655,0.0,0.0,1,4,0,0,0.2,255,456,0.5592105263157895,2
0.026927666271926245,0.415348619222641,0.0,0.0,1,8,0,14,0.3,409,193,2.1191709844559585,2
0.09106069014819904,0.4779278635978699,0.2727272727272727,0.0,1,11,3,12,0.4666666666666667,1153,351,3.284900284900285,2
0.05713300260074851,0.3907497823238373,0.6666666666666666,0.0,1,3,2,8,0.3333333333333333,875,194,4.510309278350515,2
0.02081608182979782,0.39216166734695435,1.0,0.0,1,1,1,1,0.3333333333333333,180,79,2.278481012658228,2
0.04066338393191223,0.4082307517528534,0.5,0.0,1,4,2,10,0.26666666666666666,781,330,2.3666666666666667,2
0.055554145270411984,0.383425235748291,0.0,0.0,0,0,0,39,0.6,2130,465,4.580645161290323,2
0.030973410259758707,0.2941124737262726,0.2,0.0,1,5,1,13,0.0,276,679,0.406480117820324,2
0.0429301428830653,0.2837900221347809,0.0,0.0,1,3,0,8,0.26666666666666666,786,774,1.0155038759689923,2
0.027610309453311638,0.3414524495601654,0.0,0.0,1,4,0,1,0.36363636363636365,1011,193,5.238341968911917,2
0.06646987731349562,0.3945158123970032,0.3333333333333333,0.0,1,3,1,13,0.6666666666666666,1032,194,5.319587628865979,2
0.034362417982014774,0.33910778164863586,0.0,0.0,0,0,0,2,0.2,1304,300,4.346666666666667,2
0.06141923978106745,0.4797702729701996,0.0,0.0,0,0,0,0,0.3333333333333333,609,277,2.1985559566787005,2
0.0489831763060185,0.4385403096675873,0.21428571428571427,0.0,1,14,3,10,0.4666666666666667,1449,520,2.7865384615384614,2
0.016850530827834297,0.2515316605567932,0.5,0.0,1,6,3,17,0.2,324,695,0.46618705035971225,2
0.047875399981988954,0.35750728845596313,0.0,0.0,1,1,0,1,0.2,659,728,0.9052197802197802,2
0.031594241746939734,0.26821520924568176,0.0,0.0,1,6,0,0,0.2,515,555,0.9279279279279279,2
0.02053067731175414,0.438816636800766,0.125,0.0,1,8,1,1,0.2,489,390,1.2538461538461538,2
0.024274956248702684,0.380952924489975,0.0,0.0,0,0,0,9,0.0,200,82,2.4390243902439024,2
0.057557944299467007,0.39801737666130066,0.0,0.0,1,4,0,1,0.4,521,478,1.0899581589958158,2
0.08660631624019595,0.3866325318813324,0.0,0.0,1,2,0,7,0.4,502,476,1.0546218487394958,2
0.04614362467710726,0.3431392312049866,0.0,0.0,1,3,0,1,0.5333333333333333,571,774,0.7377260981912145,2
0.04794657945088891,0.3382096290588379,0.07692307692307693,0.0,1,13,1,7,0.26666666666666666,213,415,0.5132530120481927,2
0.04469330092842229,0.46418747305870056,0.0,0.0,1,1,0,0,0.2,614,270,2.274074074074074,2
0.0607446308603594,0.3934839367866516,1.0,0.0,1,3,3,36,0.3333333333333333,714,194,3.6804123711340204,2
0.04524198396741228,0.38506385684013367,0.75,0.0,1,4,3,20,0.6,640,478,1.3389121338912133,2
0.07486390426230433,0.427143931388855,1.0,0.0,1,1,1,7,0.7333333333333333,1246,428,2.911214953271028,2
0.03995673325875175,0.3345942199230194,0.16666666666666666,0.0,1,6,1,11,0.26666666666666666,1003,555,1.8072072072072072,2
0.054500168256775915,0.2960395812988281,0.5,0.0,1,2,1,13,0.2,340,650,0.5230769230769231,2
0.01449027595935816,0.36667826771736145,0.0,0.0,1,2,0,0,0.14285714285714285,332,158,2.1012658227848102,2
0.08516863602970227,0.4972829222679138,0.42857142857142855,0.0,1,14,6,18,0.6666666666666666,473,520,0.9096153846153846,2
0.036463344478136546,0.3503269553184509,0.3333333333333333,0.0,1,3,1,8,0.2222222222222222,659,194,3.3969072164948453,2
0.09987880003726962,0.4416864514350891,0.3333333333333333,0.0,1,12,4,9,0.5333333333333333,816,532,1.5338345864661653,2
0.0547459644120874,0.3979323208332062,0.5,0.0,1,4,2,7,0.5333333333333333,1246,478,2.6066945606694563,2
0.05051399216707089,0.4321221709251404,0.0,0.0,0,0,0,3,0.3333333333333333,1797,277,6.487364620938628,2
0.07397481923461141,0.4733597934246063,0.3333333333333333,0.0,1,3,1,7,0.6,790,333,2.3723723723723724,2
0.07476436127257866,0.47987207770347595,0.6666666666666666,0.0,1,3,2,6,0.3333333333333333,434,333,1.3033033033033032,2
0.07002019680555818,0.4527924060821533,0.0,0.0,1,1,0,11,0.6666666666666666,663,185,3.5837837837837836,2
0.043199986779164,0.3250686824321747,0.0,0.0,1,8,0,10,0.3333333333333333,805,317,2.5394321766561516,2
0.05480727284342671,0.3869243264198303,0.0,0.0,1,4,0,1,0.26666666666666666,1657,456,3.633771929824561,2
0.05032125352327976,0.3152063190937042,0.0,0.0,1,6,0,8,0.26666666666666666,443,555,0.7981981981981981,2
0.07044812882604438,0.45044687390327454,0.3333333333333333,0.0,1,15,5,12,0.4,399,380,1.05,2
0.0540162988235221,0.4558389186859131,0.0,0.0,0,0,0,21,0.5,990,121,8.181818181818182,2
0.07693721582883269,0.4863377511501312,0.0,0.0,1,1,0,1,0.7333333333333333,746,156,4.782051282051282,2
0.09294721683835756,0.4016514718532562,1.0,0.0,1,1,1,1,0.5333333333333333,300,575,0.5217391304347826,2
0.04156653030525134,0.45592522621154785,0.0,0.0,1,1,0,0,0.3333333333333333,358,125,2.864,2
0.04707763044373278,0.39614346623420715,1.0,0.0,1,1,1,1,0.5,578,219,2.6392694063926943,2
0.02853201319062073,0.3900500237941742,1.0,0.0,1,1,1,18,0.2,604,118,5.11864406779661,2
0.10712724422018247,0.41272780299186707,1.0,0.0,1,1,1,1,0.6,874,575,1.52,2
0.03711058281915111,0.4238857328891754,0.5,0.0,1,2,1,8,0.2857142857142857,857,158,5.424050632911392,2
0.04259151783017836,0.38157790899276733,0.0,0.0,0,0,0,1,0.4666666666666667,358,549,0.6520947176684881,2
0.03785723537420089,0.48388347029685974,0.0,0.0,1,1,0,3,0.4,465,185,2.5135135135135136,2
0.03648695281180182,0.48146793246269226,0.0,0.0,0,0,0,36,0.2,714,82,8.707317073170731,2
0.051959263845641646,0.398467093706131,0.0,0.0,0,0,0,0,0.2,358,666,0.5375375375375375,2
0.06190400351168217,0.39468392729759216,1.0,0.0,1,1,1,1,0.26666666666666666,578,706,0.8186968838526912,2
0.08248405412772884,0.4875018894672394,1.0,0.0,1,1,1,1,0.5333333333333333,750,156,4.8076923076923075,2
0.040230556337420544,0.33386027812957764,0.23076923076923078,0.0,1,13,3,21,0.2,443,415,1.0674698795180724,2
0.04407904184886814,0.28840023279190063,0.0,0.0,0,0,0,3,0.26666666666666666,557,214,2.602803738317757,2
0.042809862867615636,0.3973599374294281,0.0,0.0,1,8,0,1,0.26666666666666666,501,317,1.5804416403785488,2
0.02749583889326107,0.3218690752983093,0.25,0.0,1,4,1,11,0.4,524,216,2.425925925925926,2
0.04589167461836394,0.3350134491920471,0.0,0.0,1,4,0,1,0.13333333333333333,772,456,1.6929824561403508,2
0.04398073558105791,0.4003843367099762,0.0,0.0,1,2,0,13,0.2857142857142857,902,158,5.708860759493671,2
0.08281757610134333,0.3596135079860687,0.0,0.0,1,16,0,1,0.6666666666666666,718,1015,0.7073891625615764,2
0.07884788902873095,0.4170854687690735,0.08333333333333333,0.0,1,12,1,4,0.5333333333333333,668,532,1.255639097744361,2
0.08653284338918328,0.3902497887611389,1.0,0.0,1,1,1,2,0.6666666666666666,536,575,0.9321739130434783,2
0.062184145082998306,0.5124107003211975,0.0,0.0,1,1,0,0,0.6666666666666666,924,156,5.923076923076923,2
0.06434501463443025,0.4142254889011383,0.0,0.0,1,1,0,0,0.4,644,349,1.845272206303725,2
0.04959537343641614,0.4521135985851288,0.0,0.0,0,0,0,1,0.6,578,102,5.666666666666667,2
0.015009502767779659,0.32416611909866333,0.0,0.0,0,0,0,0,0.06666666666666667,219,465,0.47096774193548385,2
0.013739552793597527,0.268008291721344,0.25,0.0,1,4,1,2,0.13333333333333333,809,330,2.4515151515151516,2
0.035365225837372144,0.31170758605003357,0.0,0.0,0,0,0,0,0.26666666666666666,1685,214,7.873831775700935,2
0.021476259631925138,0.38384851813316345,0.0,0.0,1,2,0,1,0.42857142857142855,1011,158,6.39873417721519,2
0.037263448359592284,0.3552519381046295,0.0,0.0,0,0,0,1,0.26666666666666666,180,565,0.3185840707964602,2
0.04642267152747689,0.4020398259162903,1.0,0.0,1,1,1,1,0.5333333333333333,358,287,1.2473867595818815,2
0.04566077816814467,0.3835338354110718,0.5,0.0,1,8,4,13,0.2,899,143,6.286713286713287,2
0.07240701869790653,0.3405640423297882,1.0,0.0,1,6,6,30,0.5333333333333333,2104,664,3.1686746987951806,2
0.07058200096122275,0.4747388958930969,0.0,0.0,1,1,0,1,0.6,643,156,4.121794871794871,2
0.0507610621306009,0.40254315733909607,0.3333333333333333,0.0,1,3,1,3,0.5555555555555556,558,194,2.8762886597938144,2
0.053920680892915185,0.3643391728401184,0.75,0.0,1,4,3,32,0.2,1931,456,4.234649122807017,2
0.030210847318661038,0.4072023332118988,0.0,0.0,1,2,0,17,0.2857142857142857,1626,158,10.291139240506329,2
0.04710636801074661,0.2903198003768921,0.0,0.0,1,3,0,1,0.4,1148,774,1.483204134366925,2
0.028534260893261037,0.39587104320526123,0.0,0.0,0,0,0,2,0.0,1048,108,9.703703703703704,2
0.052216309241560364,0.44991177320480347,1.0,0.0,1,1,1,1,0.4444444444444444,358,125,2.864,2
0.03335084803033501,0.2908490300178528,0.0,0.0,1,6,0,0,0.13333333333333333,467,664,0.7033132530120482,2
0.07237922042834935,0.45471200346946716,0.21428571428571427,0.0,1,14,3,12,0.5333333333333333,706,520,1.3576923076923078,2
0.06059757200976285,0.49173274636268616,1.0,0.0,1,1,1,23,0.6666666666666666,2043,270,7.566666666666666,2
0.023347058793495534,0.3052375316619873,0.0,0.0,1,6,0,1,0.2,519,555,0.9351351351351351,2
0.02742758611157325,0.381904274225235,0.6666666666666666,0.0,1,3,2,7,0.2222222222222222,1006,194,5.185567010309279,2
0.060559369172616645,0.40333104133605957,0.5555555555555556,0.0,1,9,5,17,0.2,324,306,1.0588235294117647,2
0.04125151589136939,0.34658917784690857,0.0,0.0,1,6,0,1,0.2,1140,440,2.590909090909091,2
0.06113124867774614,0.35639795660972595,0.0,0.0,0,0,0,2,0.26666666666666666,331,666,0.496996996996997,2
0.05393591639506138,0.2934025526046753,0.0,0.0,0,0,0,10,0.3333333333333333,805,349,2.306590257879656,2
0.08368671947965042,0.3799142837524414,0.2222222222222222,0.0,1,18,4,12,0.5333333333333333,565,326,1.7331288343558282,2
0.04166494943182842,0.3978269100189209,0.0,0.0,1,2,0,1,0.42857142857142855,739,158,4.677215189873418,2
0.05759606342871055,0.3660980463027954,0.25,0.0,1,4,1,2,0.3333333333333333,1064,456,2.3333333333333335,2
0.04264567981447733,0.31558164954185486,0.0,0.0,1,3,0,12,0.3333333333333333,1633,774,2.1098191214470283,2
0.03955822426294227,0.370185911655426,0.6666666666666666,0.0,1,3,2,17,0.2222222222222222,707,194,3.6443298969072164,2
0.025015163645882327,0.3192383050918579,0.07692307692307693,0.0,1,13,1,16,0.13333333333333333,218,415,0.5253012048192771,2
0.05130701942287947,0.2985655665397644,0.5,0.0,1,4,2,12,0.13333333333333333,399,599,0.666110183639399,2
0.07174757231339281,0.3768678903579712,0.25,0.0,1,16,4,7,0.4,440,1015,0.43349753694581283,2
0.05176653112182423,0.3225179612636566,0.0,0.0,1,6,0,1,0.3333333333333333,521,555,0.9387387387387387,2
0.07957514882819046,0.41953974962234497,0.3888888888888889,0.0,1,18,7,21,0.6,990,326,3.03680981595092,2
0.055861885960826724,0.4581027925014496,0.0,0.0,0,0,0,3,0.4,599,121,4.950413223140496,2
0.054361773899667884,0.4843749403953552,0.0,0.0,1,1,0,0,0.5333333333333333,1591,185,8.6,2
0.07329502399967801,0.4520707130432129,0.3333333333333333,0.0,1,3,1,12,0.4666666666666667,1153,333,3.4624624624624625,2
0.06678593444875812,0.4965759217739105,1.0,0.0,1,1,1,4,0.6,918,270,3.4,2
0.04107547344091737,0.3803247809410095,0.0,0.0,1,4,0,1,0.2,684,456,1.5,2
0.08150832232703138,0.35233867168426514,1.0,1.0,1,2,2,36,0.4666666666666667,714,476,1.5,2
0.029361803249861693,0.42483311891555786,0.0,0.0,0,0,0,10,0.0,1305,108,12.083333333333334,2
0.02012390456692979,0.26175907254219055,0.0,0.0,0,0,0,0,0.2,512,231,2.2164502164502164,2
0.025723468429188944,0.3402666747570038,0.0,0.0,1,8,0,2,0.1,245,143,1.7132867132867133,2
0.015499355531700867,0.354068398475647,0.0,0.0,0,0,0,0,0.0,661,108,6.12037037037037,2
0.06015704589758655,0.4889977276325226,1.0,0.0,1,1,1,2,0.4666666666666667,657,156,4.211538461538462,2
0.08445919010210841,0.43572816252708435,0.0,0.0,0,0,0,0,0.3333333333333333,644,666,0.9669669669669669,2
0.04639550240042748,0.31248167157173157,0.2,0.0,1,5,1,21,0.2,443,679,0.6524300441826215,2
0.017134679200888694,0.3322368264198303,0.0,0.0,0,0,0,1,0.0,586,108,5.425925925925926,2
0.08790998975999204,0.47220873832702637,0.5,0.0,1,4,2,18,0.5714285714285714,748,203,3.684729064039409,2
0.0694127665482726,0.37360331416130066,0.0,0.0,0,0,0,2,0.7333333333333333,331,549,0.6029143897996357,2
0.028792904724389563,0.3987550139427185,0.0,0.0,1,1,0,21,0.3333333333333333,443,41,10.804878048780488,2
0.083479513295601,0.3023841381072998,0.0,0.0,1,3,0,5,0.4666666666666667,608,1079,0.5634847080630213,2
0.0853062094712284,0.3899341821670532,0.0,0.0,1,1,0,1,0.6,602,575,1.0469565217391303,2
0.08125253435603272,0.4430381655693054,0.23076923076923078,0.0,1,13,3,11,0.6666666666666666,1371,491,2.7922606924643585,2
0.05487355303244119,0.4194338321685791,0.3333333333333333,0.0,1,3,1,10,0.4,781,333,2.3453453453453452,2
0.06946298791283818,0.4632374942302704,0.4,0.0,1,15,6,18,0.5333333333333333,1533,380,4.03421052631579,2
0.09817458002678114,0.5007604360580444,0.0,0.0,1,1,0,1,0.6666666666666666,702,156,4.5,2
0.06815454115491336,0.4343110918998718,0.15384615384615385,0.0,1,13,2,4,0.4,668,491,1.3604887983706722,2
0.03387609866561032,0.34564414620399475,0.3076923076923077,0.0,1,13,4,9,0.13333333333333333,295,415,0.7108433734939759,2
0.0452379264290898,0.4133170247077942,0.3333333333333333,0.0,1,6,2,20,0.45454545454545453,619,226,2.7389380530973453,2
0.03201385860893102,0.42786139249801636,0.0,0.0,0,0,0,17,0.2,352,64,5.5,2
0.03588177196213962,0.3022100329399109,0.16666666666666666,0.0,1,6,1,20,0.2,662,555,1.1927927927927928,2
0.03170331207134967,0.2891847789287567,0.0,0.0,1,4,0,2,0.2727272727272727,527,193,2.7305699481865284,2
0.02094676546591855,0.4433326721191406,0.0,0.0,0,0,0,1,0.0,565,108,5.231481481481482,2
0.02680226048107221,0.275606632232666,0.0,0.0,0,0,0,8,0.0,331,108,3.064814814814815,2
0.049698214153604606,0.3370790183544159,0.0,0.0,1,2,0,21,0.3333333333333333,443,476,0.930672268907563,2
0.056506787807032194,0.3864356279373169,0.15384615384615385,0.0,1,13,2,7,0.5333333333333333,1006,491,2.0488798370672097,2
0.06771943723488602,0.5442876219749451,1.0,0.0,1,1,1,13,0.4,902,270,3.3407407407407406,2
0.033145700334216,0.4143353998661041,0.0,0.0,1,4,0,7,0.5,1246,96,12.979166666666666,2
0.055632540524507904,0.4063887894153595,0.05555555555555555,0.0,1,18,1,1,0.4666666666666667,592,326,1.8159509202453987,2
0.03669705099670716,0.31481578946113586,0.0,0.0,0,0,0,2,0.26666666666666666,651,214,3.042056074766355,2
0.029306087031310317,0.37854766845703125,0.0,0.0,0,0,0,3,0.4,599,82,7.304878048780488,2
0.03307759131548393,0.3782211244106293,0.0,0.0,0,0,0,1,0.4666666666666667,1640,465,3.5268817204301075,2
0.08326987847896342,0.4757271707057953,0.2857142857142857,0.0,1,14,4,12,0.4666666666666667,565,520,1.0865384615384615,2
0.04200906538387963,0.44033336639404297,0.5714285714285714,0.0,1,7,4,20,0.25,640,139,4.60431654676259,2
0.05182973550958667,0.34877851605415344,0.16666666666666666,0.0,1,6,1,17,0.3333333333333333,488,555,0.8792792792792793,2
0.0638469656905189,0.4561019241809845,0.0,0.0,1,2,0,0,0.26666666666666666,358,665,0.5383458646616541,2
0.0449563942555224,0.39009538292884827,0.0,0.0,1,3,0,1,0.26666666666666666,489,333,1.4684684684684686,2
0.03295788659479379,0.34707415103912354,0.0,0.0,0,0,0,1,0.26666666666666666,501,349,1.4355300859598854,2
0.03751176141152997,0.3984910249710083,0.8333333333333334,0.0,1,6,5,20,0.45454545454545453,640,226,2.831858407079646,2
0.0702553672692803,0.6131234765052795,1.0,0.0,1,1,1,14,0.6666666666666666,680,41,16.585365853658537,2
0.0635299181096362,0.450260728597641,0.6666666666666666,0.0,1,3,2,39,0.6,2130,333,6.396396396396397,2
0.057523767786206687,0.36013519763946533,0.0,0.0,0,0,0,1,0.4,578,391,1.4782608695652173,2
0.06620617852222564,0.3911347985267639,0.3333333333333333,0.0,1,12,4,14,0.5333333333333333,731,532,1.3740601503759398,2
0.0700144404462272,0.5032312273979187,0.0,0.0,0,0,0,1,0.2,436,277,1.5740072202166064,2
0.06399263101941635,0.512246310710907,1.0,0.0,1,1,1,1,0.4666666666666667,407,270,1.5074074074074073,2
0.05406271382972323,0.34086722135543823,0.0,0.0,1,1,0,0,0.26666666666666666,1152,728,1.5824175824175823,2
0.04906497929305165,0.47784096002578735,0.0,0.0,1,1,0,0,0.6666666666666666,579,125,4.632,2
0.046990871848787016,0.3177061080932617,0.0,0.0,1,3,0,2,0.2,809,1079,0.7497683039851715,2
0.034809317123405396,0.2227821797132492,0.25,0.0,1,4,1,8,0.2,331,456,0.7258771929824561,2
0.05226508834469693,0.4658316969871521,1.0,0.0,1,1,1,2,0.3333333333333333,1695,79,21.455696202531644,2
0.07012210106989443,0.4552913308143616,0.5,0.0,1,2,1,6,0.4,434,287,1.5121951219512195,2
0.06790018655641772,0.38276270031929016,0.5,0.5,1,2,1,11,0.26666666666666666,636,476,1.3361344537815125,2
0.035193887653611054,0.3781798183917999,0.5,0.0,1,2,1,5,0.2,570,287,1.9860627177700347,2
0.06151006552045298,0.36565107107162476,0.07692307692307693,0.0,1,13,1,1,0.5333333333333333,1211,491,2.4663951120162935,2
0.054575757403766426,0.4113180637359619,0.0,0.0,1,1,0,0,0.6,582,287,2.0278745644599305,2
0.05841592071018069,0.5035240054130554,0.0,0.0,0,0,0,1,0.26666666666666666,708,277,2.555956678700361,2
0.11576833611796414,0.4302145838737488,0.9166666666666666,0.0,1,12,11,36,0.6666666666666666,714,532,1.3421052631578947,2
0.0903835628850263,0.5059335827827454,1.0,0.0,1,1,1,5,0.7333333333333333,2112,330,6.4,2
0.04441156737297503,0.47763341665267944,0.0,0.0,0,0,0,2,0.06666666666666667,331,277,1.1949458483754514,2
0.04907909904137009,0.3267554044723511,0.0,0.0,1,5,0,1,0.3333333333333333,1211,578,2.0951557093425603,2
0.08910740707296191,0.49910688400268555,0.5,0.0,1,2,1,7,0.6666666666666666,790,452,1.747787610619469,2
0.039967064139320906,0.42344093322753906,0.2857142857142857,0.0,1,7,2,9,0.625,431,139,3.1007194244604315,2
0.05518593768917384,0.39105555415153503,0.0,0.0,1,1,0,8,0.26666666666666666,443,428,1.0350467289719627,2
0.0349787280738824,0.4343993067741394,0.25,0.0,1,8,2,7,0.3,502,193,2.6010362694300517,2
0.044494148007162095,0.36583778262138367,0.0,0.0,1,2,0,9,0.4,487,476,1.023109243697479,2
0.07906070391598094,0.4731122851371765,0.375,0.0,1,8,3,5,0.4,608,390,1.558974358974359,2
0.06129815553718303,0.42360782623291016,0.3333333333333333,0.0,1,3,1,2,0.5333333333333333,688,333,2.066066066066066,2
0.041140439125903185,0.4651567041873932,0.25,0.0,1,4,1,7,0.3333333333333333,213,96,2.21875,2
0.053269736722699246,0.33544567227363586,0.0,0.0,0,0,0,0,0.3076923076923077,358,248,1.4435483870967742,2
0.05896595410345408,0.5338320136070251,0.75,0.0,1,4,3,25,0.6666666666666666,615,96,6.40625,2
0.06341280736829101,0.4543028473854065,0.25,0.0,1,8,2,2,0.6666666666666666,1350,390,3.4615384615384617,2
0.042891104408101906,0.40925487875938416,0.2,0.0,1,15,3,13,0.2,409,380,1.0763157894736841,2
0.010482552082521208,0.3337821662425995,0.0,0.0,1,8,0,1,0.1,255,143,1.7832167832167831,2
0.0541569932202814,0.37732231616973877,1.0,0.0,1,1,1,14,0.4,680,428,1.588785046728972,2
0.07913956715616757,0.4043446481227875,0.0,0.0,1,1,0,2,0.5333333333333333,954,349,2.7335243553008595,2
0.04032008817543777,0.38229280710220337,0.0,0.0,1,11,0,1,0.26666666666666666,489,351,1.393162393162393,2
0.05591650870334824,0.39324378967285156,0.0,0.0,0,0,0,8,0.3,875,121,7.231404958677686,2
0.054322407327978356,0.36060115694999695,0.0,0.0,1,5,0,3,0.4666666666666667,599,578,1.0363321799307958,2
0.05984169386535961,0.4435872435569763,0.0,0.0,1,14,0,3,0.6,599,520,1.1519230769230768,2
0.07968787457143527,0.47670236229896545,0.0,0.0,1,2,0,0,0.8,582,665,0.8751879699248121,2
0.07045793964969597,0.5519877076148987,1.0,0.0,1,1,1,2,0.7777777777777778,1695,125,13.56,2
0.0659970831907948,0.37729355692863464,0.5,0.5,1,2,1,11,0.26666666666666666,612,476,1.2857142857142858,2
0.03797312763128848,0.31355249881744385,0.4,0.0,1,5,2,20,0.13333333333333333,640,679,0.9425625920471281,2
0.07305100943680161,0.49061816930770874,0.6666666666666666,0.0,1,3,2,6,0.3333333333333333,430,333,1.2912912912912913,2
0.04246991235746933,0.27162349224090576,0.4,0.5,1,7,3,11,0.2,524,715,0.7328671328671329,2
0.04355999495112144,0.28930771350860596,0.0,0.0,0,0,0,4,0.2,666,214,3.1121495327102804,2
0.05118088743472354,0.43979936838150024,0.0,0.0,1,15,0,1,0.5333333333333333,592,380,1.5578947368421052,2
0.06736419128064278,0.4858284592628479,0.0,0.0,1,1,0,0,0.7333333333333333,609,156,3.9038461538461537,2
0.05582278478329121,0.36327308416366577,0.0,0.0,1,2,0,0,0.4,1152,452,2.5486725663716814,2
0.05696007083361798,0.42883676290512085,0.08333333333333333,0.0,1,12,1,9,0.3333333333333333,487,532,0.9154135338345865,2
0.041778282232096106,0.3785763680934906,0.0,0.0,0,0,0,11,0.4,636,82,7.7560975609756095,2
0.043406003197061234,0.4151723086833954,0.42857142857142855,0.0,1,7,3,20,0.625,662,139,4.762589928057554,2
0.07057651816066488,0.3754774034023285,0.5,0.0,1,3,1,12,0.2,1153,1079,1.0685820203892493,2
0.05420458309246595,0.39774301648139954,0.0,0.0,0,0,0,1,0.5333333333333333,646,300,2.1533333333333333,2
0.047763017775928895,0.34819111227989197,0.0,0.0,1,6,0,1,0.2,929,440,2.1113636363636363,2
0.06869100900664137,0.4125085771083832,0.25,0.0,1,4,1,11,0.6666666666666666,663,330,2.0090909090909093,2
0.050440270519526445,0.34875917434692383,0.0,0.0,1,6,0,8,0.6666666666666666,837,319,2.623824451410658,2
0.0475778900187913,0.33777230978012085,0.0,0.0,1,5,0,0,0.4666666666666667,863,578,1.4930795847750864,2
0.05192123887491465,0.3167215585708618,0.16666666666666666,0.0,1,6,1,20,0.4666666666666667,619,319,1.9404388714733543,2
0.047993731192133016,0.45987069606781006,0.0,0.0,0,0,0,13,0.2,545,121,4.5041322314049586,2
0.0398411412603176,0.3943949341773987,1.0,0.0,1,1,1,1,0.3333333333333333,578,317,1.8233438485804416,2
0.059507350881958784,0.36733052134513855,0.5,0.0,1,4,2,18,0.3333333333333333,535,599,0.8931552587646077,2
0.043526900106598765,0.40942561626434326,0.16666666666666666,0.0,1,6,1,4,0.2727272727272727,618,226,2.734513274336283,2
0.06233522202728737,0.48841601610183716,1.0,0.0,1,1,1,1,0.4666666666666667,578,310,1.864516129032258,2
0.05080546482920638,0.3037925362586975,0.07692307692307693,0.0,1,13,1,14,0.3333333333333333,409,415,0.9855421686746988,2
0.061773834150774996,0.32903867959976196,0.2777777777777778,0.0,1,18,5,17,0.26666666666666666,352,852,0.4131455399061033,2
0.08011679144841526,0.44192028045654297,0.0,0.0,1,2,0,11,0.5333333333333333,663,452,1.4668141592920354,2
0.07113361106867436,0.3893149495124817,1.0,0.0,1,4,4,5,0.2,953,456,2.0899122807017543,2
0.09201422665107674,0.4686063826084137,0.8181818181818182,0.0,1,11,9,30,0.6666666666666666,2104,351,5.994301994301995,2
0.07974420681487002,0.5083751678466797,1.0,0.0,1,1,1,2,0.6,775,156,4.967948717948718,2
0.08168906161452788,0.3823065161705017,0.38461538461538464,0.0,1,13,5,13,0.4,409,491,0.8329938900203666,2
0.07149966562375101,0.3940252661705017,0.08333333333333333,0.0,1,12,1,9,0.4666666666666667,644,532,1.2105263157894737,2
0.033654709297563604,0.3084178864955902,0.0,0.0,0,0,0,3,0.26666666666666666,464,214,2.1682242990654204,2
0.020606388279694705,0.2929821014404297,0.0,0.0,1,4,0,13,0.13333333333333333,276,478,0.5774058577405857,2
0.02447246862352066,0.36090826988220215,0.0,0.0,1,2,0,4,0.2857142857142857,642,158,4.063291139240507,2
0.044288889506737344,0.28589579463005066,0.0,0.0,1,6,0,2,0.4,527,440,1.1977272727272728,2
0.055809163721949155,0.33461669087409973,0.0,0.0,1,1,0,7,0.4,213,428,0.4976635514018692,2
0.023099477455849636,0.320210725069046,0.0,0.0,1,4,0,13,0.16666666666666666,276,96,2.875,2
0.05828898585383232,0.3580126166343689,0.0,0.0,1,4,0,5,0.5454545454545454,760,193,3.937823834196891,2
0.020599796807694595,0.376586377620697,0.0,0.0,0,0,0,1,0.0,558,108,5.166666666666667,2
0.05757264619945489,0.39903438091278076,0.5,0.0,1,8,4,12,0.3,1153,143,8.062937062937063,2
0.021165329769265967,0.3592197000980377,0.0,0.0,1,2,0,1,0.2857142857142857,714,158,4.518987341772152,2
0.03048261785827232,0.37506699562072754,0.09090909090909091,0.0,1,11,1,5,0.06666666666666667,570,351,1.623931623931624,2
0.03114580942384669,0.2882637679576874,0.0,0.0,1,4,0,1,0.2,620,456,1.3596491228070176,2
0.06326219258732932,0.4184620678424835,0.5,0.0,1,2,1,5,0.6,1073,452,2.3738938053097347,2
0.052781692080651595,0.36148783564567566,0.16666666666666666,0.0,1,6,1,11,0.3333333333333333,1144,440,2.6,2
0.06054748150225538,0.42131415009498596,0.0,0.0,0,0,0,0,0.4666666666666667,870,300,2.9,2
0.050207691079255795,0.35433468222618103,0.0,0.0,1,2,0,20,0.4666666666666667,640,476,1.3445378151260505,2
0.06202873329904007,0.30584821105003357,0.0,0.0,0,0,0,1,0.4666666666666667,656,231,2.83982683982684,2
0.0688696000551491,0.469611257314682,0.07142857142857142,0.0,1,14,1,4,0.4,668,520,1.2846153846153847,2
0.05464517716791022,0.3645416796207428,0.0,0.0,0,0,0,1,0.13333333333333333,584,214,2.7289719626168223,2
0.0637755313130153,0.3876575827598572,0.5,0.0,1,2,1,5,0.5333333333333333,608,287,2.1184668989547037,2
0.07184718518561925,0.45501232147216797,0.3333333333333333,0.0,1,18,6,17,0.4,488,326,1.4969325153374233,2
0.07301755445778069,0.3375755548477173,1.0,0.0,1,6,6,11,0.3333333333333333,663,664,0.9984939759036144,2
0.06986220438605609,0.5059964656829834,1.0,0.0,1,1,1,2,0.5333333333333333,608,156,3.8974358974358974,2
0.05555664472476871,0.49640965461730957,0.0,0.0,1,1,0,1,0.3333333333333333,642,79,8.126582278481013,2
0.04258983045566904,0.405503511428833,0.14285714285714285,0.0,1,14,2,9,0.26666666666666666,200,520,0.38461538461538464,2
0.09108244210291737,0.5505861043930054,0.0,0.0,0,0,0,2,0.6666666666666666,1058,277,3.8194945848375452,2
0.06706830995110971,0.44791024923324585,0.0,0.0,1,1,0,0,0.5333333333333333,589,287,2.052264808362369,2
0.07000345325388448,0.388718843460083,1.0,0.0,1,1,1,3,0.6,1797,575,3.1252173913043477,2
0.046740207918407384,0.4566972553730011,0.14285714285714285,0.0,1,7,1,8,0.375,443,139,3.1870503597122304,2
0.03946198687874523,0.3279668986797333,0.0,0.0,1,4,0,0,0.26666666666666666,332,456,0.7280701754385965,2
0.034936947632177875,0.3397075831890106,0.0,0.0,1,6,0,1,0.26666666666666666,1011,440,2.297727272727273,2
0.05634622357595668,0.5233367681503296,0.0,0.0,0,0,0,2,0.3333333333333333,613,277,2.2129963898916967,2
0.06893775838386998,0.3490189015865326,0.6666666666666666,0.0,1,6,4,21,0.26666666666666666,443,555,0.7981981981981981,2
0.05322590737393384,0.4024169445037842,0.6666666666666666,0.0,1,3,2,11,0.3333333333333333,1371,194,7.06701030927835,2
0.03909331089833696,0.3961673676967621,0.0,0.0,0,0,0,19,0.4,997,82,12.158536585365853,2
0.03612631687346293,0.4213022291660309,0.0,0.0,1,15,0,1,0.26666666666666666,521,380,1.3710526315789473,2
0.07092969285339491,0.36366838216781616,0.0625,0.0,1,16,1,1,0.5333333333333333,592,1015,0.5832512315270936,2
0.054698205471042004,0.35275062918663025,0.75,0.0,1,4,3,23,0.2,2043,456,4.480263157894737,2
0.037681899799147496,0.35755956172943115,0.07692307692307693,0.0,1,13,1,9,0.26666666666666666,431,415,1.03855421686747,2
0.045282540848501585,0.36907005310058594,0.0,0.0,0,0,0,1,0.4666666666666667,578,385,1.5012987012987014,2
0.07537360315521809,0.44715258479118347,0.0,0.0,1,1,0,1,0.5333333333333333,679,156,4.352564102564102,2
0.04553356637276619,0.34961938858032227,0.0,0.0,1,13,0,8,0.4,837,415,2.016867469879518,2
0.03227623577922554,0.3775880038738251,0.0,0.0,0,0,0,1,0.4666666666666667,1657,465,3.563440860215054,2
0.06743794209136707,0.34078001976013184,0.3333333333333333,0.0,1,6,2,11,0.4,1321,664,1.9894578313253013,2
0.08982741861503592,0.5494664907455444,0.0,0.0,0,0,0,2,0.4666666666666667,1695,277,6.11913357400722,2
0.06948302509113687,0.37393492460250854,0.38461538461538464,0.0,1,13,5,17,0.5333333333333333,707,491,1.439918533604888,2
0.022163124833615034,0.33396488428115845,0.0,0.0,1,1,0,13,0.3333333333333333,276,41,6.7317073170731705,2
0.06303023279320744,0.3691079020500183,0.4,0.0,1,5,2,15,0.4666666666666667,1855,578,3.209342560553633,2
0.05701097059989858,0.36132922768592834,0.0,0.0,0,0,0,0,0.6,755,231,3.2683982683982684,2
0.0906133722098116,0.471181184053421,0.6,0.0,1,15,9,17,0.5333333333333333,488,380,1.2842105263157895,2
0.04994847376363145,0.3851979374885559,1.0,0.0,1,3,3,11,0.2222222222222222,612,194,3.154639175257732,2
0.046537112647649,0.3685326874256134,0.5,0.0,1,4,2,20,0.4,619,478,1.294979079497908,2
0.05975052126657748,0.5224197506904602,0.75,0.0,1,4,3,9,0.5,295,96,3.0729166666666665,2
0.0268865901811305,0.36874333024024963,1.0,0.0,1,1,1,1,0.3333333333333333,576,79,7.291139240506329,2
0.03963012815415547,0.41061627864837646,0.0,0.0,1,1,0,18,0.26666666666666666,535,428,1.25,2
0.05114167909094945,0.32338979840278625,0.13333333333333333,0.0,1,15,2,7,0.3333333333333333,194,380,0.5105263157894737,2
0.07959895394021842,0.45305657386779785,0.5,0.0,1,2,1,13,0.6,899,452,1.988938053097345,2
0.023806858448329825,0.2858946919441223,0.0,0.0,1,4,0,2,0.2,309,456,0.6776315789473685,2
0.051793028836517,0.44687801599502563,0.16666666666666666,0.0,1,6,1,14,0.5454545454545454,680,226,3.0088495575221237,2
0.016649189411686725,0.3840785622596741,0.0,0.0,1,8,0,1,0.1,606,143,4.2377622377622375,2
0.04216137085117928,0.44335243105888367,0.3333333333333333,0.0,1,3,1,11,0.5384615384615384,524,226,2.3185840707964602,2
0.07437810074161424,0.34842267632484436,0.5,0.0,1,10,5,17,0.6666666666666666,352,297,1.1851851851851851,2
0.02783020001888304,0.3045656681060791,0.0,0.0,0,0,0,1,0.2,726,214,3.392523364485981,2
0.0684816830335184,0.43026432394981384,0.4444444444444444,0.0,1,18,8,20,0.4,662,326,2.0306748466257667,2
